Color Name,Brand,tier,has_color_word,word_count,char_length,avg_word_rarity,has_place_word
All White,Farrow & Ball,Luxury,True,2,9,0.001817,False
Ammonite,Farrow & Ball,Luxury,False,1,8,1.82e-07,False
Arsenic,Farrow & Ball,Luxury,False,1,7,1.7e-06,False
Au Lait,Farrow & Ball,Luxury,False,2,7,5.337e-06,False
Babouche,Farrow & Ball,Luxury,False,1,8,0.0,False
Ball Green,Farrow & Ball,Luxury,True,2,10,0.0001225,False
Bamboozle,Farrow & Ball,Luxury,False,1,9,1.45e-07,False
Bancha,Farrow & Ball,Luxury,False,1,6,0.0,False
Beverly,Farrow & Ball,Luxury,False,1,7,7.41e-06,False
Blackened,Farrow & Ball,Luxury,False,1,9,9.77e-07,False
Blazer,Farrow & Ball,Luxury,False,1,6,1.86e-06,False
Blue Gray,Farrow & Ball,Luxury,True,2,9,8.16e-05,False
Blue Ground,Farrow & Ball,Luxury,True,2,11,0.000138,False
Blue Maize,Farrow & Ball,Luxury,True,2,10,6.8595e-05,False
Bone,Farrow & Ball,Luxury,False,1,4,2.95e-05,False
Borrowed Light,Farrow & Ball,Luxury,False,2,14,0.000111065,False
Brassica,Farrow & Ball,Luxury,False,1,8,1.74e-07,False
Breakfast Room Green,Farrow & Ball,Luxury,True,3,20,0.00014023333333333332,False
Brinjal,Farrow & Ball,Luxury,False,1,7,6.92e-08,False
Broccoli Brown,Farrow & Ball,Luxury,True,2,14,5.258e-05,False
Cabbage White,Farrow & Ball,Luxury,True,2,13,0.000163775,False
Calamine,Farrow & Ball,Luxury,False,1,8,9.12e-08,False
Calke Green,Farrow & Ball,Luxury,True,2,11,6.75e-05,False
Calluna,Farrow & Ball,Luxury,False,1,7,2.82e-08,False
Card Room Green,Farrow & Ball,Luxury,True,3,15,0.00016333333333333334,False
Cardamom,Farrow & Ball,Luxury,False,1,8,5.13e-07,False
Charleston Gray,Farrow & Ball,Luxury,True,2,15,1.7045e-05,True
Charlotte's Locks,Farrow & Ball,Luxury,False,2,17,4.7905e-06,False
Churlish Green,Farrow & Ball,Luxury,True,2,14,6.75775e-05,False
Cinder Rose,Farrow & Ball,Luxury,True,2,11,3.3505999999999994e-05,False
Citron,Farrow & Ball,Luxury,False,1,6,2.82e-07,False
Cook's Blue,Farrow & Ball,Luxury,True,2,11,6.79665e-05,False
Cooking Apple Green,Farrow & Ball,Luxury,True,3,19,7.356666666666666e-05,False
Cord,Farrow & Ball,Luxury,False,1,4,9.55e-06,False
Cornforth White,Farrow & Ball,Luxury,True,2,15,0.00016202340000000002,False
Cromarty,Farrow & Ball,Luxury,False,1,8,1.41e-07,False
Dayroom Yellow,Farrow & Ball,Luxury,True,2,14,2.4513449999999998e-05,False
De Nimes,Farrow & Ball,Luxury,False,2,8,8.504885000000001e-05,False
Dead Salmon,Farrow & Ball,Luxury,True,2,11,8.26e-05,False
Dibber,Farrow & Ball,Luxury,False,1,6,1.82e-08,False
Dimity,Farrow & Ball,Luxury,False,1,6,4.9e-08,False
Dimpse,Farrow & Ball,Luxury,False,1,6,0.0,False
Dix Blue,Farrow & Ball,Luxury,True,2,8,6.8075e-05,False
Dorset Cream,Farrow & Ball,Luxury,True,2,12,2.229e-05,False
Douter,Farrow & Ball,Luxury,False,1,6,0.0,False
Dove Tale,Farrow & Ball,Luxury,False,2,9,1.209e-05,False
Down Pipe,Farrow & Ball,Luxury,False,2,9,0.0003884,False
Drop Cloth,Farrow & Ball,Luxury,False,2,10,5.42e-05,False
Duster,Farrow & Ball,Luxury,False,1,6,6.03e-07,False
Eating Room Red,Farrow & Ball,Luxury,True,3,15,0.00017493333333333332,False
Eddy,Farrow & Ball,Luxury,False,1,4,2.95e-06,False
Elephant's Breath,Farrow & Ball,Luxury,False,2,17,1.67275e-05,False
Etruscan Red,Farrow & Ball,Luxury,True,2,12,0.0001047235,False
Farrow's Cream,Farrow & Ball,Luxury,True,2,14,2.088085e-05,False
French Gray,Farrow & Ball,Luxury,True,2,11,7.560000000000001e-05,True
Great White,Farrow & Ball,Luxury,True,2,11,0.0005415,False
Green Blue,Farrow & Ball,Luxury,True,2,10,0.000135,False
Green Ground,Farrow & Ball,Luxury,True,2,12,0.000138,False
Green Smoke,Farrow & Ball,Luxury,True,2,11,9.09e-05,False
Hague Blue,Farrow & Ball,Luxury,True,2,10,6.9735e-05,True
Hardwick White,Farrow & Ball,Luxury,True,2,14,0.000162416,False
Hay,Farrow & Ball,Luxury,False,1,3,8.13e-06,False
Hog Plum,Farrow & Ball,Luxury,True,2,8,3.635e-06,False
Hopper Head,Farrow & Ball,Luxury,False,2,11,0.00016351,False
House White,Farrow & Ball,Luxury,True,2,11,0.00041850000000000004,False
Incarnadine,Farrow & Ball,Luxury,False,1,11,1.86e-08,False
Inchyra Blue,Farrow & Ball,Luxury,True,2,12,6.75e-05,False
India Yellow,Farrow & Ball,Luxury,True,2,12,7.950000000000001e-05,False
James White,Farrow & Ball,Luxury,True,2,11,0.0002265,False
Jitney,Farrow & Ball,Luxury,False,1,6,8.71e-08,False
Joa's White,Farrow & Ball,Luxury,True,2,11,0.000162,False
Kakelugn,Farrow & Ball,Luxury,False,1,8,0.0,False
Kittiwake,Farrow & Ball,Luxury,False,1,9,4.79e-08,False
Lamp Room Gray,Farrow & Ball,Luxury,True,3,14,9.479999999999999e-05,False
Lichen,Farrow & Ball,Luxury,False,1,6,5.89e-07,False
Light Blue,Farrow & Ball,Luxury,True,2,10,0.0001745,False
Light Gray,Farrow & Ball,Luxury,True,2,10,0.0001211,False
Lime White,Farrow & Ball,Luxury,True,2,10,0.00016562,False
Liquorice,Farrow & Ball,Luxury,False,1,9,3.02e-07,False
Lobster,Farrow & Ball,Luxury,False,1,7,4.47e-06,False
London Clay,Farrow & Ball,Luxury,False,2,11,0.00010275,True
London Stone,Farrow & Ball,Luxury,False,2,12,0.00012455,True
Lulworth Blue,Farrow & Ball,Luxury,True,2,13,6.752685e-05,False
Mahogany,Farrow & Ball,Luxury,False,1,8,1.95e-06,False
Manor House Gray,Farrow & Ball,Luxury,True,3,16,0.00018255333333333336,False
Marmelo,Farrow & Ball,Luxury,False,1,7,0.0,False
Matchstick,Farrow & Ball,Luxury,False,1,10,1.55e-07,False
Middleton Pink,Farrow & Ball,Luxury,True,2,14,1.8205e-05,False
Mizzle,Farrow & Ball,Luxury,False,1,6,1.66e-08,False
Mole's Breath,Farrow & Ball,Luxury,False,2,13,1.6578749999999998e-05,False
Mouse's Back,Farrow & Ball,Luxury,False,2,12,0.0005500955000000001,False
Nancy's Blushes,Farrow & Ball,Luxury,False,2,15,5.465e-07,False
Naperon,Farrow & Ball,Luxury,False,1,7,0.0,False
New White,Farrow & Ball,Luxury,True,2,9,0.001052,False
Off-Black,Farrow & Ball,Luxury,True,1,9,0.000215,False
Off-White,Farrow & Ball,Luxury,True,1,9,0.000234,False
Old White,Farrow & Ball,Luxury,True,2,9,0.00044300000000000003,False
Oval Room Blue,Farrow & Ball,Luxury,True,3,14,0.00012985,False
Oxford Stone,Farrow & Ball,Luxury,False,2,12,4.355e-05,False
Paean Black,Farrow & Ball,Luxury,True,2,11,0.0001441285,False
Pale Hound,Farrow & Ball,Luxury,False,2,10,7.345e-06,False
Pale Powder,Farrow & Ball,Luxury,False,2,11,1.49e-05,False
Parma Gray,Farrow & Ball,Luxury,True,2,10,1.461e-05,False
Pavilion Blue,Farrow & Ball,Luxury,True,2,13,6.9585e-05,False
Pavilion Gray,Farrow & Ball,Luxury,True,2,13,1.6185000000000002e-05,False
Pea Flower Tea,Farrow & Ball,Luxury,False,3,14,2.7823333333333332e-05,False
Peignoir,Farrow & Ball,Luxury,False,1,8,2.88e-08,False
Pelt,Farrow & Ball,Luxury,False,1,4,7.76e-07,False
Picture Gallery Red,Farrow & Ball,Luxury,True,3,19,0.00012496666666666668,False
Pigeon,Farrow & Ball,Luxury,False,1,6,4.07e-06,False
Pink Ground,Farrow & Ball,Luxury,True,2,11,8.705e-05,False
Pitch Black,Farrow & Ball,Luxury,True,2,11,0.00015745,False
Pitch Blue,Farrow & Ball,Luxury,True,2,10,8.095e-05,False
Plummett,Farrow & Ball,Luxury,False,1,8,0.0,False
Pointing,Farrow & Ball,Luxury,False,1,8,1.58e-05,False
Preference Red,Farrow & Ball,Luxury,True,2,14,0.00011095,False
Purbeck Stone,Farrow & Ball,Luxury,False,2,13,3.159665e-05,False
Radicchio,Farrow & Ball,Luxury,False,1,9,7.08e-08,False
Railings,Farrow & Ball,Luxury,False,1,8,1e-06,False
Rangwali,Farrow & Ball,Luxury,False,1,8,0.0,False
Raw Tomatillo,Farrow & Ball,Luxury,False,2,13,1.6972849999999998e-05,False
Rectory Red,Farrow & Ball,Luxury,True,2,11,0.0001048795,False
Red Earth,Farrow & Ball,Luxury,True,2,9,0.000162,False
Reduced Green,Farrow & Ball,Luxury,True,2,13,8.935e-05,False
Roasted Macadamia,Farrow & Ball,Luxury,False,2,17,2.8545e-06,False
Romesco,Farrow & Ball,Luxury,False,1,7,2.69e-08,False
Salon Drab,Farrow & Ball,Luxury,False,2,10,4.215e-06,False
Sap Green,Farrow & Ball,Luxury,True,2,9,6.949e-05,False
Sardine,Farrow & Ball,Luxury,False,1,7,4.57e-07,False
Savage Ground,Farrow & Ball,Luxury,False,2,13,7.61e-05,False
Scallop,Farrow & Ball,Luxury,False,1,7,5.62e-07,False
School House White,Farrow & Ball,Luxury,True,3,18,0.00045000000000000004,False
Selvedge,Farrow & Ball,Luxury,False,1,8,7.41e-08,False
Setting Plaster,Farrow & Ball,Luxury,False,2,15,3.1145e-05,False
Shaded White,Farrow & Ball,Luxury,True,2,12,0.00016293000000000001,False
Shadow White,Farrow & Ball,Luxury,True,2,12,0.00017575000000000002,False
Shallot,Farrow & Ball,Luxury,False,1,7,2.29e-07,False
Sizing,Farrow & Ball,Luxury,False,1,6,1.58e-06,False
Skimming Stone,Farrow & Ball,Luxury,False,2,14,3.206e-05,False
Skylight,Farrow & Ball,Luxury,False,1,8,6.92e-07,False
Slipper Satin,Farrow & Ball,Luxury,False,2,13,1.8249999999999999e-06,False
St Giles Blue,Farrow & Ball,Luxury,True,3,13,9.893333333333333e-05,False
Stiffkey Blue,Farrow & Ball,Luxury,True,2,13,6.750535e-05,False
Stirabout,Farrow & Ball,Luxury,False,1,9,0.0,False
Stone Blue,Farrow & Ball,Luxury,True,2,10,9.905e-05,False
Stony Ground,Farrow & Ball,Luxury,False,2,12,7.15e-05,False
String,Farrow & Ball,Luxury,False,1,6,2.51e-05,False
Strong White,Farrow & Ball,Luxury,True,2,12,0.000245,False
Studio Green,Farrow & Ball,Luxury,True,2,12,9.035e-05,False
Sudbury Yellow,Farrow & Ball,Luxury,True,2,14,2.4854e-05,False
Sulking Room Pink,Farrow & Ball,Luxury,True,3,17,9.282666666666666e-05,False
Tailor Tack,Farrow & Ball,Luxury,False,2,11,3.205e-06,False
Tallow,Farrow & Ball,Luxury,False,1,6,2.69e-07,False
Tanner's Brown,Farrow & Ball,Luxury,True,2,14,5.10675e-05,False
Templeton Pink,Farrow & Ball,Luxury,True,2,14,1.7049999999999998e-05,False
Teresa's Green,Farrow & Ball,Luxury,True,2,14,6.76315e-05,False
Treron,Farrow & Ball,Luxury,False,1,6,0.0,False
Vardo,Farrow & Ball,Luxury,False,1,5,1.51e-08,False
Vert de Terre,Farrow & Ball,Luxury,False,3,13,5.738233333333334e-05,False
Wevet,Farrow & Ball,Luxury,False,1,5,0.0,False
Whirlybird,Farrow & Ball,Luxury,False,1,10,1.15e-08,False
White Tie,Farrow & Ball,Luxury,True,2,9,0.0001782,False
Wimborne White,Farrow & Ball,Luxury,True,2,14,0.00016204775,False
Wine Dark,Farrow & Ball,Luxury,False,2,9,8.25e-05,False
Worsted,Farrow & Ball,Luxury,False,1,7,2.63e-07,False
Yeabridge Green,Farrow & Ball,Luxury,True,2,15,6.75e-05,False
Yellow Ground,Farrow & Ball,Luxury,True,2,13,9.5e-05,False
Air force blue,Little Greene,Luxury,True,3,14,0.00017966666666666665,False
Basalt,Little Greene,Luxury,False,1,6,1.05e-06,False
Blue verditer,Little Greene,Luxury,True,2,13,6.75e-05,False
Bone china blue,Little Greene,Luxury,True,3,15,9.683333333333333e-05,True
Brighton,Little Greene,Luxury,False,1,8,7.08e-06,False
Canton,Little Greene,Luxury,False,1,6,3.55e-06,False
Clockwise,Little Greene,Luxury,False,1,9,1.58e-06,False
Deep space blue,Little Greene,Luxury,True,3,15,0.000139,False
Delicate blue,Little Greene,Luxury,True,2,13,7.26e-05,False
Dock blue,Little Greene,Luxury,True,2,9,7.2385e-05,False
Echo,Little Greene,Luxury,False,1,4,1.1e-05,False
Gentle sky,Little Greene,Luxury,False,2,10,3.3650000000000005e-05,False
James,Little Greene,Luxury,False,1,5,0.000129,False
Mambo,Little Greene,Luxury,False,1,5,6.03e-07,False
Marine blue,Little Greene,Luxury,True,2,11,8.444999999999999e-05,False
Mazarine,Little Greene,Luxury,False,1,8,3.47e-08,False
Palatine,Little Greene,Luxury,False,1,8,6.17e-07,False
Pale lupin,Little Greene,Luxury,False,2,10,6.362e-06,False
Pleat,Little Greene,Luxury,False,1,5,1.55e-07,False
Polar blue,Little Greene,Luxury,True,2,10,7.206e-05,False
Purpleheart,Little Greene,Luxury,False,1,11,1.91e-08,False
Royal navy,Little Greene,Luxury,True,2,10,5.4e-05,False
Sky blue,Little Greene,Luxury,True,2,8,9.375e-05,False
Smalt,Little Greene,Luxury,False,1,5,0.0,False
Thai sapphire,Little Greene,Luxury,False,2,13,8.775e-06,False
Tivoli,Little Greene,Luxury,False,1,6,4.68e-07,False
Turquoise blue,Little Greene,Luxury,True,2,14,6.857e-05,False
Wedgwood blue,Little Greene,Luxury,True,2,13,6.77235e-05,False
Weekend,Little Greene,Luxury,False,1,7,8.51e-05,False
Woad,Little Greene,Luxury,False,1,4,7.41e-08,False
Lamp Black,Little Greene,Luxury,True,2,10,0.0001496,False
Acre,Little Greene,Luxury,False,1,4,8.51e-06,False
Aged ivory,Little Greene,Luxury,True,2,10,1.934e-05,False
Apple,Little Greene,Luxury,False,1,5,5.75e-05,False
Boxington,Little Greene,Luxury,False,1,9,0.0,False
Carys,Little Greene,Luxury,False,1,5,8.13e-08,False
Chamois,Little Greene,Luxury,False,1,7,2.95e-07,False
Citrine,Little Greene,Luxury,False,1,7,2.09e-07,False
Daffodil,Little Greene,Luxury,False,1,8,3.63e-07,False
Invisible green,Little Greene,Luxury,True,2,15,7.365e-05,False
Lemon tree,Little Greene,Luxury,False,2,10,4.17e-05,False
Light buff,Little Greene,Luxury,False,2,10,0.000108945,False
Light gold,Little Greene,Luxury,True,2,10,0.000181,False
Marigold,Little Greene,Luxury,False,1,8,5.62e-07,False
Mister David,Little Greene,Luxury,False,2,12,6.9315e-05,False
Mortlake yellow,Little Greene,Luxury,True,2,15,2.4545599999999998e-05,False
Oak apple,Little Greene,Luxury,False,2,9,3.63e-05,False
Pale lime,Little Greene,Luxury,False,2,9,9.62e-06,False
Serpentine,Little Greene,Luxury,False,1,10,1.15e-06,False
Stock dark,Little Greene,Luxury,False,2,10,9.755e-05,False
Stone-mid-cool,Little Greene,Luxury,False,1,14,2.63e-05,False
Stone-mid-warm,Little Greene,Luxury,False,1,14,1.98e-05,False
Stone-pale-cool,Little Greene,Luxury,False,1,15,9.42e-06,False
Straw colour,Little Greene,Luxury,False,2,12,2.0335e-05,False
Sunlight,Little Greene,Luxury,False,1,8,7.24e-06,False
Toad,Little Greene,Luxury,False,1,4,2.19e-06,False
Travertine - mid,Little Greene,Luxury,False,3,16,2.2102999999999998e-05,False
Travertine,Little Greene,Luxury,False,1,10,2.09e-07,False
Trumpet,Little Greene,Luxury,False,1,7,3.8e-06,False
White lead dark,Little Greene,Luxury,True,3,15,0.00019733333333333332,False
Woodbine,Little Greene,Luxury,False,1,8,4.07e-07,False
Yellow-pink,Little Greene,Luxury,True,1,11,1.98e-05,False
Middle buff,Little Greene,Luxury,False,2,11,7.7445e-05,False
Terra di Sienna,Little Greene,Luxury,True,3,15,8.360999999999998e-06,False
Tuscany,Little Greene,Luxury,False,1,7,1.41e-06,True
Adventurer,Little Greene,Luxury,False,1,10,1.51e-06,False
Angie,Little Greene,Luxury,False,1,5,2.24e-06,False
Ashes of roses,Little Greene,Luxury,False,3,14,0.008372903333333334,False
Atomic red,Little Greene,Luxury,True,2,10,0.000109275,False
Blush,Little Greene,Luxury,False,1,5,3.63e-06,False
Cape red,Little Greene,Luxury,True,2,8,0.0001145,False
Carmine,Little Greene,Luxury,False,1,7,9.55e-07,False
Chemise,Little Greene,Luxury,False,1,7,1.48e-07,False
Confetti,Little Greene,Luxury,False,1,8,1.07e-06,False
Dorchester pink - pale,Little Greene,Luxury,True,4,22,1.15625e-05,False
Dorchster pink - mid,Little Greene,Luxury,True,4,20,2.48e-05,False
Drummond,Little Greene,Luxury,False,1,8,1.66e-06,False
Firefly,Little Greene,Luxury,False,1,7,1.35e-06,False
Heat,Little Greene,Luxury,False,1,4,7.24e-05,False
Hellebore,Little Greene,Luxury,False,1,9,7.41e-08,False
Leather,Little Greene,Luxury,False,1,7,2.24e-05,False
Light peachblossom,Little Greene,Luxury,False,2,18,0.000107,False
Mischief,Little Greene,Luxury,False,1,8,2.29e-06,False
Orange aurora,Little Greene,Luxury,True,2,13,2.3534999999999997e-05,False
Pink slip,Little Greene,Luxury,True,2,9,2.6099999999999997e-05,False
Secret shell,Little Greene,Luxury,False,2,12,5.385e-05,False
Tuscana red,Little Greene,Luxury,True,2,11,0.0001045,False
Arras,Little Greene,Luxury,False,1,5,3.55e-07,False
Baked cherry,Little Greene,Luxury,False,2,12,1.171e-05,False
Bronze red,Little Greene,Luxury,True,2,10,0.00011240000000000001,False
Chinmey brick,Little Greene,Luxury,False,2,13,8.9e-06,False
Chocolate colour,Little Greene,Luxury,False,2,16,3.09e-05,False
Cordoba,Little Greene,Luxury,False,1,7,6.03e-07,False
Elysian ground,Little Greene,Luxury,False,2,14,7.064400000000001e-05,False
Felt,Little Greene,Luxury,False,1,4,0.000135,False
Furrow,Little Greene,Luxury,False,1,6,3.72e-07,False
Light bronze green,Little Greene,Luxury,True,3,18,0.00012159999999999999,False
Purple brown,Little Greene,Luxury,True,2,12,6.145e-05,False
Scullery,Little Greene,Luxury,False,1,8,1.51e-07,False
Spanish brown,Little Greene,Luxury,True,2,13,7.785e-05,True
Theatre red,Little Greene,Luxury,True,2,11,0.00012105,False
Aquamarine - deep,Little Greene,Luxury,False,3,17,3.744133333333334e-05,False
Aquamarine - pale,Little Greene,Luxury,False,3,17,4.108e-06,False
Book room green,Little Greene,Luxury,True,3,15,0.00021633333333333332,False
Dark Brunswick green,Little Greene,Luxury,True,3,20,8.302333333333333e-05,False
Eau de Nil,Little Greene,Luxury,False,3,10,5.7850000000000003e-05,False
Garden,Little Greene,Luxury,False,1,6,5.89e-05,False
Green verditer,Little Greene,Luxury,True,2,14,6.75e-05,False
Kitchen green,Little Greene,Luxury,True,2,13,8.985e-05,False
Loft white,Little Greene,Luxury,True,2,10,0.00016362,False
Mid bronze green,Little Greene,Luxury,True,3,16,7.23e-05,False
Normandy grey,Little Greene,Luxury,True,2,13,1.661e-05,False
Olive colour,Little Greene,Luxury,True,2,12,2.16e-05,False
Olive oil,Little Greene,Luxury,True,2,9,6.915e-05,False
Pea green,Little Greene,Luxury,True,2,9,6.9235e-05,False
Phthalo greene,Little Greene,Luxury,False,2,14,2.875e-06,False
Sage green,Little Greene,Luxury,True,2,10,7.088e-05,False
Bone china blue mid,Little Greene,Luxury,True,4,19,8.915e-05,True
Bone china blue pale,Little Greene,Luxury,True,4,20,7.5625e-05,True
Gauze,Little Greene,Luxury,False,1,5,7.76e-07,False
Gauze mid,Little Greene,Luxury,False,2,9,3.3437999999999994e-05,False
Linen wash,Little Greene,Luxury,False,2,10,1.6435e-05,False
Mirror,Little Greene,Luxury,False,1,6,2.95e-05,False
Pearl colour,Little Greene,Luxury,False,2,12,2.235e-05,False
Pearl colour mid,Little Greene,Luxury,False,3,16,3.6933333333333334e-05,False
Pearl colour pale,Little Greene,Luxury,False,3,17,1.89e-05,False
Shallows,Little Greene,Luxury,False,1,8,4.37e-07,False
Slaked Lime,Little Greene,Luxury,False,2,11,3.65015e-06,False
Welcome,Little Greene,Luxury,False,1,7,9.77e-05,False
Whisper,Little Greene,Luxury,False,1,7,5.5e-06,False
Wood ash,Little Greene,Luxury,False,2,8,3.74e-05,False
Aquamarine - light,Little Greene,Luxury,False,3,18,7.144133333333333e-05,False
Aquamarine - mid,Little Greene,Luxury,False,3,16,2.2141333333333334e-05,False
Aquamarine,Little Greene,Luxury,False,1,10,3.24e-07,False
Arquerite,Little Greene,Luxury,False,1,9,0.0,False
Attic II,Little Greene,Luxury,False,2,8,5.4635e-05,False
Baluster,Little Greene,Luxury,False,1,8,4.37e-08,False
Black jack,Little Greene,Luxury,True,2,10,0.00017705,False
Bone china blue deep,Little Greene,Luxury,True,4,20,0.00010062499999999999,True
Celestial blue,Little Greene,Luxury,True,2,14,6.9195e-05,False
Dark lead colour,Little Greene,Luxury,False,3,16,9.963333333333333e-05,False
Dash of soot,Little Greene,Luxury,False,3,12,0.00837035,False
Dolphin,Little Greene,Luxury,False,1,7,4.68e-06,False
Dorchester pink - deep,Little Greene,Luxury,True,4,22,3.65625e-05,False
Dorchester pink,Little Greene,Luxury,True,2,15,1.7125e-05,False
Drizzle,Little Greene,Luxury,False,1,7,1.41e-06,False
Fescue,Little Greene,Luxury,False,1,6,1.48e-07,False
Gauze dark,Little Greene,Luxury,False,2,10,5.5388e-05,False
Gauze deep,Little Greene,Luxury,False,2,10,5.6387999999999996e-05,False
Green stone - light,Little Greene,Luxury,True,4,19,0.000103025,False
Green stone - pale,Little Greene,Luxury,True,4,18,5.2525e-05,False
Green stone,Little Greene,Luxury,True,2,11,9.905e-05,False
Grey moss,Little Greene,Luxury,True,2,9,1.8979999999999998e-05,False
Grey teal,Little Greene,Luxury,True,2,9,1.599e-05,False
Hortense,Little Greene,Luxury,False,1,8,3.16e-07,False
Inox,Little Greene,Luxury,False,1,4,6.31e-08,False
Juniper ash,Little Greene,Luxury,False,2,11,7.955000000000001e-06,False
Knightsbridge,Little Greene,Luxury,False,1,13,3.31e-07,False
Lead colour,Little Greene,Luxury,False,2,11,9.444999999999999e-05,False
Livid,Little Greene,Luxury,False,1,5,9.77e-07,False
Mid lead colour,Little Greene,Luxury,False,3,15,8.499999999999999e-05,False
Milk thistle,Little Greene,Luxury,False,2,12,2.372e-05,False
Mirage II,Little Greene,Luxury,False,2,9,5.3475e-05,False
Mono,Little Greene,Luxury,False,1,4,3.39e-06,False
North brink grey,Little Greene,Luxury,True,3,16,8.414666666666666e-05,False
Obsidian,Little Greene,Luxury,False,1,8,8.91e-07,False
Pearl colour dark,Little Greene,Luxury,False,3,17,5.156666666666666e-05,False
Perennial grey,Little Greene,Luxury,True,2,14,1.672e-05,False
Pompeian ash,Little Greene,Luxury,False,2,12,7.28155e-06,False
Portland stone - light,Little Greene,Luxury,False,4,22,7.305e-05,False
Portland stone dark,Little Greene,Luxury,False,3,19,6.273333333333333e-05,False
Portland stone deep,Little Greene,Luxury,False,3,19,6.34e-05,False
Portland stone,Little Greene,Luxury,False,2,14,3.91e-05,False
Putti,Little Greene,Luxury,False,1,5,7.94e-08,False
Rolling fog dark,Little Greene,Luxury,False,3,16,4.914666666666667e-05,False
Rolling fog,Little Greene,Luxury,False,2,11,1.872e-05,False
Rolling fog mid,Little Greene,Luxury,False,3,15,3.451333333333333e-05,False
Rolling fog pale,Little Greene,Luxury,False,3,16,1.648e-05,False
Rubine ashes,Little Greene,Luxury,False,2,12,4.255e-06,False
Salix,Little Greene,Luxury,False,1,5,2.19e-07,False
Scree,Little Greene,Luxury,False,1,5,2.04e-07,False
Stone-dark-cool,Little Greene,Luxury,False,1,15,3.12e-05,False
Stone-dark-warm,Little Greene,Luxury,False,1,15,2.25e-05,False
Urgane grey,Little Greene,Luxury,True,2,11,1.51e-05,False
Welcome dark,Little Greene,Luxury,False,2,12,0.00010385,False
Welcome deep,Little Greene,Luxury,False,2,12,0.00010485,False
50s magnolia,Little Greene,Luxury,False,2,12,1.0735e-06,False
Acorn,Little Greene,Luxury,False,1,5,1.2e-06,False
Bath stone,Little Greene,Luxury,False,2,10,4.53e-05,False
Batsman,Little Greene,Luxury,False,1,7,2.51e-06,False
Beauvais lilac,Little Greene,Luxury,True,2,14,7.225e-07,False
Button,Little Greene,Luxury,False,1,6,3.63e-05,False
Castell Pink,Little Greene,Luxury,True,2,12,1.6669999999999998e-05,False
Ceviche,Little Greene,Luxury,False,1,7,2.88e-07,False
China clay dark,Little Greene,Luxury,False,3,15,8.516666666666666e-05,True
China clay deep,Little Greene,Luxury,False,3,15,8.583333333333334e-05,True
China clay,Little Greene,Luxury,False,2,10,7.275e-05,True
China clay mid,Little Greene,Luxury,False,3,14,7.053333333333333e-05,True
Clay deep,Little Greene,Luxury,False,2,9,6.575e-05,False
Clay,Little Greene,Luxury,False,1,4,1.95e-05,False
Clay mid,Little Greene,Luxury,False,2,8,4.28e-05,False
Clay pale,Little Greene,Luxury,False,2,9,1.575e-05,False
Clockface,Little Greene,Luxury,False,1,9,0.0,False
Cool arbour,Little Greene,Luxury,False,2,11,7.058900000000001e-05,False
Cream colour,Little Greene,Luxury,True,2,12,3.63e-05,False
Creamerie,Little Greene,Luxury,False,1,9,0.0,False
Custard,Little Greene,Luxury,False,1,7,1.48e-06,False
Dawn,Little Greene,Luxury,False,1,4,1.86e-05,False
Ferdinand,Little Greene,Luxury,False,1,9,3.39e-06,False
First light,Little Greene,Luxury,False,2,11,0.000752,False
Flint,Little Greene,Luxury,False,1,5,5.89e-06,False
French grey dark,Little Greene,Luxury,True,3,16,8.773333333333333e-05,True
French grey,Little Greene,Luxury,True,2,11,7.66e-05,True
French grey mid,Little Greene,Luxury,True,3,15,7.31e-05,True
French grey pale,Little Greene,Luxury,True,3,16,5.5066666666666666e-05,True
French stone,Little Greene,Luxury,False,2,12,9.305000000000001e-05,True
Hammock,Little Greene,Luxury,False,1,7,1.38e-06,False
Hollyhock,Little Greene,Luxury,False,1,9,7.94e-08,False
Indian sand,Little Greene,Luxury,False,2,11,5.44e-05,True
Inner shell II,Little Greene,Luxury,False,3,14,5.3700000000000004e-05,False
Ivory,Little Greene,Luxury,True,1,5,7.08e-06,False
Joanna,Little Greene,Luxury,False,1,6,3.31e-06,False
Lead white,Little Greene,Luxury,True,2,10,0.000241,False
Light Beauvais,Little Greene,Luxury,False,2,14,0.0001070775,False
Limestone,Little Greene,Luxury,False,1,9,5.62e-06,False
Linnet,Little Greene,Luxury,False,1,6,1.32e-07,False
Lute,Little Greene,Luxury,False,1,4,7.41e-07,False
Mortar,Little Greene,Luxury,False,1,6,5.62e-06,False
Mushroom,Little Greene,Luxury,False,1,8,4.27e-06,False
Nether red,Little Greene,Luxury,True,2,10,0.00010489700000000001,False
Old paper II,Little Greene,Luxury,False,3,12,0.0002613333333333333,False
Orangerie,Little Greene,Luxury,False,1,9,3.63e-08,False
Pitcairn,Little Greene,Luxury,False,1,8,2.24e-07,False
Portland stone pale,Little Greene,Luxury,False,3,19,3.0066666666666665e-05,False
Regency fawn,Little Greene,Luxury,False,2,12,1.415e-06,False
Roman plaster,Little Greene,Luxury,False,2,13,1.7495e-05,True
Rusling,Little Greene,Luxury,False,1,7,0.0,False
Shirting,Little Greene,Luxury,False,1,8,5.13e-08,False
Shrimp pink,Little Greene,Luxury,True,2,11,1.9634999999999998e-05,False
Silt,Little Greene,Luxury,False,1,4,9.12e-07,False
Slaked lime dark,Little Greene,Luxury,False,3,16,3.91001e-05,False
Slaked lime deep,Little Greene,Luxury,False,3,16,3.976676666666667e-05,False
Slaked lime,Little Greene,Luxury,False,2,11,3.65015e-06,False
Slaked lime mid,Little Greene,Luxury,False,3,15,2.4466766666666664e-05,False
Stargazer,Little Greene,Luxury,False,1,9,1.91e-07,False
Stock deep,Little Greene,Luxury,False,2,10,9.855e-05,False
Stock,Little Greene,Luxury,False,1,5,8.51e-05,False
Stock mid,Little Greene,Luxury,False,2,9,7.56e-05,False
Stone-pale-warm,Little Greene,Luxury,False,1,15,8.44e-06,False
Tracery II,Little Greene,Luxury,False,2,10,5.2591000000000005e-05,False
Travertine - light,Little Greene,Luxury,False,3,18,7.140300000000001e-05,False
True taupe,Little Greene,Luxury,True,2,10,0.00012567349999999998,False
Tusk,Little Greene,Luxury,False,1,4,8.91e-07,False
Welcome pale,Little Greene,Luxury,False,2,12,5.4850000000000005e-05,False
White lead deep,Little Greene,Luxury,True,3,15,0.00019800000000000002,False
White lead,Little Greene,Luxury,True,2,10,0.000241,False
White lead mid,Little Greene,Luxury,True,3,14,0.00018270000000000002,False
Whitening,Little Greene,Luxury,False,1,9,7.94e-07,False
Barely Pink,Behr,Mass-Market,True,2,11,3.2e-05,False
Be Mine,Behr,Mass-Market,False,2,7,0.00314,False
Scented Valentine,Behr,Mass-Market,False,2,17,3.945e-06,False
Pink Chintz,Behr,Mass-Market,True,2,11,1.66025e-05,False
Springtime Bloom,Behr,Mass-Market,False,2,16,4.815e-06,False
Fuchsia Kiss,Behr,Mass-Market,False,2,12,1.9245e-05,False
Hot Pink,Behr,Mass-Market,True,2,8,8.905e-05,False
Cupid Arrow,Behr,Mass-Market,False,2,11,7.54e-06,False
Cool Pink,Behr,Mass-Market,True,2,9,8.705e-05,False
Birthday Candle,Behr,Mass-Market,False,2,15,3.2545e-05,False
Degas Pink,Behr,Mass-Market,True,2,10,1.6794999999999998e-05,False
Berries And Cream,Behr,Mass-Market,True,3,17,0.008581806666666667,False
Rose Garland,Behr,Mass-Market,True,2,12,3.449e-05,False
Maroon,Behr,Mass-Market,True,1,6,2.24e-06,False
Coquette,Behr,Mass-Market,False,1,8,1.45e-07,False
Mauve Mist,Behr,Mass-Market,True,2,10,2.5965e-06,False
Pastel Violet,Behr,Mass-Market,True,2,13,4.35e-06,False
Dark Lilac,Behr,Mass-Market,True,2,10,5.5645e-05,False
Gypsy Magic,Behr,Mass-Market,False,2,11,3.0525e-05,False
Plum Shade,Behr,Mass-Market,True,2,10,9.024999999999999e-06,False
Deep Aubergine,Behr,Mass-Market,False,2,14,5.6128499999999996e-05,False
Ballerina Gown,Behr,Mass-Market,False,2,14,3.44e-06,False
Poetic Princess,Behr,Mass-Market,False,2,15,1.9399999999999997e-05,False
Palace Rose,Behr,Mass-Market,True,2,11,4.7149999999999994e-05,False
Foxy Pink,Behr,Mass-Market,True,2,9,1.7049999999999998e-05,False
Silk Ribbon,Behr,Mass-Market,False,2,11,9.68e-06,False
Cran Brook,Behr,Mass-Market,False,2,10,2.8225e-06,False
Raspberry Pudding,Behr,Mass-Market,False,2,17,3.615e-06,False
Petal Bloom,Behr,Mass-Market,False,2,11,4.805e-06,False
Colonial Rose,Behr,Mass-Market,True,2,13,4.0449999999999994e-05,False
Glamour,Behr,Mass-Market,False,1,7,3.24e-06,False
Rosily,Behr,Mass-Market,False,1,6,1.7e-08,False
Mission Wildflower,Behr,Mass-Market,False,2,18,3.7295e-05,False
Haunting Melody,Behr,Mass-Market,False,2,15,4.885e-06,False
Vin Rouge,Behr,Mass-Market,False,2,9,3.6000000000000003e-06,False
Whimsical White,Behr,Mass-Market,True,2,15,0.00016263,False
Brook Trout,Behr,Mass-Market,False,2,11,5.765e-06,False
Dusky Violet,Behr,Mass-Market,True,2,12,3.798e-06,False
Heirloom Orchid,Behr,Mass-Market,False,2,15,1.4774999999999998e-06,False
Phantom Hue,Behr,Mass-Market,False,2,11,4.56e-06,False
Purplestone,Behr,Mass-Market,False,1,11,0.0,False
Deep Garnet,Behr,Mass-Market,False,2,11,5.674e-05,False
Swiss Coffee,Behr,Mass-Market,False,2,12,4.43e-05,False
Light Chiffon,Behr,Mass-Market,False,2,13,0.0001073085,False
Delicate Rose,Behr,Mass-Market,True,2,13,3.815e-05,False
Lovelight,Behr,Mass-Market,False,1,9,1.74e-08,False
Old Fashioned Pink,Behr,Mass-Market,True,3,18,0.00020127,False
Candy Coated,Behr,Mass-Market,False,2,12,1.22e-05,False
Watermelon Pink,Behr,Mass-Market,True,2,15,1.767e-05,False
Tropical Smoothie,Behr,Mass-Market,False,2,17,8.44e-06,False
April Blush,Behr,Mass-Market,False,2,11,7.9315e-05,False
Pink Punch,Behr,Mass-Market,True,2,10,2.7e-05,False
Rose Marquis,Behr,Mass-Market,True,2,12,3.446e-05,False
Mulberry,Behr,Mass-Market,False,1,8,1.41e-06,False
Glazed Raspberry,Behr,Mass-Market,False,2,16,2.675e-06,False
Cranberry Splash,Behr,Mass-Market,False,2,16,4.28e-06,False
Ruby Red,Behr,Mass-Market,True,2,8,0.000109275,False
Dreamy White,Behr,Mass-Market,True,2,12,0.00016285,False
French Taupe,Behr,Mass-Market,True,2,12,6.16735e-05,True
Subdued Hue,Behr,Mass-Market,False,2,11,2.7150000000000003e-06,False
Blackberry Mocha,Behr,Mass-Market,False,2,16,2.7125000000000003e-06,False
Hickory Stick,Behr,Mass-Market,False,2,13,2.941e-05,False
Japanese Maple,Behr,Mass-Market,False,2,14,3.592e-05,True
Plum Raisin,Behr,Mass-Market,True,2,11,2.285e-06,False
Cottage White,Behr,Mass-Market,True,2,13,0.00016700000000000002,False
Sweet Nothing,Behr,Mass-Market,False,2,13,0.00021815000000000002,False
Fading Rose,Behr,Mass-Market,True,2,11,3.5084999999999994e-05,False
Ballerina Pink,Behr,Mass-Market,True,2,14,1.7179999999999998e-05,False
Primrose Garden,Behr,Mass-Market,False,2,15,2.98565e-05,False
Bridesmaid,Behr,Mass-Market,False,1,10,1.2e-06,False
Dragon Fruit,Behr,Mass-Market,False,2,12,3.1450000000000006e-05,False
Cherry Wine,Behr,Mass-Market,False,2,11,3.505e-05,False
Powdered Blush,Behr,Mass-Market,False,2,14,2.835e-06,False
Cafe Pink,Behr,Mass-Market,True,2,9,2.27e-05,False
Raspberry Lemonade,Behr,Mass-Market,False,2,18,2.9549999999999997e-06,False
Rose Sachet,Behr,Mass-Market,True,2,11,3.3131e-05,False
Rhubarb,Behr,Mass-Market,False,1,7,9.33e-07,False
Sweet Spiceberry,Behr,Mass-Market,False,2,16,4.065e-05,False
Cranapple,Behr,Mass-Market,False,1,9,0.0,False
Glaze White,Behr,Mass-Market,True,2,11,0.000162955,False
Fairview Taupe,Behr,Mass-Market,True,2,14,5.44e-07,False
Rosy Tan,Behr,Mass-Market,True,2,8,6.0550000000000005e-06,False
Fond Memory,Behr,Mass-Market,False,2,11,3.6179999999999996e-05,False
Mushroom Basket,Behr,Mass-Market,False,2,15,7.984999999999999e-06,False
Brazil Nut,Behr,Mass-Market,False,2,10,2.45e-05,False
Semi Sweet,Behr,Mass-Market,False,2,10,5.685e-05,False
Strawberry Yogurt,Behr,Mass-Market,False,2,17,4.76e-06,False
Coy Pink,Behr,Mass-Market,True,2,8,1.7179999999999998e-05,False
Carnation Bloom,Behr,Mass-Market,False,2,15,4.5055e-06,False
Island Coral,Behr,Mass-Market,True,2,12,5.462e-05,False
Flamingo Dream,Behr,Mass-Market,False,2,14,4.1225e-05,False
Italiano Rose,Behr,Mass-Market,True,2,13,3.32585e-05,False
Frosted Pomegranate,Behr,Mass-Market,False,2,19,9.605e-07,False
Southern Beauty,Behr,Mass-Market,False,2,15,6.27e-05,False
My Fair Lady,Behr,Mass-Market,False,3,12,0.0013022666666666668,False
Hibiscus Petal,Behr,Mass-Market,False,2,14,8.375e-07,False
Fresh Pink,Behr,Mass-Market,True,2,10,5.0350000000000004e-05,False
Rose Chintz,Behr,Mass-Market,True,2,11,3.31025e-05,False
Shangri La,Behr,Mass-Market,False,2,10,5.6353999999999996e-05,False
Classic Cherry,Behr,Mass-Market,False,2,14,3.38e-05,False
Patient White,Behr,Mass-Market,True,2,13,0.00019145000000000002,False
Royal Silk,Behr,Mass-Market,False,2,10,4.185e-05,False
Rose Bisque,Behr,Mass-Market,True,2,11,3.3190999999999994e-05,False
Bedford Brown,Behr,Mass-Market,True,2,13,5.299e-05,False
Clay Ridge,Behr,Mass-Market,False,2,10,1.635e-05,False
Book Binder,Behr,Mass-Market,False,2,11,0.000135545,False
Embarcadero,Behr,Mass-Market,False,1,11,1.55e-07,True
Silk Sheets,Behr,Mass-Market,False,2,11,1.3700000000000001e-05,False
Rose Sorbet,Behr,Mass-Market,True,2,11,3.3268499999999995e-05,False
Mixed Fruit,Behr,Mass-Market,False,2,11,4.045e-05,False
Pink Eraser,Behr,Mass-Market,True,2,11,1.69855e-05,False
Cheery,Behr,Mass-Market,False,1,6,1.02e-06,False
Firecracker,Behr,Mass-Market,False,1,11,4.9e-07,False
Poinsettia,Behr,Mass-Market,False,1,10,1.32e-07,False
Musical Mist,Behr,Mass-Market,False,2,12,1.8540000000000002e-05,False
Hawaiian Shell,Behr,Mass-Market,False,2,14,1.4645e-05,False
Arizona Sunrise,Behr,Mass-Market,False,2,15,1.5305e-05,False
Pale Berry,Behr,Mass-Market,False,2,10,1.0665e-05,False
Deep Bloom,Behr,Mass-Market,False,2,10,6.0255e-05,False
Strawberry Rhubarb,Behr,Mass-Market,False,2,18,3.0915e-06,False
Regal Red,Behr,Mass-Market,True,2,9,0.00010559500000000001,False
Delicate Blush,Behr,Mass-Market,False,2,14,6.915000000000001e-06,False
Kashmir Pink,Behr,Mass-Market,True,2,12,1.9359999999999998e-05,False
Calico Rose,Behr,Mass-Market,True,2,11,3.3429499999999996e-05,False
Victorian Mauve,Behr,Mass-Market,True,2,15,6.8565e-06,False
Mulled Wine,Behr,Mass-Market,False,2,11,2.76695e-05,False
Gallery Red,Behr,Mass-Market,True,2,11,0.00011995,False
Burnt Tile,Behr,Mass-Market,False,2,10,7.974999999999999e-06,False
Cream Rose,Behr,Mass-Market,True,2,10,5.3899999999999996e-05,False
Pale Shrimp,Behr,Mass-Market,False,2,11,9.085e-06,False
Pink Hydrangea,Behr,Mass-Market,True,2,14,1.6666999999999998e-05,False
Modestly Peach,Behr,Mass-Market,True,2,14,3.52e-06,False
Candy Mix,Behr,Mass-Market,False,2,9,3.54e-05,False
Coral Expression,Behr,Mass-Market,True,2,16,2.137e-05,False
Daredevil,Behr,Mass-Market,False,1,9,1.95e-06,False
Floral Linen,Behr,Mass-Market,False,2,12,4.98e-06,False
Flush Pink,Behr,Mass-Market,True,2,10,1.9705e-05,False
Rose Silk,Behr,Mass-Market,True,2,9,3.95e-05,False
Strawberry Rose,Behr,Mass-Market,True,2,15,3.5675e-05,False
Lovable,Behr,Mass-Market,False,1,7,1.7e-06,False
Pottery Red,Behr,Mass-Market,True,2,11,0.00010700500000000001,False
Cranberry Whip,Behr,Mass-Market,False,2,14,5.84e-06,False
Milady,Behr,Mass-Market,False,1,6,1.86e-07,False
Pink Water,Behr,Mass-Market,True,2,10,0.00018205,False
Rose Potpourri,Behr,Mass-Market,True,2,14,3.3172499999999995e-05,False
Ponder,Behr,Mass-Market,False,1,6,2.24e-06,False
Rum Spice,Behr,Mass-Market,False,2,9,6.49e-06,False
Boston Brick,Behr,Mass-Market,False,2,12,3.23e-05,True
Burnished Mahogany,Behr,Mass-Market,False,2,18,1.1565e-06,False
Pink Parfait,Behr,Mass-Market,True,2,12,1.6700999999999998e-05,False
Strawberry Mousse,Behr,Mass-Market,False,2,17,3.081e-06,False
Ruffles,Behr,Mass-Market,False,1,7,4.9e-07,False
Cool Melon,Behr,Mass-Market,False,2,10,7.154500000000001e-05,False
Youthful Coral,Behr,Mass-Market,True,2,14,5.52e-06,False
Lipstick,Behr,Mass-Market,False,1,8,4.9e-06,False
Red Tomato,Behr,Mass-Market,True,2,10,0.00010804,False
Berry Cheesecake,Behr,Mass-Market,False,2,16,5.495e-06,False
Creamy Peach,Behr,Mass-Market,True,2,12,4.2900000000000004e-06,False
Coral Bells,Behr,Mass-Market,True,2,11,7.59e-06,False
Peach Tile,Behr,Mass-Market,True,2,10,5.57e-06,False
Mellow Coral,Behr,Mass-Market,True,2,12,4.665e-06,False
Rose Wine,Behr,Mass-Market,True,2,9,6.0549999999999995e-05,False
Farmhouse Red,Behr,Mass-Market,True,2,13,0.000105815,False
Reverie Pink,Behr,Mass-Market,True,2,12,1.67585e-05,False
Blush Beige,Behr,Mass-Market,True,2,11,2.815e-06,False
Bridal Rose,Behr,Mass-Market,True,2,11,3.463e-05,False
Fondue,Behr,Mass-Market,False,1,6,3.89e-07,False
Brick Dust,Behr,Mass-Market,False,2,10,2.175e-05,False
Gentle Doe,Behr,Mass-Market,False,2,10,1.0860000000000001e-05,False
Leather Bound,Behr,Mass-Market,False,2,13,2.56e-05,False
Cloud Pink,Behr,Mass-Market,True,2,10,3.095e-05,False
Romantic Morn,Behr,Mass-Market,False,2,13,1.401e-05,False
Just Blush,Behr,Mass-Market,False,2,10,0.0013468150000000001,False
Fruit Shake,Behr,Mass-Market,False,2,11,2.93e-05,False
Cool Lava,Behr,Mass-Market,False,2,9,7.318500000000001e-05,False
Fiery Red,Behr,Mass-Market,True,2,9,0.00010636,False
Chili Pepper,Behr,Mass-Market,False,2,12,9.585e-06,False
Paris White,Behr,Mass-Market,True,2,11,0.00019505,True
Sandblast,Behr,Mass-Market,False,1,9,4.27e-08,False
Rose Linen,Behr,Mass-Market,True,2,10,3.5084999999999994e-05,False
Coral Serenade,Behr,Mass-Market,True,2,14,4.0555e-06,False
Sahara Sun,Behr,Mass-Market,False,2,10,4.7905e-05,True
Mineral Red,Behr,Mass-Market,True,2,11,0.00010985,False
Roasted Pepper,Behr,Mass-Market,False,2,14,9.585e-06,False
Italian Villa,Behr,Mass-Market,False,2,13,3.075e-05,True
Sugar Berry,Behr,Mass-Market,False,2,11,2.8615e-05,False
Plymouth Notch,Behr,Mass-Market,False,2,14,5.464999999999999e-06,False
Desert Willow,Behr,Mass-Market,False,2,13,1.5e-05,False
Cougar,Behr,Mass-Market,False,1,6,2.4e-06,False
Brown Ridge,Behr,Mass-Market,True,2,11,5.76e-05,False
Warm Brownie,Behr,Mass-Market,False,2,12,2.646e-05,False
Swiss Coffee 1812,Behr,Mass-Market,False,3,17,2.9903333333333332e-05,False
Cottage White 1813,Behr,Mass-Market,True,3,18,0.00011171,False
Navajo White 1822,Behr,Mass-Market,True,3,17,0.00010903333333333335,False
Antique White 1823,Behr,Mass-Market,True,3,18,0.00011086,False
Ultra Pure White 1850,Behr,Mass-Market,True,4,21,9.6715e-05,False
White 1852,Behr,Mass-Market,True,2,10,0.00016312,False
Frost 1857,Behr,Mass-Market,False,2,10,5.685e-06,False
Linen White 1870,Behr,Mass-Market,True,3,16,0.00011039333333333335,False
Off White 1873,Behr,Mass-Market,True,3,14,0.00039276333333333334,False
Polar Bear 1875,Behr,Mass-Market,False,3,15,2.127666666666667e-05,False
Soft Pink,Behr,Mass-Market,True,2,9,4.0499999999999995e-05,False
Coral Mantle,Behr,Mass-Market,True,2,12,5.7050000000000004e-06,False
Salmon Peach,Behr,Mass-Market,True,2,12,8.045e-06,False
Duchess Rose,Behr,Mass-Market,True,2,12,3.5925e-05,False
Juicy Passionfruit,Behr,Mass-Market,False,2,18,2.561e-06,False
Wet Coral,Behr,Mass-Market,True,2,9,2.097e-05,False
Fire Island,Behr,Mass-Market,False,2,11,0.000151,False
Frolic,Behr,Mass-Market,False,1,6,4.79e-07,False
Full Bloom,Behr,Mass-Market,False,2,10,0.00017775499999999998,False
Sweet Nectar,Behr,Mass-Market,False,2,12,4.154e-05,False
Rosy Outlook,Behr,Mass-Market,False,2,12,6.805e-06,False
Peony Pink,Behr,Mass-Market,True,2,10,1.6736e-05,False
Red Jalapeno,Behr,Mass-Market,True,2,12,0.0001046815,False
Briquette,Behr,Mass-Market,False,1,9,8.32e-08,False
Light Rosebeige,Behr,Mass-Market,False,2,15,0.000107,False
Misty Memories,Behr,Mass-Market,False,2,14,1.7025e-05,False
Velveteen Crush,Behr,Mass-Market,False,2,15,7.475500000000001e-06,False
Warm Comfort,Behr,Mass-Market,False,2,12,3.85e-05,False
Brandy,Behr,Mass-Market,False,1,6,3.24e-06,False
Bold Brick,Behr,Mass-Market,False,2,10,1.7999999999999997e-05,False
Mayan Red,Behr,Mass-Market,True,2,9,0.00010514500000000001,False
Peach Cloud,Behr,Mass-Market,True,2,11,1.7345e-05,False
Coral Cream,Behr,Mass-Market,True,2,11,2.4469999999999998e-05,False
Blushing Apricot,Behr,Mass-Market,False,2,16,1.0774999999999998e-06,False
Citrus Hill,Behr,Mass-Market,False,2,11,3.4949999999999996e-05,False
Indian Dance,Behr,Mass-Market,False,2,12,8.319999999999999e-05,True
Mesa Sunrise,Behr,Mass-Market,False,2,12,4.885e-06,False
Fireglow,Behr,Mass-Market,False,1,8,0.0,False
Hush Pink,Behr,Mass-Market,True,2,9,1.8024999999999998e-05,False
Botticelli Angel,Behr,Mass-Market,False,2,16,1.42345e-05,False
Spring Song,Behr,Mass-Market,False,2,11,0.0001326,False
Powdered Petals,Behr,Mass-Market,False,2,15,2.46e-06,False
Guava Jam,Behr,Mass-Market,False,2,9,7.6035e-06,False
Mexican Chile,Behr,Mass-Market,False,2,13,1.86e-05,False
Rodeo Red,Behr,Mass-Market,True,2,9,0.000105975,False
Possibly Pink,Behr,Mass-Market,True,2,13,4.6e-05,False
Salmon Tint,Behr,Mass-Market,True,2,11,5.93e-06,False
Cinnamon Cocoa,Behr,Mass-Market,False,2,14,4.69e-06,False
Foxen,Behr,Mass-Market,False,1,5,1.48e-08,False
Toasted Nutmeg,Behr,Mass-Market,False,2,14,1.46e-06,False
Sequoia Grove,Behr,Mass-Market,False,2,13,4.6854999999999994e-06,False
Wine Barrel,Behr,Mass-Market,False,2,11,3.49e-05,False
Cool Cream,Behr,Mass-Market,True,2,10,9.135e-05,False
Coral Dune,Behr,Mass-Market,True,2,10,4.575e-06,False
Malibu Peach,Behr,Mass-Market,True,2,12,4.2000000000000004e-06,True
Sunset Strip,Behr,Mass-Market,False,2,12,1.695e-05,False
Tangerine Dream,Behr,Mass-Market,False,2,15,4.10855e-05,False
Aurora Orange,Behr,Mass-Market,True,2,13,2.3534999999999997e-05,False
Flame,Behr,Mass-Market,False,1,5,1.17e-05,False
Angel Blush,Behr,Mass-Market,False,2,11,1.5915e-05,False
Demure Pink,Behr,Mass-Market,True,2,11,1.67315e-05,False
Jovial,Behr,Mass-Market,False,1,6,5.5e-07,False
Medium Terracotta,Behr,Mass-Market,False,2,17,2.0688e-05,False
Copperleaf,Behr,Mass-Market,False,1,10,1.05e-08,False
Caribbean Coral,Behr,Mass-Market,True,2,15,1.022e-05,True
Firebrick,Behr,Mass-Market,False,1,9,5.25e-08,False
Bella Pink,Behr,Mass-Market,True,2,10,1.9299999999999998e-05,False
Antique Pearl,Behr,Mass-Market,False,2,13,1.0520000000000001e-05,False
Almond Willow,Behr,Mass-Market,False,2,13,4.145e-06,False
Cinnamon Whip,Behr,Mass-Market,False,2,13,7.605000000000001e-06,False
Artifact,Behr,Mass-Market,False,1,8,2.57e-06,False
Chutney Brown,Behr,Mass-Market,True,2,13,5.1275e-05,False
Brown Thrush,Behr,Mass-Market,True,2,12,5.1338e-05,False
Navajo White,Behr,Mass-Market,True,2,12,0.00016289,False
Powdered Peach,Behr,Mass-Market,True,2,14,3.965e-06,False
Friendship,Behr,Mass-Market,False,1,10,2.45e-05,False
Sweet Apricot,Behr,Mass-Market,False,2,13,4.1127499999999995e-05,False
Orange Grove,Behr,Mass-Market,True,2,12,2.5205e-05,False
Autumn Arrival,Behr,Mass-Market,False,2,14,2.285e-05,False
Harvest Pumpkin,Behr,Mass-Market,False,2,15,8.73e-06,False
Electric Orange,Behr,Mass-Market,True,2,15,4.71e-05,False
White Peach,Behr,Mass-Market,True,2,11,0.000164945,False
Peachtree,Behr,Mass-Market,False,1,9,4.27e-07,False
Antique Cameo,Behr,Mass-Market,False,2,13,5.13e-06,False
Southwest Stone,Behr,Mass-Market,False,2,15,3.785e-05,False
Nectarina,Behr,Mass-Market,False,1,9,0.0,False
Miami Spice,Behr,Mass-Market,False,2,11,1.9105e-05,False
Mojave Sunset,Behr,Mass-Market,False,2,13,6e-06,False
Tantalizing Tan,Behr,Mass-Market,True,2,15,5.3565e-06,False
Shrimp Toast,Behr,Mass-Market,False,2,12,7.645e-06,False
Melted Ice Cream,Behr,Mass-Market,True,3,16,4.924333333333333e-05,False
Sombrero Tan,Behr,Mass-Market,True,2,12,5.286e-06,False
Light Mocha,Behr,Mass-Market,False,2,11,0.0001074775,False
Chocolate Curl,Behr,Mass-Market,False,2,14,1.7105e-05,False
Yorkshire Brown,Behr,Mass-Market,True,2,15,5.65e-05,False
Antique White,Behr,Mass-Market,True,2,13,0.00016562,False
Shell Ginger,Behr,Mass-Market,False,2,12,1.6505e-05,False
Beach Trail,Behr,Mass-Market,False,2,11,5.57e-05,False
Apricot Lily,Behr,Mass-Market,False,2,12,4.9325e-06,False
Desert Sunrise,Behr,Mass-Market,False,2,14,1.5855e-05,False
Indian Paint Brush,Behr,Mass-Market,False,3,18,4.38e-05,True
Orange Burst,Behr,Mass-Market,True,2,12,2.79e-05,False
Kumquat,Behr,Mass-Market,False,1,7,7.24e-08,False
Winthrop Peach,Behr,Mass-Market,True,2,14,3.4950000000000004e-06,False
Shell Coral,Behr,Mass-Market,True,2,11,1.587e-05,False
Pink Beach,Behr,Mass-Market,True,2,10,5.8150000000000004e-05,False
Pecos Spice,Behr,Mass-Market,False,2,11,4.532499999999999e-06,False
Aztec Brick,Behr,Mass-Market,False,2,11,9.53e-06,False
Iced Tea,Behr,Mass-Market,False,2,8,2.829e-05,False
Cinnamon Brandy,Behr,Mass-Market,False,2,15,4.125e-06,False
Early Sunset,Behr,Mass-Market,False,2,12,0.00014,False
Malibu Coast,Behr,Mass-Market,False,2,12,3.8305e-05,True
Canyon Trail,Behr,Mass-Market,False,2,12,1.866e-05,False
Autumn Malt,Behr,Mass-Market,False,2,11,1.0385e-05,False
Suntan Glow,Behr,Mass-Market,False,2,11,4.1605e-06,False
Earth Tone,Behr,Mass-Market,False,2,10,7.295e-05,False
Florence Brown,Behr,Mass-Market,True,2,14,5.556e-05,True
Parfait,Behr,Mass-Market,False,1,7,3.02e-07,False
Sunkissed Peach,Behr,Mass-Market,True,2,15,2.9640000000000003e-06,False
Bright Citrus,Behr,Mass-Market,False,2,13,2.225e-05,False
Marmalade,Behr,Mass-Market,False,1,9,7.76e-07,False
Candied Yam (240b-5),Behr,Mass-Market,False,3,20,5.070333333333334e-07,False
Orange Zest,Behr,Mass-Market,True,2,11,2.1624999999999997e-05,False
Carrot Stick,Behr,Mass-Market,False,2,12,3.0835e-05,False
Pink Blossom,Behr,Mass-Market,True,2,12,1.8635e-05,False
Heavenly Song,Behr,Mass-Market,False,2,13,9.3875e-05,False
Peach Damask,Behr,Mass-Market,True,2,12,3.0995e-06,False
Ceramic Glaze,Behr,Mass-Market,False,2,13,3.705e-06,False
Grounded,Behr,Mass-Market,False,1,8,6.92e-06,False
Chivalry Copper,Behr,Mass-Market,True,2,15,9.9e-06,False
Chestnut Stallion,Behr,Mass-Market,False,2,17,2.31e-06,False
Muffin Mix,Behr,Mass-Market,False,2,10,2.677e-05,False
Peach Bud,Behr,Mass-Market,True,2,9,8.945e-06,False
Coronado Dunes,Behr,Mass-Market,False,2,14,1.4785e-06,False
Tiny Fawn,Behr,Mass-Market,False,2,9,2.1374999999999998e-05,False
Toasted Chestnut,Behr,Mass-Market,False,2,16,2.35e-06,False
Sable Brown,Behr,Mass-Market,True,2,11,5.14885e-05,False
Root Beer,Behr,Mass-Market,False,2,9,3.79e-05,False
Fine White,Behr,Mass-Market,True,2,10,0.00024700000000000004,False
Wistful Beige,Behr,Mass-Market,True,2,13,1.2565e-06,False
Whispering Peach,Behr,Mass-Market,True,2,16,4.23e-06,False
Coral Gold,Behr,Mass-Market,True,2,10,7.761999999999999e-05,False
Orange Spice,Behr,Mass-Market,True,2,12,2.5205e-05,False
Poppy Glow,Behr,Mass-Market,False,2,10,6.01e-06,False
Crushed Orange,Behr,Mass-Market,True,2,14,2.62e-05,False
Bermuda Shell,Behr,Mass-Market,False,2,13,1.3905e-05,False
Sugared Peach,Behr,Mass-Market,True,2,13,3.0405000000000004e-06,False
Fresco Cream,Behr,Mass-Market,True,2,12,2.1465e-05,False
Autumn Mist,Behr,Mass-Market,False,2,11,1.1439999999999999e-05,False
Florida Mango,Behr,Mass-Market,False,2,13,3.0565e-05,False
Maple Leaf,Behr,Mass-Market,False,2,10,1.1920000000000001e-05,False
Caramelized Orange,Behr,Mass-Market,True,2,18,2.1008e-05,False
Eurolinen,Behr,Mass-Market,False,1,9,0.0,False
Pebbled Courtyard,Behr,Mass-Market,False,2,17,2.2875e-06,False
Wild Porcini,Behr,Mass-Market,False,2,12,3.16e-05,False
Stone Brown,Behr,Mass-Market,True,2,11,8.255e-05,False
Fudge Bar,Behr,Mass-Market,False,2,9,4.462e-05,False
Pepper Spice,Behr,Mass-Market,False,2,12,1.1255e-05,False
Melted Chocolate,Behr,Mass-Market,False,2,16,1.8465e-05,False
Feather White,Behr,Mass-Market,True,2,13,0.00016445,False
Derry Coast Sunrise,Behr,Mass-Market,False,3,19,2.7420000000000002e-05,False
Peach Beige,Behr,Mass-Market,True,2,11,3.945e-06,False
Orange Sherbet,Behr,Mass-Market,True,2,14,2.1008e-05,False
Cantaloupe Slice,Behr,Mass-Market,False,2,16,5.1695e-06,False
Blaze Orange,Behr,Mass-Market,True,2,12,2.3299999999999997e-05,False
Bird Of Paradise,Behr,Mass-Market,False,3,16,0.008385733333333334,False
Autumn White,Behr,Mass-Market,True,2,12,0.0001711,False
Salmon Creek,Behr,Mass-Market,True,2,12,1.6800000000000002e-05,False
Fresh Peaches,Behr,Mass-Market,False,2,13,3.5380000000000003e-05,False
Copper River,Behr,Mass-Market,True,2,12,6.28e-05,False
Amber Wave,Behr,Mass-Market,True,2,10,2.5515e-05,False
Chai Spice,Behr,Mass-Market,False,2,10,5.33e-06,False
Copper Mountain,Behr,Mass-Market,True,2,15,3.615e-05,False
Lilting Laughter,Behr,Mass-Market,False,2,16,6.402e-06,False
Clamshell,Behr,Mass-Market,False,1,9,2.09e-07,False
Pueblo Sand,Behr,Mass-Market,False,2,11,1.46e-05,False
Sunset Beige,Behr,Mass-Market,True,2,12,6.5e-06,False
Applesauce Cake,Behr,Mass-Market,False,2,15,1.71635e-05,False
Smokey Topaz,Behr,Mass-Market,False,2,12,1.3005e-06,False
Caramel Latte,Behr,Mass-Market,False,2,13,2.5099999999999997e-06,False
Peach Fade,Behr,Mass-Market,True,2,10,6.565000000000001e-06,False
Orange Ice,Behr,Mass-Market,True,2,10,7.085e-05,False
Luminary,Behr,Mass-Market,False,1,8,2.45e-07,False
Apricot Flower,Behr,Mass-Market,False,2,14,1.36275e-05,False
Melon,Behr,Mass-Market,False,1,5,2.09e-06,False
Autumn Orange,Behr,Mass-Market,True,2,13,2.9949999999999996e-05,False
Bonfire,Behr,Mass-Market,False,1,7,2.14e-06,False
Naive Peach,Behr,Mass-Market,True,2,11,5.755e-06,False
Shrimp Cocktail,Behr,Mass-Market,False,2,15,6.965e-06,False
Coral Confection,Behr,Mass-Market,True,2,16,3.771e-06,False
Brandy Butter,Behr,Mass-Market,False,2,13,1.417e-05,False
Adventure Orange,Behr,Mass-Market,True,2,16,3.5249999999999996e-05,False
Pumpkin Toast,Behr,Mass-Market,False,2,13,7.94e-06,False
Fall Leaves,Behr,Mass-Market,False,2,11,9.835e-05,False
Orange Confection,Behr,Mass-Market,True,2,17,2.1000999999999998e-05,False
Sandpoint,Behr,Mass-Market,False,1,9,8.13e-08,False
Only Natural,Behr,Mass-Market,False,2,12,0.0007245,False
Peanut Butter,Behr,Mass-Market,False,2,13,1.652e-05,False
Wilmington Tan,Behr,Mass-Market,True,2,14,6.445e-06,False
Fudge Truffle,Behr,Mass-Market,False,2,13,1.645e-06,False
English Saddle,Behr,Mass-Market,False,2,14,8.0185e-05,True
Creamy Orange,Behr,Mass-Market,True,2,13,2.2195e-05,False
Applecrunch,Behr,Mass-Market,False,1,11,0.0,False
Delicious Melon,Behr,Mass-Market,False,2,15,1.1995e-05,False
Apricot Light,Behr,Mass-Market,False,2,13,0.0001074775,False
Vintage Orange,Behr,Mass-Market,True,2,14,2.84e-05,False
Amber Glow,Behr,Mass-Market,True,2,10,8.73e-06,False
Status Bronze,Behr,Mass-Market,True,2,13,4.495e-05,False
Champagne Ice,Behr,Mass-Market,False,2,13,5.397e-05,False
Serene Peach,Behr,Mass-Market,True,2,12,3.875e-06,False
Fresh Praline,Behr,Mass-Market,False,2,13,3.3869000000000004e-05,False
Caramel Sundae,Behr,Mass-Market,False,2,14,1.7975e-06,False
Glazed Pecan,Behr,Mass-Market,False,2,12,1.5205e-06,False
Mulling Spice,Behr,Mass-Market,False,2,13,4.5784999999999994e-06,False
Sesame Crunch,Behr,Mass-Market,False,2,13,3.725e-06,False
Heirloom Lace,Behr,Mass-Market,False,2,13,3.7825e-06,False
Arabian Sands,Behr,Mass-Market,False,2,13,4.925e-06,False
Toasted Wheat,Behr,Mass-Market,False,2,13,6.01e-06,False
Burnt Almond,Behr,Mass-Market,False,2,12,7.0449999999999995e-06,False
New Chestnut,Behr,Mass-Market,False,2,12,0.00089144,False
Sweet Georgia Brown,Behr,Mass-Market,True,3,19,7.07e-05,False
Breakfast Blend,Behr,Mass-Market,False,2,15,2.4805e-05,False
Angel Food,Behr,Mass-Market,False,2,10,0.00013959999999999998,False
Country Lane,Behr,Mass-Market,False,2,12,0.0001696,False
Fall Straw,Behr,Mass-Market,False,2,10,7.2385e-05,False
Feather Plume,Behr,Mass-Market,False,2,13,3.2249999999999996e-06,False
Torchlight,Behr,Mass-Market,False,1,10,2.75e-07,False
Squash,Behr,Mass-Market,False,1,6,4.27e-06,False
Yam,Behr,Mass-Market,False,1,3,1.1e-06,False
Serengeti Sand,Behr,Mass-Market,False,2,14,1.39445e-05,False
Creamy Beige,Behr,Mass-Market,True,2,12,2.345e-06,False
Chai Latte,Behr,Mass-Market,False,2,10,1.9749999999999997e-06,False
Arizona,Behr,Mass-Market,False,1,7,2.4e-05,False
Apple Crisp,Behr,Mass-Market,False,2,11,3.1255e-05,False
Acorn,Behr,Mass-Market,False,1,5,1.2e-06,False
Crispy Gingersnap,Behr,Mass-Market,False,2,17,1.1817e-06,False
Weathered Sandstone,Behr,Mass-Market,False,2,19,2.565e-06,False
Oat Cake,Behr,Mass-Market,False,2,8,1.7347e-05,False
Classic Taupe,Behr,Mass-Market,True,2,13,2.6423500000000002e-05,False
Cliff Rock,Behr,Mass-Market,False,2,10,5.98e-05,False
Wooden Swing,Behr,Mass-Market,False,2,12,2.1649999999999998e-05,False
Warm Earth,Behr,Mass-Market,False,2,10,8.315e-05,False
Wooden Cabin,Behr,Mass-Market,False,2,12,1.7449999999999997e-05,False
Opal Cream,Behr,Mass-Market,True,2,10,2.164e-05,False
Whisper Yellow,Behr,Mass-Market,True,2,14,2.7249999999999998e-05,False
Melted Butter,Behr,Mass-Market,False,2,13,1.5565e-05,False
Sunporch,Behr,Mass-Market,False,1,8,0.0,False
Honey Bird,Behr,Mass-Market,False,2,10,3.3050000000000004e-05,False
Glorious Gold,Behr,Mass-Market,True,2,13,7.999999999999999e-05,False
Goldfish,Behr,Mass-Market,False,1,8,1.91e-06,False
Princess Ivory,Behr,Mass-Market,True,2,14,2.049e-05,False
Sand Dollar White,Behr,Mass-Market,True,3,17,0.00013013333333333334,False
Bagel,Behr,Mass-Market,False,1,5,1.51e-06,False
High Plateau,Behr,Mass-Market,False,2,12,0.000283035,False
Desert Caravan,Behr,Mass-Market,False,2,14,1.4635e-05,False
Medieval Gold,Behr,Mass-Market,True,2,13,7.96e-05,False
Spanish Leather,Behr,Mass-Market,False,2,15,3.8049999999999997e-05,True
Biloxi,Behr,Mass-Market,False,1,6,4.27e-07,False
Calm Air,Behr,Mass-Market,False,2,8,0.00013434999999999999,False
Clair De Lune,Behr,Mass-Market,False,3,13,5.741133333333334e-05,False
Almond Toast,Behr,Mass-Market,False,2,12,6.255e-06,False
Brown Rabbit,Behr,Mass-Market,True,2,12,5.66e-05,False
Highland Ridge,Behr,Mass-Market,False,2,14,9.105e-06,False
Centaur,Behr,Mass-Market,False,1,7,6.17e-07,False
Ivory Invitation,Behr,Mass-Market,True,2,16,1.044e-05,False
Gold Buttercup,Behr,Mass-Market,True,2,14,7.43085e-05,False
Manila Tint,Behr,Mass-Market,False,2,11,4.625e-06,False
Cornmeal,Behr,Mass-Market,False,1,8,2.95e-07,False
Spiced Butternut,Behr,Mass-Market,False,2,16,7.535e-07,False
Twenty Carat,Behr,Mass-Market,False,2,12,2.3055000000000002e-05,False
Saffron Thread,Behr,Mass-Market,False,2,14,1.4560000000000001e-05,False
Kansas Grain,Behr,Mass-Market,False,2,12,1.925e-05,False
Orange Glow,Behr,Mass-Market,True,2,11,2.4914999999999998e-05,False
Warm Cocoon,Behr,Mass-Market,False,2,11,2.625e-05,False
Gold Buff,Behr,Mass-Market,True,2,9,7.594499999999999e-05,False
Sahara Shade,Behr,Mass-Market,False,2,12,8.505e-06,True
Light Copper,Behr,Mass-Market,True,2,12,0.0001163,False
Mayan Gold,Behr,Mass-Market,True,2,10,7.4645e-05,False
Cancun Sand,Behr,Mass-Market,False,2,11,1.41205e-05,False
Stable Hay,Behr,Mass-Market,False,2,10,1.9165e-05,False
Ripe Wheat,Behr,Mass-Market,False,2,10,7.44e-06,False
Rye,Behr,Mass-Market,False,1,3,3.31e-06,False
Donegal Tweed,Behr,Mass-Market,False,2,13,1.3254999999999998e-06,False
Goldenrod Tea,Behr,Mass-Market,False,2,13,2.6935e-05,False
Carmel Woods,Behr,Mass-Market,False,2,12,1.4930000000000001e-05,False
Eggnog,Behr,Mass-Market,False,1,6,2.57e-07,False
Provence Creme,Behr,Mass-Market,False,2,14,1.21e-06,True
Cornsilk,Behr,Mass-Market,False,1,8,0.0,False
Lemon Pound Cake,Behr,Mass-Market,False,3,16,2.2466666666666666e-05,False
Zinnia Gold,Behr,Mass-Market,True,2,11,7.40525e-05,False
Mellow Yellow,Behr,Mass-Market,True,2,13,2.5545e-05,False
Macaw,Behr,Mass-Market,False,1,5,2.14e-07,False
Cotton Tail,Behr,Mass-Market,False,2,11,2.215e-05,False
Cream Yellow,Behr,Mass-Market,True,2,12,4.535e-05,False
Honey Butter,Behr,Mass-Market,False,2,12,2.425e-05,False
Arizona Tan,Behr,Mass-Market,True,2,11,1.7100000000000002e-05,False
Sweet Maple,Behr,Mass-Market,False,2,11,4.427e-05,False
Lion Mane,Behr,Mass-Market,False,2,9,9.97e-06,False
Victorian Gold,Behr,Mass-Market,True,2,14,8.06e-05,False
Popcorn Ball,Behr,Mass-Market,False,2,12,5.7685e-05,False
Cracked Wheat,Behr,Mass-Market,False,2,13,9.985e-06,False
Riviera Sand,Behr,Mass-Market,False,2,12,1.466e-05,False
Desert Camel,Behr,Mass-Market,False,2,12,1.4735e-05,False
Mesa,Behr,Mass-Market,False,1,4,3.16e-06,False
Wool Tweed,Behr,Mass-Market,False,2,10,4.955e-06,False
Fig,Behr,Mass-Market,False,1,3,1.26e-05,False
Bonnie Cream,Behr,Mass-Market,True,2,12,2.3134999999999998e-05,False
Frosted Lemon,Behr,Mass-Market,False,2,13,6.835e-06,False
Lively Yellow,Behr,Mass-Market,True,2,13,2.812e-05,False
Cheerful Hue,Behr,Mass-Market,False,2,12,3.535e-06,False
Yellow Corn,Behr,Mass-Market,True,2,11,3.225e-05,False
Lemon Sorbet,Behr,Mass-Market,False,2,12,6.5184999999999995e-06,False
Sunflower,Behr,Mass-Market,False,1,9,2.29e-06,False
Honeysuckle White,Behr,Mass-Market,True,2,17,0.000162234,False
Lightweight Beige,Behr,Mass-Market,True,2,17,4.015e-06,False
Clam Chowder,Behr,Mass-Market,False,2,12,1.1315e-06,False
Warm Muffin,Behr,Mass-Market,False,2,11,2.677e-05,False
Campground,Behr,Mass-Market,False,1,10,1.1e-06,False
Townhouse Tan,Behr,Mass-Market,True,2,13,5.675000000000001e-06,False
Sconce Gold,Behr,Mass-Market,True,2,11,7.40535e-05,False
Informal Ivory,Behr,Mass-Market,True,2,14,7.245e-06,False
Cornerstone,Behr,Mass-Market,False,1,11,2.45e-06,False
Sensible Hue,Behr,Mass-Market,False,2,12,6.3200000000000005e-06,False
Pebble Path,Behr,Mass-Market,False,2,11,2.6745e-05,False
Golden Bear,Behr,Mass-Market,True,2,11,4.905e-05,False
Bristle Grass,Behr,Mass-Market,False,2,13,1.2281e-05,False
Nutty Brown,Behr,Mass-Market,True,2,11,5.1775e-05,False
Pineapple Fizz,Behr,Mass-Market,False,2,14,2.3775e-06,False
Rich Cream,Behr,Mass-Market,True,2,10,6.15e-05,False
Song Of Summer,Behr,Mass-Market,False,3,14,0.008484,False
Lemon Drops,Behr,Mass-Market,False,2,11,1.7e-05,False
Yellow Brick Road,Behr,Mass-Market,True,3,17,8.026666666666666e-05,False
Pineapple Soda,Behr,Mass-Market,False,2,14,7.4e-06,False
Empire Yellow,Behr,Mass-Market,True,2,13,4.185e-05,False
Powder Sand,Behr,Mass-Market,False,2,11,2.265e-05,False
Havana Cream,Behr,Mass-Market,True,2,12,2.2545e-05,False
Pismo Dunes,Behr,Mass-Market,False,2,11,1.2285e-06,False
Honey Bear,Behr,Mass-Market,False,2,10,3.735e-05,False
Galley Gold,Behr,Mass-Market,True,2,11,7.483e-05,False
Fervent Brass,Behr,Mass-Market,False,2,13,6.1499999999999996e-06,False
Golden Green,Behr,Mass-Market,True,2,12,9.09e-05,False
Parmesan,Behr,Mass-Market,False,1,8,1.48e-06,False
Cottonseed,Behr,Mass-Market,False,1,10,9.77e-08,False
Bavarian Cream,Behr,Mass-Market,True,2,14,2.151e-05,False
Expedition Khaki,Behr,Mass-Market,True,2,16,5.435e-06,False
Beachwalk,Behr,Mass-Market,False,1,9,1.26e-08,False
Mojave Gold,Behr,Mass-Market,True,2,11,7.45e-05,False
Woven Basket,Behr,Mass-Market,False,2,12,7.665e-06,False
Ruffled Clam,Behr,Mass-Market,False,2,12,1.2365e-06,False
Vanilla Milkshake,Behr,Mass-Market,False,2,17,3.995e-06,False
Pale Sunshine,Behr,Mass-Market,False,2,13,1.325e-05,False
Lemon Souffle,Behr,Mass-Market,False,2,13,6.393e-06,False
Straw Hat,Behr,Mass-Market,False,2,9,2.1834999999999997e-05,False
Wildflower Honey,Behr,Mass-Market,False,2,16,1.1945e-05,False
Chickadee,Behr,Mass-Market,False,1,9,1.66e-07,False
Downy,Behr,Mass-Market,False,1,5,3.98e-07,False
Banana Cream,Behr,Mass-Market,True,2,12,2.5849999999999998e-05,False
Applesauce,Behr,Mass-Market,False,1,10,4.27e-07,False
Wild Bamboo,Behr,Mass-Market,False,2,11,3.3785e-05,False
French Pale Gold,Behr,Mass-Market,True,3,16,9.433333333333333e-05,True
Bronze Green,Behr,Mass-Market,True,2,12,7.54e-05,False
Cattail Brown,Behr,Mass-Market,True,2,13,5.103305e-05,False
Moonlight White,Behr,Mass-Market,True,2,15,0.000164035,False
Honey Moth,Behr,Mass-Market,False,2,10,1.328e-05,False
Oklahoma Wheat,Behr,Mass-Market,False,2,14,1.4400000000000001e-05,False
Quiet Veranda,Behr,Mass-Market,False,2,13,2.2738e-05,False
Camel,Behr,Mass-Market,False,1,5,4.37e-06,False
Fossil Butte,Behr,Mass-Market,False,2,12,5.5e-06,False
Wild Mushroom,Behr,Mass-Market,False,2,13,3.3685e-05,False
Social Butterfly,Behr,Mass-Market,False,2,16,0.000135755,False
Morning Sunlight,Behr,Mass-Market,False,2,16,0.00011062,False
Banana Split,Behr,Mass-Market,False,2,12,2.735e-05,False
Sweet Chamomile,Behr,Mass-Market,False,2,15,4.08585e-05,False
Citrus,Behr,Mass-Market,False,1,6,3.8e-06,False
Flame Yellow,Behr,Mass-Market,True,2,12,3.035e-05,False
Center Stage,Behr,Mass-Market,False,2,12,0.0001405,False
Clear Yellow,Behr,Mass-Market,True,2,12,0.0001135,False
Wickerware,Behr,Mass-Market,False,1,10,0.0,False
Honey Tone,Behr,Mass-Market,False,2,10,2.715e-05,False
Warm Glow,Behr,Mass-Market,False,2,9,2.9715e-05,False
Golden Chalice,Behr,Mass-Market,True,2,14,2.3899999999999998e-05,False
Yellow Gold,Behr,Mass-Market,True,2,11,9.85e-05,False
Brown Mustard,Behr,Mass-Market,True,2,13,5.345e-05,False
Creme Brulee,Behr,Mass-Market,False,2,12,7.325e-07,False
Castle Stone,Behr,Mass-Market,False,2,12,4.565e-05,False
Winter Garden,Behr,Mass-Market,False,2,13,6.825e-05,False
Dry Sea Grass,Behr,Mass-Market,False,3,13,6.466666666666666e-05,False
Desert Moss,Behr,Mass-Market,False,2,11,1.643e-05,False
Raked Leaves,Behr,Mass-Market,False,2,12,3.1212e-05,False
Olive Shadow,Behr,Mass-Market,True,2,12,1.9900000000000003e-05,False
Moon Mist,Behr,Mass-Market,False,2,9,2.739e-05,False
Pale Daffodil,Behr,Mass-Market,False,2,13,6.1815e-06,False
Bicycle Yellow,Behr,Mass-Market,True,2,14,2.9275e-05,False
June Day,Behr,Mass-Market,False,2,8,0.0005265,False
Sun Shower,Behr,Mass-Market,False,2,10,6.245e-05,False
Vibrant,Behr,Mass-Market,False,1,7,4.68e-06,False
Yellow Flash,Behr,Mass-Market,True,2,12,3.86e-05,False
Lemon Pearl,Behr,Mass-Market,False,2,11,1.3199999999999999e-05,False
Custard Cream,Behr,Mass-Market,True,2,13,2.1589999999999998e-05,False
Sweet Corn,Behr,Mass-Market,False,2,10,4.84e-05,False
Mustard Seed,Behr,Mass-Market,True,2,12,1.415e-05,False
Summer Field,Behr,Mass-Market,False,2,12,0.000172,False
Golden Cricket,Behr,Mass-Market,True,2,14,3.565e-05,False
Venetian Gold,Behr,Mass-Market,True,2,13,7.5e-05,False
Country Dairy,Behr,Mass-Market,False,2,13,0.00015715,False
Cream Silk,Behr,Mass-Market,True,2,10,2.73e-05,False
Willow Herb,Behr,Mass-Market,False,2,11,5.395e-06,False
Winter Mood,Behr,Mass-Market,False,2,11,5.2550000000000003e-05,False
Coriander Seed,Behr,Mass-Market,False,2,14,1.21455e-05,False
Mossy Rock,Behr,Mass-Market,False,2,10,5.37185e-05,False
Pinetop,Behr,Mass-Market,False,1,7,2.34e-08,False
Milkyway Galaxy,Behr,Mass-Market,False,2,15,9.57185e-06,False
Moonlit Yellow,Behr,Mass-Market,True,2,14,2.47135e-05,False
Summer Harvest,Behr,Mass-Market,False,2,14,9.035e-05,False
Daffodil Yellow,Behr,Mass-Market,True,2,15,2.46815e-05,False
Neon Light,Behr,Mass-Market,False,2,10,0.00010918499999999999,False
Lemon Tart,Behr,Mass-Market,False,2,10,7.47e-06,False
Marigold,Behr,Mass-Market,False,1,8,5.62e-07,False
Sun Glint,Behr,Mass-Market,False,2,9,4.6873500000000004e-05,False
Desert Lily,Behr,Mass-Market,False,2,11,1.7005e-05,False
Moon Dance,Behr,Mass-Market,False,2,10,6.759999999999999e-05,False
Feather Gold,Behr,Mass-Market,True,2,12,7.645e-05,False
California Dreaming,Behr,Mass-Market,False,2,19,5.4355000000000004e-05,False
Leapfrog,Behr,Mass-Market,False,1,8,3.72e-07,False
Wild Grass,Behr,Mass-Market,False,2,10,4.355e-05,False
Mist Yellow,Behr,Mass-Market,True,2,11,2.684e-05,False
Lightning White,Behr,Mass-Market,True,2,15,0.00017030000000000002,False
Satin Souffle,Behr,Mass-Market,False,2,13,1.318e-06,False
Ground Ginger,Behr,Mass-Market,False,2,13,7.475500000000001e-05,False
Harmonic Tan,Behr,Mass-Market,True,2,12,6.17e-06,False
River Bank,Behr,Mass-Market,False,2,10,0.000126,False
Crocodile,Behr,Mass-Market,False,1,9,3.09e-06,False
Star Dust,Behr,Mass-Market,False,2,9,9.035e-05,False
Pina Colada,Behr,Mass-Market,False,2,11,3.835e-07,False
Twinkle,Behr,Mass-Market,False,1,7,1.48e-06,False
Chilled Lemonade,Behr,Mass-Market,False,2,16,2.92e-06,False
Bee Pollen,Behr,Mass-Market,False,2,10,7.625000000000001e-06,False
Citrus Zest,Behr,Mass-Market,False,2,11,2.675e-06,False
Lemon Lime,Behr,Mass-Market,False,2,10,9.92e-06,False
Capri Cream,Behr,Mass-Market,True,2,11,2.1425e-05,False
Garlic Clove,Behr,Mass-Market,False,2,12,4.5665e-06,False
Windsong,Behr,Mass-Market,False,1,8,3.63e-08,False
Honey Beige,Behr,Mass-Market,True,2,11,1.27e-05,False
Sea Kelp,Behr,Mass-Market,False,2,8,5.78705e-05,False
Spring Moss,Behr,Mass-Market,False,2,11,4.5480000000000005e-05,False
Marsh Grass,Behr,Mass-Market,False,2,11,1.5705e-05,False
Cosmic Dust,Behr,Mass-Market,False,2,11,1.5865e-05,False
Starbright,Behr,Mass-Market,False,1,10,2.34e-08,False
Rainforest Dew,Behr,Mass-Market,False,2,14,2.88e-06,False
Outback,Behr,Mass-Market,False,1,7,1.62e-06,False
Ryegrass,Behr,Mass-Market,False,1,8,9.77e-08,False
Tate Olive,Behr,Mass-Market,True,2,10,8.775e-06,False
Wilderness,Behr,Mass-Market,False,1,10,8.91e-06,False
Candlelight Yellow,Behr,Mass-Market,True,2,18,2.501e-05,False
Summer Resort,Behr,Mass-Market,False,2,13,9.67e-05,False
Pear,Behr,Mass-Market,False,1,4,2.95e-06,False
Citron,Behr,Mass-Market,False,1,6,2.82e-07,False
Grape Green,Behr,Mass-Market,True,2,11,7.0005e-05,False
Japanese Fern,Behr,Mass-Market,False,2,13,3.323e-05,True
Lemon Grass,Behr,Mass-Market,False,2,11,1.83e-05,False
White Jasmine,Behr,Mass-Market,True,2,13,0.000164035,False
Home Song,Behr,Mass-Market,False,2,9,0.000414,False
Dried Palm,Behr,Mass-Market,False,2,10,1.4e-05,False
Corn Husk Green,Behr,Mass-Market,True,3,15,5.039733333333333e-05,False
Grass Cloth,Behr,Mass-Market,False,2,11,1.735e-05,False
Grape Leaves,Behr,Mass-Market,False,2,12,3.3354999999999995e-05,False
Jungle Trail,Behr,Mass-Market,False,2,12,2.0700000000000002e-05,False
Mirage White,Behr,Mass-Market,True,2,12,0.00016297500000000002,False
Turtle Dove,Behr,Mass-Market,False,2,11,6.4050000000000005e-06,False
Mountain Haze,Behr,Mass-Market,False,2,13,2.8165e-05,False
Restful,Behr,Mass-Market,False,1,7,5.62e-07,False
Promenade,Behr,Mass-Market,False,1,9,1.48e-06,False
Grasshopper Wing,Behr,Mass-Market,False,2,16,2.0885e-05,False
Groundcover,Behr,Mass-Market,False,1,11,5.13e-08,False
Monet Moonrise,Behr,Mass-Market,False,2,14,7.05e-07,False
Cabbage Green,Behr,Mass-Market,True,2,13,6.9275e-05,False
Honeydew,Behr,Mass-Market,False,1,8,2.51e-07,False
Carolina Parakeet,Behr,Mass-Market,False,2,17,1.6700999999999998e-05,False
Hidden Meadow,Behr,Mass-Market,False,2,13,1.8939999999999998e-05,False
Crisp Green,Behr,Mass-Market,True,2,11,7.0005e-05,False
Bamboo Leaf,Behr,Mass-Market,False,2,11,1.0535e-05,False
June Vision,Behr,Mass-Market,False,2,11,0.00010235000000000001,False
Feldspar,Behr,Mass-Market,False,1,8,2.82e-07,False
Celery Sprig,Behr,Mass-Market,False,2,12,1.1794999999999999e-06,False
Asparagus,Behr,Mass-Market,False,1,9,1.78e-06,False
Scotland Isle,Behr,Mass-Market,False,2,13,2.7329999999999998e-05,False
Moss Landing,Behr,Mass-Market,False,2,12,1.643e-05,False
Mountain Forest,Behr,Mass-Market,False,2,15,5.19e-05,False
Frostwork,Behr,Mass-Market,False,1,9,0.0,False
Celery Ice,Behr,Mass-Market,False,2,10,5.1045000000000003e-05,False
Rejuvenate,Behr,Mass-Market,False,1,10,4.68e-07,False
Mother Nature,Behr,Mass-Market,False,2,13,0.00013475,False
Boston Fern,Behr,Mass-Market,False,2,11,2.433e-05,True
Grape Vine,Behr,Mass-Market,False,2,10,5.19e-06,False
Fiddle Leaf,Behr,Mass-Market,False,2,11,9.645e-06,False
Green Shimmer,Behr,Mass-Market,True,2,13,6.79775e-05,False
Spirit Whisper,Behr,Mass-Market,False,2,14,3.36e-05,False
Key Lime,Behr,Mass-Market,False,2,8,6.962e-05,False
Tart Apple,Behr,Mass-Market,False,2,10,2.992e-05,False
Sweet Midori,Behr,Mass-Market,False,2,12,4.084e-05,False
New Green,Behr,Mass-Market,True,2,9,0.0009574999999999999,False
Pepper Grass,Behr,Mass-Market,False,2,12,1.89e-05,False
Highlight,Behr,Mass-Market,False,1,9,1.62e-05,False
Water Sprout,Behr,Mass-Market,False,2,12,0.000166145,False
Celery Bunch,Behr,Mass-Market,False,2,12,1.9645000000000002e-05,False
Marsh Fern,Behr,Mass-Market,False,2,10,4.6350000000000005e-06,False
Herbal Garden,Behr,Mass-Market,False,2,13,3.0595e-05,False
Thyme Green,Behr,Mass-Market,True,2,11,6.8085e-05,False
Dill Pickle,Behr,Mass-Market,False,2,11,1.8699999999999999e-06,False
Hemlock Bud,Behr,Mass-Market,False,2,11,6.362e-06,False
Palm Breeze,Behr,Mass-Market,False,2,11,1.212e-05,False
Spring Hill,Behr,Mass-Market,False,2,11,7.465e-05,False
Sagey,Behr,Mass-Market,False,1,5,0.0,False
Olivine,Behr,Mass-Market,False,1,7,2.51e-07,False
Egyptian Nile,Behr,Mass-Market,False,2,13,1.0285e-05,True
Forest Ridge,Behr,Mass-Market,False,2,12,3.165e-05,False
Mint Hint,Behr,Mass-Market,True,2,9,1.001e-05,False
Seafoam Spray,Behr,Mass-Market,False,2,13,7.5888e-06,False
Fairway Mist,Behr,Mass-Market,False,2,12,2.7655e-06,False
Peas In A Pod,Behr,Mass-Market,False,4,13,0.0103774,False
Apple Orchard,Behr,Mass-Market,False,2,13,3.061e-05,False
Caterpillar,Behr,Mass-Market,False,1,11,2.4e-06,False
Cress Green,Behr,Mass-Market,True,2,11,6.765450000000001e-05,False
White Willow,Behr,Mass-Market,True,2,12,0.00016445,False
Spring Morn,Behr,Mass-Market,False,2,11,4.216e-05,False
Peridot,Behr,Mass-Market,False,1,7,3.16e-07,False
Garden Spot,Behr,Mass-Market,False,2,11,6.825e-05,False
Geranium Leaf,Behr,Mass-Market,False,2,13,8.4945e-06,False
Happy Camper,Behr,Mass-Market,False,2,12,0.00011291,False
Pacific Pine,Behr,Mass-Market,False,2,12,2.575e-05,True
Winter Glaze,Behr,Mass-Market,False,2,12,3.9755e-05,False
Mystical Sea,Behr,Mass-Market,False,2,12,5.9275000000000004e-05,False
Laurel Mist,Behr,Mass-Market,False,2,11,4.475e-06,False
False Cypress,Behr,Mass-Market,False,2,13,2.224e-05,False
Bahia Grass,Behr,Mass-Market,False,2,11,1.23795e-05,False
Inland,Behr,Mass-Market,False,1,6,6.76e-06,False
Windsor Moss,Behr,Mass-Market,False,2,12,6.565000000000001e-06,False
Parsnip,Behr,Mass-Market,False,1,7,2.57e-07,False
Sea Cap,Behr,Mass-Market,False,2,7,7.37e-05,False
Mint Frappe,Behr,Mass-Market,True,2,11,4.20885e-06,False
Cool Aloe,Behr,Mass-Market,False,2,9,7.1075e-05,False
Dublin,Behr,Mass-Market,False,1,6,1.2e-05,False
Barnyard Grass,Behr,Mass-Market,False,2,14,1.2186e-05,False
Par Four Green,Behr,Mass-Market,True,3,14,0.0001627,False
Cool White,Behr,Mass-Market,True,2,10,0.0002325,False
Cucumber Crush,Behr,Mass-Market,False,2,14,8.685e-06,False
Rockwood Jade,Behr,Mass-Market,True,2,13,3.1375e-06,False
Desert Cactus,Behr,Mass-Market,False,2,13,1.3805e-05,False
Pesto,Behr,Mass-Market,False,1,5,7.59e-07,False
Grassy Field,Behr,Mass-Market,False,2,12,8.787e-05,False
Vineyard,Behr,Mass-Market,False,1,8,3.47e-06,False
Relaxing Green,Behr,Mass-Market,True,2,14,7.147e-05,False
Herbal Mist,Behr,Mass-Market,False,2,11,3.485e-06,False
Topiary Tint,Behr,Mass-Market,False,2,12,9.3e-07,False
Athenian Green,Behr,Mass-Market,True,2,14,6.8035e-05,False
Winter Hedge,Behr,Mass-Market,False,2,12,4.155e-05,False
Old Vine,Behr,Mass-Market,False,2,8,0.000283685,False
Fresh Pine,Behr,Mass-Market,False,2,10,4.01e-05,False
Crystal Gem,Behr,Mass-Market,False,2,11,1.6255e-05,False
Kiwi Squeeze,Behr,Mass-Market,False,2,12,5.425e-06,False
Mountain Mint,Behr,Mass-Market,True,2,13,3.1009999999999996e-05,False
Green Trance,Behr,Mass-Market,True,2,12,6.9045e-05,False
Lady Luck,Behr,Mass-Market,False,2,9,8.52e-05,False
Formal Garden,Behr,Mass-Market,False,2,13,4.355e-05,False
Green Grass,Behr,Mass-Market,True,2,11,7.950000000000001e-05,False
Dinner Mint,Behr,Mass-Market,True,2,11,3.431e-05,False
Breath Of Spring,Behr,Mass-Market,False,3,16,0.008405433333333334,False
Green Myth,Behr,Mass-Market,True,2,10,7.35e-05,False
Garden Room,Behr,Mass-Market,False,2,11,0.00015195,False
Velvet Leaf,Behr,Mass-Market,False,2,11,1.1245e-05,False
Shire Green,Behr,Mass-Market,True,2,11,6.8975e-05,False
Torrey Pine,Behr,Mass-Market,False,2,11,6.688e-06,False
Shimmer,Behr,Mass-Market,False,1,7,9.55e-07,False
April Mist,Behr,Mass-Market,False,2,10,7.984e-05,False
Southern Breeze,Behr,Mass-Market,False,2,15,3.822e-05,False
Scotland Road,Behr,Mass-Market,False,2,13,0.00011095,False
Amazon Moss,Behr,Mass-Market,False,2,11,2.163e-05,True
Whispering Pine,Behr,Mass-Market,False,2,15,7.584999999999999e-06,False
Hampton Green,Behr,Mass-Market,True,2,13,6.9735e-05,False
Bubble,Behr,Mass-Market,False,1,6,1.45e-05,False
Tropical Dream,Behr,Mass-Market,False,2,14,4.82e-05,False
Canton Jade,Behr,Mass-Market,True,2,11,4.79e-06,False
Garden Glow,Behr,Mass-Market,False,2,11,3.3515e-05,False
Fresh Greens,Behr,Mass-Market,False,2,12,3.7420000000000004e-05,False
Chlorophyll,Behr,Mass-Market,False,1,11,5.62e-07,False
Pine Grove,Behr,Mass-Market,False,2,10,1.0654999999999999e-05,False
Aegean Mist,Behr,Mass-Market,False,2,11,2.7655e-06,True
Spearmint Stick,Behr,Mass-Market,False,2,15,2.88545e-05,False
Venetian Pearl,Behr,Mass-Market,False,2,14,7.9e-06,False
Aloe Essence,Behr,Mass-Market,False,2,12,5.925e-06,False
Tree Fern,Behr,Mass-Market,False,2,9,3.633e-05,False
Manchester,Behr,Mass-Market,False,1,10,3.39e-05,False
Sabal Palm,Behr,Mass-Market,False,2,10,8.5281e-06,False
Meadow Light,Behr,Mass-Market,False,2,12,0.00010899,False
Valley Mist,Behr,Mass-Market,False,2,11,2.8590000000000002e-05,False
Smokey Slate,Behr,Mass-Market,True,2,12,4.235e-06,False
Wethersfield Moss,Behr,Mass-Market,False,2,17,3.94e-06,False
Island Palm,Behr,Mass-Market,False,2,11,5.9499999999999996e-05,False
Medieval Forest,Behr,Mass-Market,False,2,15,3.065e-05,False
Hazel Woods,Behr,Mass-Market,False,2,11,1.5835e-05,False
Window Pane,Behr,Mass-Market,False,2,11,3.2165e-05,False
Seafoam Pearl,Behr,Mass-Market,False,2,13,6.9388e-06,False
Reef Green,Behr,Mass-Market,True,2,10,7.088e-05,False
Intense Jade,Behr,Mass-Market,True,2,12,1.5265e-05,False
Garden Medley,Behr,Mass-Market,False,2,13,3.0405e-05,False
Emerald Lake,Behr,Mass-Market,True,2,12,3.579e-05,False
Climbing Ivy,Behr,Mass-Market,False,2,12,9.98e-06,False
Mint Fizz,Behr,Mass-Market,True,2,9,4.6375e-06,False
Winter Fresh,Behr,Mass-Market,False,2,12,7.26e-05,False
Spirited Green,Behr,Mass-Market,True,2,14,6.9275e-05,False
Garden View,Behr,Mass-Market,False,2,11,0.00010695,False
Herbal,Behr,Mass-Market,False,1,6,2.29e-06,False
Greenbelt,Behr,Mass-Market,False,1,9,5.89e-07,False
Windy Pine,Behr,Mass-Market,False,2,10,8.16e-06,False
Breakwater White,Behr,Mass-Market,True,2,16,0.0001622235,False
Water Mark,Behr,Mass-Market,False,2,10,0.00022150000000000002,False
Aqua Smoke,Behr,Mass-Market,False,2,10,2.4745e-05,False
Aspen Aura,Behr,Mass-Market,False,2,10,3e-06,True
Garland,Behr,Mass-Market,False,1,7,2.88e-06,False
Hilltop,Behr,Mass-Market,False,1,7,1.2e-06,False
Deep Jungle,Behr,Mass-Market,False,2,11,6.26e-05,False
Minted Ice,Behr,Mass-Market,False,2,10,5.04885e-05,False
Botanical Tint,Behr,Mass-Market,False,2,14,2.375e-06,False
Mint Majesty,Behr,Mass-Market,True,2,12,9.76e-06,False
Shoreline Green,Behr,Mass-Market,True,2,15,6.852e-05,False
Mermaid Song,Behr,Mass-Market,False,2,12,9.2475e-05,False
Treasure Isle,Behr,Mass-Market,False,2,13,1.078e-05,False
Clover Brook,Behr,Mass-Market,False,2,12,3.895e-06,False
Light Mint,Behr,Mass-Market,True,2,10,0.00011116,False
Pastel Jade,Behr,Mass-Market,True,2,11,3.905e-06,False
Aqua Bay,Behr,Mass-Market,False,2,8,2.8195e-05,False
Indian Ocean,Behr,Mass-Market,False,2,12,6.57e-05,True
Scotch Lassie,Behr,Mass-Market,False,2,13,2.7065e-06,False
Billiard Room,Behr,Mass-Market,False,2,13,0.000122862,False
Isle Of Pines,Behr,Mass-Market,False,3,13,0.008369836666666667,False
Country Mist,Behr,Mass-Market,False,2,12,0.00015334000000000002,False
Tide Pools,Behr,Mass-Market,False,2,10,9.305e-06,False
Marina Isle,Behr,Mass-Market,False,2,11,6.84e-06,False
Mermaid Net,Behr,Mass-Market,False,2,11,3.0225e-05,False
Marsh Creek,Behr,Mass-Market,False,2,11,1.5405e-05,False
Shaded Spruce,Behr,Mass-Market,False,2,13,2.1549999999999997e-06,False
Sycamore Tree,Behr,Mass-Market,False,2,13,3.58355e-05,False
Teal Ice,Behr,Mass-Market,True,2,8,5.089e-05,False
Cool Jazz,Behr,Mass-Market,False,2,9,8.070000000000001e-05,False
Sweet Rhapsody,Behr,Mass-Market,False,2,14,4.116e-05,False
Sea Life,Behr,Mass-Market,False,2,8,0.0004455,False
Cozumel,Behr,Mass-Market,False,1,7,2.09e-07,False
Emerald Coast,Behr,Mass-Market,True,2,13,3.904e-05,False
Mermaid Harbor,Behr,Mass-Market,False,2,14,8.525e-06,False
Ice Cube,Behr,Mass-Market,False,2,8,5.3305000000000005e-05,False
Adriatic Mist,Behr,Mass-Market,False,2,13,2.7655e-06,False
Balmy Seas,Behr,Mass-Market,False,2,10,4.5055e-06,False
Eucalyptus Leaf,Behr,Mass-Market,False,2,15,8.81e-06,False
Winter Surf,Behr,Mass-Market,False,2,11,4.2420000000000004e-05,False
Thermal Spring,Behr,Mass-Market,False,2,14,4.71e-05,False
Greensleeves,Behr,Mass-Market,False,1,12,7.24e-08,False
Glimmer,Behr,Mass-Market,False,1,7,1.29e-06,False
Delicate Mist,Behr,Mass-Market,False,2,13,7.44e-06,False
Celtic Gray,Behr,Mass-Market,True,2,11,1.91e-05,False
Gray Morning,Behr,Mass-Market,True,2,12,0.0001211,False
Cloud Burst,Behr,Mass-Market,False,2,11,2.145e-05,False
Agave Frond,Behr,Mass-Market,False,2,11,3.6e-07,False
Jungle Green,Behr,Mass-Market,True,2,12,7.41e-05,False
Ultra Pure White,Behr,Mass-Market,True,3,16,0.00012823333333333335,False
Glacier Bay,Behr,Mass-Market,False,2,11,2.8749999999999997e-05,False
Refreshing Pool,Behr,Mass-Market,False,2,15,2.6779999999999998e-05,False
Aqua Spray,Behr,Mass-Market,False,2,10,8.895e-06,False
Gem Turquoise,Behr,Mass-Market,True,2,13,4.775e-06,False
Mermaid Treasure,Behr,Mass-Market,False,2,16,8.875e-06,False
Peacock Feather,Behr,Mass-Market,False,2,15,3.825e-06,False
Tucson Teal,Behr,Mass-Market,True,2,11,2.625e-06,False
Himalayan Mist,Behr,Mass-Market,False,2,14,3.03e-06,True
Aqua Pura,Behr,Mass-Market,False,2,9,1.5225e-06,False
Spa,Behr,Mass-Market,False,1,3,9.12e-06,False
Jamaica Bay,Behr,Mass-Market,False,2,11,3.1009999999999996e-05,False
Teal Zeal,Behr,Mass-Market,True,2,9,1.845e-06,False
Mirage Lake,Behr,Mass-Market,False,2,11,3.4775000000000005e-05,False
Caribbean Green,Behr,Mass-Market,True,2,15,7.41e-05,True
Cumulus,Behr,Mass-Market,False,1,7,3.72e-07,False
Aqua Breeze,Behr,Mass-Market,False,2,11,4.965e-06,False
Rain Washed,Behr,Mass-Market,False,2,11,3.195e-05,False
Swan Sea,Behr,Mass-Market,False,2,8,6.096e-05,False
Gulf Winds,Behr,Mass-Market,False,2,10,1.785e-05,False
Hallowed Hush,Behr,Mass-Market,False,2,13,2.0100000000000002e-06,False
Mythic Forest,Behr,Mass-Market,False,2,13,2.5574999999999998e-05,False
Soar,Behr,Mass-Market,False,1,4,2.45e-06,False
Salty Tear,Behr,Mass-Market,False,2,10,1.395e-05,False
Fresh Water,Behr,Mass-Market,False,2,11,0.00019930000000000002,False
Cloudless,Behr,Mass-Market,False,1,9,2.88e-07,False
Jamaican Sea,Behr,Mass-Market,False,2,12,5.936e-05,False
Blue Jewel,Behr,Mass-Market,True,2,10,6.9895e-05,False
Empress Teal,Behr,Mass-Market,True,2,12,2.3e-06,False
Ionic Sky,Behr,Mass-Market,False,2,9,2.7060000000000002e-05,False
Windwood Spring,Behr,Mass-Market,False,2,15,4.16e-05,False
Rivers Edge,Behr,Mass-Market,False,2,11,3.7500000000000003e-05,False
Embellished Blue,Behr,Mass-Market,True,2,16,6.8115e-05,False
Surfer,Behr,Mass-Market,False,1,6,2e-06,False
Aquatic Green,Behr,Mass-Market,True,2,13,6.9585e-05,False
Pacific Sea Teal,Behr,Mass-Market,True,3,16,5.1893333333333333e-05,True
Ice Folly,Behr,Mass-Market,False,2,9,5.1095000000000005e-05,False
Rhythmic Blue,Behr,Mass-Market,True,2,13,6.8725e-05,False
Ocean Kiss,Behr,Mass-Market,False,2,10,4.405e-05,False
Bon Voyage,Behr,Mass-Market,False,2,10,6.445e-06,False
Bayside,Behr,Mass-Market,False,1,7,5.01e-07,False
Solitude,Behr,Mass-Market,False,1,8,2.63e-06,False
Teal Forest,Behr,Mass-Market,True,2,11,2.594e-05,False
White,Behr,Mass-Market,True,1,5,0.000324,False
Lakeside Mist,Behr,Mass-Market,False,2,13,2.97e-06,False
Ice Flower,Behr,Mass-Market,False,2,10,6.315e-05,False
Nevada Sky,Behr,Mass-Market,False,2,10,3.175e-05,False
Water Flow,Behr,Mass-Market,False,2,10,0.00018945000000000002,False
Liquid Blue,Behr,Mass-Market,True,2,11,7.975e-05,False
Brilliant Sea,Behr,Mass-Market,False,2,13,7.525e-05,False
Havasu,Behr,Mass-Market,False,1,6,2.24e-07,False
Spring Rain,Behr,Mass-Market,False,2,11,6.725000000000001e-05,False
Fountain Spout,Behr,Mass-Market,False,2,14,4.71e-06,False
Rapture Blue,Behr,Mass-Market,True,2,12,6.824e-05,False
Shallow Sea,Behr,Mass-Market,False,2,11,6.3e-05,False
Tropical Tide,Behr,Mass-Market,False,2,13,1.315e-05,False
Lagoon,Behr,Mass-Market,False,1,6,2.69e-06,False
Mosaic Tile,Behr,Mass-Market,False,2,11,4.525e-06,False
Coastal Mist,Behr,Mass-Market,False,2,12,1.009e-05,False
Tropical Breeze,Behr,Mass-Market,False,2,15,1.117e-05,False
Velvet Morning,Behr,Mass-Market,False,2,14,0.000109945,False
November Skies,Behr,Mass-Market,False,2,14,6.7065e-05,False
Harbor,Behr,Mass-Market,False,1,6,1.41e-05,False
Cathedral,Behr,Mass-Market,False,1,9,9.77e-06,False
Kingfisher,Behr,Mass-Market,False,1,10,7.41e-07,False
Snowdrop,Behr,Mass-Market,False,1,8,1.66e-07,False
Skylark,Behr,Mass-Market,False,1,7,2.95e-07,False
Frosty Glade,Behr,Mass-Market,False,2,12,1.0915e-06,False
Bliss Blue,Behr,Mass-Market,True,2,10,7.0515e-05,False
Azurean,Behr,Mass-Market,False,1,7,0.0,False
Tropical Holiday,Behr,Mass-Market,False,2,16,3.04e-05,False
Riviera Paradise,Behr,Mass-Market,False,2,16,8.16e-06,False
Club Soda,Behr,Mass-Market,False,2,9,8.45e-05,False
Clear Water,Behr,Mass-Market,False,2,11,0.0002545,False
Winsome Hue,Behr,Mass-Market,False,2,11,1.6675000000000001e-06,False
Maiden Voyage,Behr,Mass-Market,False,2,13,7.185e-06,False
Riverside Blue,Behr,Mass-Market,True,2,14,6.984e-05,False
Teal Bayou,Behr,Mass-Market,True,2,10,1.58e-06,False
Grand Rapids,Behr,Mass-Market,False,2,12,4.2835e-05,False
White Sapphire,Behr,Mass-Market,True,2,14,0.000163375,False
Cool Sky,Behr,Mass-Market,False,2,8,9.675000000000001e-05,False
Sonata,Behr,Mass-Market,False,1,6,1.35e-06,False
Newport Blue,Behr,Mass-Market,True,2,12,7.0515e-05,False
Waterscape,Behr,Mass-Market,False,1,10,2.04e-08,False
Heron,Behr,Mass-Market,False,1,5,1.23e-06,False
Rain Storm,Behr,Mass-Market,False,2,10,4.85e-05,False
Frost Wind,Behr,Mass-Market,False,2,10,3.9055e-05,False
Niagara Falls,Behr,Mass-Market,False,2,13,2.3005e-05,False
Blue Feather,Behr,Mass-Market,True,2,12,6.995e-05,False
Horizon Haze,Behr,Mass-Market,False,2,12,7.165e-06,False
Riviera Blue,Behr,Mass-Market,True,2,12,6.841e-05,False
Sea Ridge,Behr,Mass-Market,False,2,9,6.41e-05,False
Royal Peacock,Behr,Mass-Market,False,2,13,3.6775e-05,False
Mineral Water,Behr,Mass-Market,False,2,13,0.00017085,False
Serene Sky,Behr,Mass-Market,False,2,10,2.718e-05,False
Sea Rover,Behr,Mass-Market,False,2,9,6.0375000000000004e-05,False
Dreaming Blue,Behr,Mass-Market,True,2,13,7.1855e-05,False
Tropical Splash,Behr,Mass-Market,False,2,15,1.109e-05,False
Wipeout,Behr,Mass-Market,False,1,7,5.5e-07,False
Deep Blue Sea,Behr,Mass-Market,True,3,13,0.00012066666666666667,False
Wave Crest,Behr,Mass-Market,False,2,10,2.3085e-05,False
Cloudy Day,Behr,Mass-Market,False,2,10,0.00044727499999999996,False
Blue Fox,Behr,Mass-Market,True,2,8,9.035e-05,False
Shale Gray,Behr,Mass-Market,True,2,10,1.655e-05,False
Smokey Blue,Behr,Mass-Market,True,2,11,6.843000000000001e-05,False
Distance,Behr,Mass-Market,False,1,8,7.08e-05,False
Velvet Evening,Behr,Mass-Market,False,2,14,3.9145e-05,False
Sea Sprite,Behr,Mass-Market,False,2,10,5.8275e-05,False
Tropical Pool,Behr,Mass-Market,False,2,13,3.095e-05,False
Little Pond,Behr,Mass-Market,False,2,11,0.000285775,False
Costa Rica Blue,Behr,Mass-Market,True,3,15,5.1573333333333336e-05,False
Windjammer,Behr,Mass-Market,False,1,10,4.68e-08,False
Isle Of Capri,Behr,Mass-Market,False,3,13,0.008369303333333333,False
Blue Ocean,Behr,Mass-Market,True,2,10,9.255e-05,False
Airy,Behr,Mass-Market,False,1,4,1.58e-06,False
Sapphireberry,Behr,Mass-Market,False,1,13,0.0,False
Monaco,Behr,Mass-Market,False,1,6,4.47e-06,False
Caribbean Coast,Behr,Mass-Market,False,2,15,4.365e-05,True
Ocean Cruise,Behr,Mass-Market,False,2,12,3.335e-05,False
Blue Chaise,Behr,Mass-Market,True,2,11,6.77185e-05,False
Southern Evening,Behr,Mass-Market,False,2,16,7.08e-05,False
Breaker,Behr,Mass-Market,False,1,7,3.98e-06,False
Eminence,Behr,Mass-Market,False,1,8,1.62e-06,False
Viking,Behr,Mass-Market,False,1,6,3.98e-06,False
Cool Dusk,Behr,Mass-Market,False,2,9,7.187500000000001e-05,False
Winter Lake,Behr,Mass-Market,False,2,11,7.26e-05,False
Regatta Bay,Behr,Mass-Market,False,2,11,2.7220499999999998e-05,False
Blue Spell,Behr,Mass-Market,True,2,10,7.92e-05,False
Pale Sky,Behr,Mass-Market,False,2,8,3.225e-05,False
Morning Breeze,Behr,Mass-Market,False,2,14,0.00011062,False
Utah Sky,Behr,Mass-Market,False,2,8,3.4750000000000004e-05,False
Enchanting,Behr,Mass-Market,False,1,10,1.41e-06,False
Ocean Tropic,Behr,Mass-Market,False,2,12,2.5387999999999998e-05,False
Warm Spring,Behr,Mass-Market,False,2,11,6.725000000000001e-05,False
Cerulean,Behr,Mass-Market,False,1,8,2e-07,False
Rain Water,Behr,Mass-Market,False,2,10,0.00019115,False
Caribbean Mist,Behr,Mass-Market,False,2,14,8.94e-06,True
Holiday Road,Behr,Mass-Market,False,2,12,0.00010985,False
Madras Blue,Behr,Mass-Market,True,2,11,6.87e-05,False
Ocean View,Behr,Mass-Market,False,2,10,0.00010255,False
Seven Seas,Behr,Mass-Market,False,2,10,6.4255e-05,False
Planetarium,Behr,Mass-Market,False,1,11,5.5e-07,False
Little Dipper,Behr,Mass-Market,False,2,13,0.000281338,False
Cumberland Fog,Behr,Mass-Market,False,2,14,5.38e-06,False
Silver Strand,Behr,Mass-Market,True,2,13,3.4695e-05,False
Russian Blue,Behr,Mass-Market,True,2,12,0.00011850000000000001,False
Bleached Denim,Behr,Mass-Market,False,2,14,2.19e-06,False
Windsor Haze,Behr,Mass-Market,False,2,12,4e-06,False
Twilight Chimes,Behr,Mass-Market,False,2,15,3.88e-06,False
Frost,Behr,Mass-Market,False,1,5,8.91e-06,False
Ice Floe,Behr,Mass-Market,False,2,8,5.00705e-05,False
Geyser,Behr,Mass-Market,False,1,6,6.31e-07,False
Pacific Panorama,Behr,Mass-Market,False,2,16,2.0674999999999998e-05,True
Bayou,Behr,Mass-Market,False,1,5,1.38e-06,False
Gulf Stream,Behr,Mass-Market,False,2,11,3.04e-05,False
Handsome Hue,Behr,Mass-Market,False,2,12,9.845e-06,False
Cobalt Glaze,Behr,Mass-Market,False,2,12,2.125e-06,False
Arctic Shadow,Behr,Mass-Market,False,2,13,1.91e-05,True
Mystic Harbor,Behr,Mass-Market,False,2,13,9.04e-06,False
Tender Twilight,Behr,Mass-Market,False,2,15,9.455e-06,False
Colorado Springs,Behr,Mass-Market,False,2,16,2.31e-05,False
Americana,Behr,Mass-Market,False,1,9,1.62e-06,False
Neptune Blue,Behr,Mass-Market,True,2,12,6.8645e-05,False
Nocturnal Sea,Behr,Mass-Market,False,2,13,5.837e-05,False
Glass Bead,Behr,Mass-Market,False,2,10,3.6775e-05,False
Velvet Sky,Behr,Mass-Market,False,2,10,2.9195e-05,False
Liberty Gray,Behr,Mass-Market,True,2,12,2.505e-05,False
Blue Willow,Behr,Mass-Market,True,2,11,6.995e-05,False
Skipper,Behr,Mass-Market,False,1,7,3.47e-06,False
Mood Indigo,Behr,Mass-Market,True,2,11,1.4770000000000001e-05,False
Midnight Dream,Behr,Mass-Market,False,2,14,5.085e-05,False
Fog,Behr,Mass-Market,False,1,3,7.94e-06,False
Icy Bay,Behr,Mass-Market,False,2,7,2.8584999999999998e-05,False
Rain Song,Behr,Mass-Market,False,2,9,0.00011665,False
Ocean Dream,Behr,Mass-Market,False,2,11,6.57e-05,False
Cornflower Blue,Behr,Mass-Market,True,2,15,6.75705e-05,False
Castle Moat,Behr,Mass-Market,False,2,11,1.4760000000000001e-05,False
American Anthem,Behr,Mass-Market,False,2,15,0.000158565,False
Diamond Light,Behr,Mass-Market,False,2,13,0.00012014999999999999,False
Lively Tune,Behr,Mass-Market,False,2,11,1.2920000000000002e-05,False
Impressionist Sky,Behr,Mass-Market,False,2,17,2.6604e-05,False
Skysail Blue,Behr,Mass-Market,True,2,12,6.75e-05,False
Ocean Ridge,Behr,Mass-Market,False,2,11,3.165e-05,False
Liberty,Behr,Mass-Market,False,1,7,2.19e-05,False
Deep Royal,Behr,Mass-Market,False,2,10,9.14e-05,False
Rain Drop,Behr,Mass-Market,False,2,9,7.45e-05,False
Saltwater,Behr,Mass-Market,False,1,9,1.1e-06,False
Sweet Blue,Behr,Mass-Market,True,2,10,0.00010815,False
River Valley,Behr,Mass-Market,False,2,12,7.975e-05,False
Mysteria,Behr,Mass-Market,False,1,8,2.24e-08,False
Lost Atlantis,Behr,Mass-Market,False,2,13,0.000123845,False
December Eve,Behr,Mass-Market,False,2,12,6.895e-05,False
Icelandic,Behr,Mass-Market,False,1,9,1.82e-06,False
Monet Lily,Behr,Mass-Market,False,2,10,5.04e-06,False
Beautiful Dream,Behr,Mass-Market,False,2,15,0.00012365,False
Anemone,Behr,Mass-Market,False,1,7,3.63e-07,False
Purple Hyacinth,Behr,Mass-Market,True,2,15,1.0718499999999999e-05,False
Flying Fish,Behr,Mass-Market,False,2,11,6.535e-05,False
Award Blue,Behr,Mass-Market,True,2,10,0.00010545,False
Morning Haze,Behr,Mass-Market,False,2,12,0.000108315,False
Ocean Air,Behr,Mass-Market,False,2,9,0.00014205,False
Mystic River,Behr,Mass-Market,False,2,12,5.549e-05,False
Romantic Isle,Behr,Mass-Market,False,2,13,1.683e-05,False
Windsurf Blue,Behr,Mass-Market,True,2,13,6.752285e-05,False
Wickford Bay,Behr,Mass-Market,False,2,12,2.688705e-05,False
Star Spangled,Behr,Mass-Market,False,2,13,7.7916e-05,False
Lavender Ice,Behr,Mass-Market,True,2,12,5.1375e-05,False
Snow Ballet,Behr,Mass-Market,False,2,11,2.7305e-05,False
Hyacinth Tint,Behr,Mass-Market,False,2,13,1.0985e-06,False
Cloudberry,Behr,Mass-Market,False,1,10,3.55e-08,False
Magic Spell,Behr,Mass-Market,False,2,11,4.045e-05,False
Mesmerize,Behr,Mass-Market,False,1,9,9.33e-08,False
Peaceful Night,Behr,Mass-Market,False,2,14,0.00021305,False
December Dawn,Behr,Mass-Market,False,2,13,6.78e-05,False
Lazy Sunday,Behr,Mass-Market,False,2,11,5.03e-05,False
California Lilac,Behr,Mass-Market,True,2,16,5.0645e-05,False
Pageant Song,Behr,Mass-Market,False,2,12,9.262e-05,False
Larkspur Bouquet,Behr,Mass-Market,False,2,16,1.351e-06,False
Sudden Sapphire,Behr,Mass-Market,False,2,15,1.3925e-05,False
Yacht Club Blue,Behr,Mass-Market,True,3,15,9.987e-05,False
Mystic Light,Behr,Mass-Market,False,2,12,0.00010899,False
Silent Ripple,Behr,Mass-Market,False,2,13,1.5385e-05,False
Periwinkle Bud,Behr,Mass-Market,False,2,14,6.1225e-06,False
Finesse,Behr,Mass-Market,False,1,7,1.51e-06,False
Babbling Brook,Behr,Mass-Market,False,2,14,3.104e-06,False
Blueberry Patch,Behr,Mass-Market,False,2,15,8.900000000000001e-06,False
Daring Indigo,Behr,Mass-Market,True,2,13,3.525e-06,False
Genteel Lavender,Behr,Mass-Market,True,2,16,1.5935e-06,False
Harbor Mist,Behr,Mass-Market,False,2,11,9.39e-06,False
Icy Brook,Behr,Mass-Market,False,2,9,4.485e-06,False
Heritage,Behr,Mass-Market,False,1,8,2.29e-05,False
Blueberry Buckle,Behr,Mass-Market,False,2,16,2.58e-06,False
Atlantic Blue,Behr,Mass-Market,True,2,13,7.975e-05,True
Soulful Music,Behr,Mass-Market,False,2,13,0.00016617500000000001,False
Lilac Murmur,Behr,Mass-Market,True,2,12,1.061e-06,False
Crocus Petal,Behr,Mass-Market,False,2,12,6.94e-07,False
Lavender Sachet,Behr,Mass-Market,True,2,15,1.456e-06,False
Intuitive,Behr,Mass-Market,False,1,9,3.72e-06,False
Corsican Purple,Behr,Mass-Market,True,2,15,1.0591e-05,False
Stained Glass,Behr,Mass-Market,False,2,13,3.8485e-05,False
Breathtaking,Behr,Mass-Market,False,1,12,3.98e-06,False
Northern Star,Behr,Mass-Market,False,2,13,0.0001129,False
Calm Water,Behr,Mass-Market,False,2,10,0.00018285000000000003,False
Williamsburg Blue,Behr,Mass-Market,True,2,17,6.829e-05,False
Bellflower,Behr,Mass-Market,False,1,10,1.7e-07,False
Blueberry Popover,Behr,Mass-Market,False,2,17,1.01815e-06,False
Enduring,Behr,Mass-Market,False,1,8,4.68e-06,False
Night Watch,Behr,Mass-Market,False,2,11,0.000313,False
Windmill Wings,Behr,Mass-Market,False,2,14,1.4475000000000001e-05,False
Winter Day,Behr,Mass-Market,False,2,10,0.0004843,False
Drowsy Lavender,Behr,Mass-Market,True,2,15,1.7055e-06,False
Silver Service,Behr,Mass-Market,True,2,14,0.0001868,False
Ridge View,Behr,Mass-Market,False,2,10,8.41e-05,False
Deep Smoke Signal,Behr,Mass-Market,False,3,17,6.683333333333334e-05,False
Mystical Shade,Behr,Mass-Market,False,2,14,9.024999999999999e-06,False
Graceful,Behr,Mass-Market,False,1,8,2.45e-06,False
Cheerful Whisper,Behr,Mass-Market,False,2,16,4.74e-06,False
Rhapsody Lilac,Behr,Mass-Market,True,2,14,1.155e-06,False
Pixie Violet,Behr,Mass-Market,True,2,12,4.165e-06,False
Pristine Petal,Behr,Mass-Market,False,2,14,1.62e-06,False
Magic Moment (620b-6),Behr,Mass-Market,False,3,21,7.716718333333334e-05,False
Wild Elderberry,Behr,Mass-Market,False,2,15,3.16175e-05,False
Winter Ice,Behr,Mass-Market,False,2,10,8.88e-05,False
Lilac Bisque,Behr,Mass-Market,True,2,12,7.86e-07,False
Purple Surf,Behr,Mass-Market,True,2,11,1.4069999999999999e-05,False
Veranda Iris,Behr,Mass-Market,False,2,12,3.263e-06,False
Romanesque,Behr,Mass-Market,False,1,10,4.27e-07,False
Royal Intrigue,Behr,Mass-Market,False,2,14,3.6544999999999997e-05,False
Deep Indigo,Behr,Mass-Market,True,2,11,5.702e-05,False
Lily Lavender,Behr,Mass-Market,True,2,13,5.83e-06,False
Naturally Calm,Behr,Mass-Market,False,2,14,3.245e-05,False
Silverado Trail,Behr,Mass-Market,False,2,15,1.43685e-05,False
Violet Shadow,Behr,Mass-Market,True,2,13,1.721e-05,False
Majestic Mount,Behr,Mass-Market,False,2,14,1.661e-05,False
Purple Orchid,Behr,Mass-Market,True,2,13,1.145e-05,False
Maharaja,Behr,Mass-Market,False,1,8,5.13e-07,False
Amethyst Cream,Behr,Mass-Market,True,2,14,2.136e-05,False
February Frost,Behr,Mass-Market,False,2,14,5.7954999999999997e-05,False
Weeping Wisteria,Behr,Mass-Market,False,2,16,1.471e-06,False
Freesia Purple,Behr,Mass-Market,True,2,14,1.048795e-05,False
Majestic Violet,Behr,Mass-Market,True,2,15,5.32e-06,False
Butterfly Garden,Behr,Mass-Market,False,2,16,3.3705000000000003e-05,False
Pandora,Behr,Mass-Market,False,1,7,2.51e-06,False
Lavender Haze,Behr,Mass-Market,True,2,13,2.6899999999999997e-06,False
Sweet Harbor,Behr,Mass-Market,False,2,12,4.77e-05,False
Timeless Lilac,Behr,Mass-Market,True,2,14,2.34e-06,False
Ruffled Iris,Behr,Mass-Market,False,2,12,3.2815e-06,False
Wild Wisteria,Behr,Mass-Market,False,2,13,3.1736e-05,False
Palace Purple,Behr,Mass-Market,True,2,13,2.455e-05,False
Deep Orchid,Behr,Mass-Market,False,2,11,5.6999999999999996e-05,False
Dreamy Cloud,Behr,Mass-Market,False,2,12,1.525e-05,False
Purple Veil,Behr,Mass-Market,True,2,11,1.2735e-05,False
Grape Lavender,Behr,Mass-Market,True,2,14,3.88e-06,False
Wild Thistle,Behr,Mass-Market,False,2,12,3.242e-05,False
Vintage,Behr,Mass-Market,False,1,7,1.51e-05,False
Violet Evening,Behr,Mass-Market,True,2,14,3.9659999999999996e-05,False
Black Orchid,Behr,Mass-Market,True,2,12,0.000145,False
Soft Iris,Behr,Mass-Market,False,2,9,2.6824999999999998e-05,False
Misty Violet,Behr,Mass-Market,True,2,12,4.685e-06,False
Potentially Purple,Behr,Mass-Market,True,2,18,2.27e-05,False
Innuendo,Behr,Mass-Market,False,1,8,7.94e-07,False
Bloomsberry,Behr,Mass-Market,False,1,11,0.0,False
Grape Parfait,Behr,Mass-Market,False,2,13,2.656e-06,False
Berry Jam,Behr,Mass-Market,False,2,9,1.2065e-05,False
Hosta Flower,Behr,Mass-Market,False,2,12,1.3177499999999999e-05,False
Lavender Sparkle,Behr,Mass-Market,True,2,16,2.575e-06,False
Twilight Pearl,Behr,Mass-Market,False,2,14,1.0205e-05,False
Canyon Mist,Behr,Mass-Market,False,2,11,6.9e-06,False
June Berry,Behr,Mass-Market,False,2,10,8.5665e-05,False
Chinese Violet,Behr,Mass-Market,True,2,14,5.446e-05,True
Pharaoh Purple,Behr,Mass-Market,True,2,14,1.1495e-05,False
Silver Chalice,Behr,Mass-Market,True,2,14,3.28e-05,False
Lilac Champagne,Behr,Mass-Market,True,2,15,4.615e-06,False
Simplicity,Behr,Mass-Market,False,1,10,5.89e-06,False
Fading Sunset,Behr,Mass-Market,False,2,13,7.535e-06,False
Ash Violet,Behr,Mass-Market,True,2,10,1.071e-05,False
Enchanted Evening,Behr,Mass-Market,False,2,17,3.7575e-05,False
Academy Purple,Behr,Mass-Market,True,2,14,2.905e-05,False
Rose Fantasy,Behr,Mass-Market,True,2,12,4.96e-05,False
Ice Ballet,Behr,Mass-Market,False,2,10,5.4455e-05,False
Fresh Heather,Behr,Mass-Market,False,2,13,3.7505e-05,False
Violet Fields,Behr,Mass-Market,True,2,13,2.336e-05,False
Garden Pansy,Behr,Mass-Market,False,2,12,2.97445e-05,False
Elite Wisteria,Behr,Mass-Market,False,2,14,1.2736e-05,False
Mystical Purple,Behr,Mass-Market,True,2,15,1.2224999999999999e-05,False
Pixie Wing,Behr,Mass-Market,False,2,10,2.1055e-05,False
Powdery Mist,Behr,Mass-Market,False,2,12,2.6345e-06,False
Light Mulberry,Behr,Mass-Market,False,2,14,0.000107705,False
Winter Amethyst,Behr,Mass-Market,False,2,15,3.931e-05,False
Fabulous Grape,Behr,Mass-Market,False,2,14,8.505e-06,False
Purple Silhouette,Behr,Mass-Market,True,2,17,1.147e-05,False
Crowning,Behr,Mass-Market,False,1,8,1.23e-06,False
Lace Cap,Behr,Mass-Market,False,2,8,1.9505e-05,False
Lovely Lavender,Behr,Mass-Market,True,2,15,2.8875e-05,False
Plum Blossom,Behr,Mass-Market,True,2,12,3.86e-06,False
Delectable,Behr,Mass-Market,False,1,10,5.01e-07,False
Purple Statice,Behr,Mass-Market,True,2,14,1.04602e-05,False
Victorian Iris,Behr,Mass-Market,False,2,14,9.475e-06,False
Violet Eclipse,Behr,Mass-Market,True,2,14,6.69e-06,False
Muted Melody,Behr,Mass-Market,False,2,12,4.545e-06,False
Chateau Rose,Behr,Mass-Market,True,2,12,3.4049999999999994e-05,False
New Violet,Behr,Mass-Market,True,2,10,0.00089346,False
Pale Orchid,Behr,Mass-Market,False,2,11,7e-06,False
Atlantic Tulip,Behr,Mass-Market,False,2,14,1.3005e-05,True
Daylight Lilac,Behr,Mass-Market,True,2,14,4.105e-06,False
Exotic Purple,Behr,Mass-Market,True,2,13,1.4514999999999999e-05,False
Bubble Bath,Behr,Mass-Market,False,2,11,2.1000000000000002e-05,False
Violet Mist,Behr,Mass-Market,True,2,11,5.8e-06,False
Sweet Petal,Behr,Mass-Market,False,2,11,4.12e-05,False
Lilac Rose,Behr,Mass-Market,True,2,10,3.3694999999999995e-05,False
Wildflower,Behr,Mass-Market,False,1,10,4.9e-07,False
Zinfandel,Behr,Mass-Market,False,1,9,1.48e-07,False
Blackberry Farm,Behr,Mass-Market,False,2,15,3.0335e-05,False
Lavender Lace,Behr,Mass-Market,True,2,13,4.68e-06,False
Purple Essence,Behr,Mass-Market,True,2,14,1.5799999999999998e-05,False
Foxgloves,Behr,Mass-Market,False,1,9,4.9e-08,False
Plum Frost,Behr,Mass-Market,True,2,10,6.23e-06,False
Amethyst Phlox,Behr,Mass-Market,False,2,14,6.219999999999999e-07,False
Peruvian Violet,Behr,Mass-Market,True,2,15,4.775e-06,False
Napa Grape,Behr,Mass-Market,False,2,10,3.55e-06,True
Quartz Pink,Behr,Mass-Market,True,2,11,1.9055e-05,False
Champagne Elegance,Behr,Mass-Market,False,2,18,5.285e-06,False
Posies,Behr,Mass-Market,False,1,6,1.02e-07,False
Geranium Bud,Behr,Mass-Market,False,2,12,6.1945e-06,False
Pretty Petunia,Behr,Mass-Market,False,2,14,0.00012015100000000001,False
Orchid Kiss,Behr,Mass-Market,False,2,11,2e-05,False
Candy Violet,Behr,Mass-Market,True,2,12,1.321e-05,False
November Pink,Behr,Mass-Market,True,2,13,7.955e-05,False
Petal Dust,Behr,Mass-Market,False,2,10,1.34e-05,False
Purple Cream,Behr,Mass-Market,True,2,12,3.13e-05,False
Ballad,Behr,Mass-Market,False,1,6,2.63e-06,False
Garden Flower,Behr,Mass-Market,False,2,13,4.26e-05,False
Mixed Berries,Behr,Mass-Market,False,2,13,2.3709999999999998e-05,False
Gala Ball,Behr,Mass-Market,False,2,9,5.734e-05,False
Timeless Day,Behr,Mass-Market,False,2,12,0.000447195,False
Pearl Violet,Behr,Mass-Market,True,2,12,1.0359999999999999e-05,False
Lilac Mauve,Behr,Mass-Market,True,2,11,9.015e-07,False
Silverberry,Behr,Mass-Market,False,1,11,0.0,False
Gothic Amethyst,Behr,Mass-Market,False,2,15,2.745e-06,False
Vintage Grape,Behr,Mass-Market,False,2,13,1.0055e-05,False
Blackberry Wine,Behr,Mass-Market,False,2,15,2.9735000000000002e-05,False
Candy Tuft,Behr,Mass-Market,False,2,10,9.9315e-06,False
Sugar Sweet,Behr,Mass-Market,False,2,11,6.46e-05,False
Pink Bliss,Behr,Mass-Market,True,2,10,1.9565e-05,False
Pressed Flower,Behr,Mass-Market,False,2,14,1.975e-05,False
Strawberry Freeze,Behr,Mass-Market,False,2,17,9.075e-06,False
Exotic Bloom,Behr,Mass-Market,False,2,12,8.32e-06,False
Sugar Plum,Behr,Mass-Market,True,2,10,2.5725e-05,False
Wispy Pink,Behr,Mass-Market,True,2,10,1.66815e-05,False
Wing Flutter,Behr,Mass-Market,False,2,12,2.0925e-05,False
Rose Glow,Behr,Mass-Market,True,2,9,3.7115e-05,False
Velvet Slipper,Behr,Mass-Market,False,2,14,3.545e-06,False
Bed Of Roses,Behr,Mass-Market,False,3,12,0.008409066666666668,False
Lantana,Behr,Mass-Market,False,1,7,1.23e-07,False
Bunchberry,Behr,Mass-Market,False,1,10,0.0,False
First Blush,Behr,Mass-Market,False,2,11,0.0006468149999999999,False
Iced Mauve,Behr,Mass-Market,True,2,10,1.6965e-06,False
Rosy Lavender,Behr,Mass-Market,True,2,13,2.3299999999999997e-06,False
Soft Heather,Behr,Mass-Market,False,2,12,2.7655e-05,False
Plum Swirl,Behr,Mass-Market,True,2,10,2.4999999999999998e-06,False
Shy Violet,Behr,Mass-Market,True,2,10,1.071e-05,False
Baritone,Behr,Mass-Market,False,1,8,9.55e-07,False
Zephyr,Behr,Mass-Market,False,1,6,7.08e-07,False
Hopeful,Behr,Mass-Market,False,1,7,6.17e-06,False
Sweet Taffy,Behr,Mass-Market,False,2,11,4.09065e-05,False
Pink Begonia,Behr,Mass-Market,True,2,12,1.6617499999999998e-05,False
Valentine Heart,Behr,Mass-Market,False,2,15,0.000104945,False
Wild Mulberry,Behr,Mass-Market,False,2,13,3.2255e-05,False
Plum Jam,Behr,Mass-Market,True,2,8,9.175e-06,False
Sweet Illusion,Behr,Mass-Market,False,2,14,4.5005e-05,False
Pink Amour,Behr,Mass-Market,True,2,10,1.7085e-05,False
Delicate Bloom,Behr,Mass-Market,False,2,14,9.355000000000001e-06,False
Taste Of Berry,Behr,Mass-Market,False,3,14,0.008387676666666666,False
Winsome Rose,Behr,Mass-Market,True,2,12,3.3172499999999995e-05,False
Meadow Flower,Behr,Mass-Market,False,2,13,1.5139999999999999e-05,False
Radicchio,Behr,Mass-Market,False,1,9,7.08e-08,False
Shell Brook,Behr,Mass-Market,False,2,11,1.4999999999999999e-05,False
Heather Rose,Behr,Mass-Market,True,2,12,3.6754999999999996e-05,False
Iris Pink,Behr,Mass-Market,True,2,9,1.9424999999999998e-05,False
Midsummer Dream,Behr,Mass-Market,False,2,15,4.1295e-05,False
Purple Mauve,Behr,Mass-Market,True,2,12,1.07065e-05,False
Wine Frost,Behr,Mass-Market,False,2,10,3.1955e-05,False
Indulgent,Behr,Mass-Market,False,1,9,1.23e-06,False
Linen White,Behr,Mass-Market,True,2,11,0.000164035,False
Pastel China,Behr,Mass-Market,False,2,12,6.389e-05,True
Chenille,Behr,Mass-Market,False,1,8,1.23e-07,False
Pottery Clay,Behr,Mass-Market,False,2,12,1.2255e-05,False
Muse,Behr,Mass-Market,False,1,4,3.89e-06,False
Red Stone,Behr,Mass-Market,True,2,9,0.00013605,False
Sequoia Dusk,Behr,Mass-Market,False,2,12,1.7055e-06,False
Wild Manzanita,Behr,Mass-Market,False,2,14,3.1606e-05,False
Pearl Drops,Behr,Mass-Market,False,2,11,1.76e-05,False
Malted Milk,Behr,Mass-Market,False,2,11,2.2967e-05,False
Pecan Sandie,Behr,Mass-Market,False,2,12,4.854999999999999e-07,False
Brown Teepee,Behr,Mass-Market,True,2,12,5.1089e-05,False
Toffee Crunch,Behr,Mass-Market,False,2,13,2.673e-06,False
Belgian Sweet,Behr,Mass-Market,False,2,13,4.3955e-05,False
South Kingston,Behr,Mass-Market,False,2,14,0.00012825,False
Dew Drop,Behr,Mass-Market,False,2,8,5.0505e-05,False
Lime Light,Behr,Mass-Market,False,2,10,0.00011062,False
Contemplation,Behr,Mass-Market,False,1,13,1.41e-06,False
Pinedale Shores,Behr,Mass-Market,False,2,15,2.97065e-06,False
Wild Sage,Behr,Mass-Market,True,2,9,3.493e-05,False
Dense Shrub,Behr,Mass-Market,False,2,11,5.55e-06,False
Evergreen Bough,Behr,Mass-Market,False,2,15,1.5535e-06,False
Irish Linen,Behr,Mass-Market,False,2,11,1.9385e-05,False
Sentimental,Behr,Mass-Market,False,1,11,3.39e-06,False
Sweet Breeze,Behr,Mass-Market,False,2,12,4.427e-05,False
Quiet Refuge,Behr,Mass-Market,False,2,12,2.6415e-05,False
Milk Chocolate,Behr,Mass-Market,False,2,14,3.8299999999999996e-05,False
Painted Leather,Behr,Mass-Market,False,2,15,2.24e-05,False
Rich Mahogany,Behr,Mass-Market,False,2,13,4.1624999999999995e-05,False
Parchment Paper,Behr,Mass-Market,False,2,15,5.935e-05,False
Raffia Cream,Behr,Mass-Market,True,2,12,2.0909999999999998e-05,False
Gobi Desert,Behr,Mass-Market,False,2,11,1.27235e-05,False
Harvest Brown,Behr,Mass-Market,True,2,13,5.635e-05,False
Mississippi Mud,Behr,Mass-Market,False,2,15,1.45e-05,False
Butternut Wood,Behr,Mass-Market,False,2,14,3.03785e-05,False
Chocolate Cupcake,Behr,Mass-Market,False,2,17,1.657e-05,False
Snow Leopard,Behr,Mass-Market,False,2,12,2.4795e-05,False
Pensive Sky,Behr,Mass-Market,False,2,11,2.64635e-05,False
Rhino,Behr,Mass-Market,False,1,5,3.72e-06,False
Sage Gray,Behr,Mass-Market,True,2,9,1.7480000000000002e-05,False
Valley Hills,Behr,Mass-Market,False,2,12,4.065e-05,False
Painted Turtle,Behr,Mass-Market,False,2,14,1.5265e-05,False
Black Swan,Behr,Mass-Market,True,2,10,0.00014746,False
Phantom Mist,Behr,Mass-Market,False,2,12,5.355e-06,False
Memories,Behr,Mass-Market,False,1,8,3.16e-05,False
Malt,Behr,Mass-Market,False,1,4,2.57e-06,False
Desert Echo,Behr,Mass-Market,False,2,11,1.8049999999999998e-05,False
Bitter Briar,Behr,Mass-Market,False,2,12,8.462e-06,False
Beechwood,Behr,Mass-Market,False,1,9,1.86e-07,False
Spanish Raisin,Behr,Mass-Market,False,2,14,2.736e-05,True
White Truffle,Behr,Mass-Market,True,2,13,0.000162575,False
Chocolate Froth,Behr,Mass-Market,False,2,15,1.5731e-05,False
Wheat Bread,Behr,Mass-Market,False,2,11,2.09e-05,False
Ashwood,Behr,Mass-Market,False,1,7,7.59e-08,False
Mocha Accent,Behr,Mass-Market,False,2,12,7.3775e-06,False
Toasted Walnut,Behr,Mass-Market,False,2,14,2.725e-06,False
Winter Oak,Behr,Mass-Market,False,2,10,4.635e-05,False
Reflecting Pool,Behr,Mass-Market,False,2,15,2.7655e-05,False
Light French Gray,Behr,Mass-Market,True,3,17,0.00012173333333333333,True
Rocky Mountain Sky,Behr,Mass-Market,False,3,18,4.023333333333333e-05,False
Stone Fence,Behr,Mass-Market,False,2,11,3.965e-05,False
Hidden Peak,Behr,Mass-Market,False,2,11,3.39e-05,False
Paramount,Behr,Mass-Market,False,1,9,5.37e-06,False
Dark As Night,Behr,Mass-Market,False,3,13,0.002135666666666667,False
Off White,Behr,Mass-Market,True,2,9,0.0005875,False
Smart White,Behr,Mass-Market,True,2,11,0.00019580000000000002,False
Cloud Nine,Behr,Mass-Market,False,2,10,5.145e-05,False
Lilac Tan,Behr,Mass-Market,True,2,9,5.745e-06,False
Winter Cocoa,Behr,Mass-Market,False,2,12,4.0985e-05,False
Warm Embrace,Behr,Mass-Market,False,2,12,3.29e-05,False
Sweet Truffle,Behr,Mass-Market,False,2,13,4.1225e-05,False
English Manor,Behr,Mass-Market,False,2,13,8.073e-05,True
White Clay,Behr,Mass-Market,True,2,10,0.00017175,False
Sandstone Cove,Behr,Mass-Market,False,2,14,4.044999999999999e-06,False
Castle Path,Behr,Mass-Market,False,2,11,3.9750000000000004e-05,False
Garden Wall,Behr,Mass-Market,False,2,11,8.445e-05,False
Village Square,Behr,Mass-Market,False,2,14,6.764999999999999e-05,False
Coconut Husk,Behr,Mass-Market,False,2,12,4.141e-06,False
Shadow Ridge,Behr,Mass-Market,False,2,12,2.035e-05,False
Polar White,Behr,Mass-Market,True,2,11,0.00016656,False
Sparkling Spring,Behr,Mass-Market,False,2,16,4.3415000000000004e-05,False
River Rock,Behr,Mass-Market,False,2,10,0.000107,False
Flint Smoke,Behr,Mass-Market,False,2,11,2.6345e-05,False
Nature Retreat,Behr,Mass-Market,False,2,14,5.45e-05,False
Amphibian,Behr,Mass-Market,False,1,9,5.25e-07,False
Black Sable,Behr,Mass-Market,True,2,11,0.0001444885,False
Downy Fluff,Behr,Mass-Market,False,2,11,9.89e-07,False
Country Breeze,Behr,Mass-Market,False,2,14,0.00015462,False
Oak Ridge,Behr,Mass-Market,False,2,9,1.415e-05,False
Suede Leather,Behr,Mass-Market,False,2,13,1.209e-05,False
Bradford Brown,Behr,Mass-Market,True,2,14,5.381e-05,False
Windsor,Behr,Mass-Market,False,1,7,5.37e-06,False
Smooth Coffee,Behr,Mass-Market,False,2,13,4.875e-05,False
Seaside Sand,Behr,Mass-Market,False,2,12,1.565e-05,False
Cozy Cottage,Behr,Mass-Market,False,2,12,7.185e-06,False
Oat Straw,Behr,Mass-Market,False,2,9,5.2819999999999996e-06,False
Mochachino,Behr,Mass-Market,False,1,10,0.0,False
Twig Basket,Behr,Mass-Market,False,2,11,6.385e-06,False
Mountain Elk,Behr,Mass-Market,False,2,12,2.8395e-05,False
Frontier Shadow,Behr,Mass-Market,False,2,15,1.8415e-05,False
Dream Catcher,Behr,Mass-Market,False,2,13,4.2385e-05,False
Misty Surf,Behr,Mass-Market,False,2,10,4.845e-06,False
Prelude,Behr,Mass-Market,False,1,7,2e-06,False
Dark Storm Cloud,Behr,Mass-Market,False,3,16,6.15e-05,False
Myth,Behr,Mass-Market,False,1,4,1.2e-05,False
Marine Magic,Behr,Mass-Market,False,2,12,4.57e-05,False
Night Shade,Behr,Mass-Market,False,2,11,0.00021075,False
Polar Bear,Behr,Mass-Market,False,2,10,3.021e-05,False
Chalk,Behr,Mass-Market,False,1,5,4.9e-06,False
Feather Gray,Behr,Mass-Market,True,2,12,1.655e-05,False
Vintage Taupe,Behr,Mass-Market,True,2,13,7.7235e-06,False
Prestige,Behr,Mass-Market,False,1,8,5.62e-06,False
Castle Hill,Behr,Mass-Market,False,2,11,4.7149999999999994e-05,False
Tree Bark,Behr,Mass-Market,False,2,9,3.894e-05,False
Thick Chocolate,Behr,Mass-Market,False,2,15,2.985e-05,False
Ivory Mist,Behr,Mass-Market,True,2,10,5.88e-06,False
Hazelnut Cream,Behr,Mass-Market,True,2,14,2.11515e-05,False
Sandstone Cliff,Behr,Mass-Market,False,2,15,8.16e-06,False
Pebble Stone,Behr,Mass-Market,False,2,12,3.2645e-05,False
Desert Shadows,Behr,Mass-Market,False,2,14,1.83e-05,False
Lemon Pepper,Behr,Mass-Market,False,2,12,1.3199999999999999e-05,False
Hampton,Behr,Mass-Market,False,1,7,4.47e-06,False
Steam White,Behr,Mass-Market,True,2,11,0.00017855,False
Twilight Gray,Behr,Mass-Market,True,2,13,1.7405e-05,False
Skyline Steel,Behr,Mass-Market,False,2,13,2.7195e-05,False
Raging Sea,Behr,Mass-Market,False,2,10,5.9735e-05,False
Silver Hill,Behr,Mass-Market,True,2,11,6.534999999999999e-05,False
Sled,Behr,Mass-Market,False,1,4,1.7e-06,False
Deep Space,Behr,Mass-Market,False,2,10,0.000141,False
Creme Angels,Behr,Mass-Market,False,2,12,9.76e-06,False
Palatial,Behr,Mass-Market,False,1,8,4.07e-07,False
Regal,Behr,Mass-Market,False,1,5,2.19e-06,False
Adobe Straw,Behr,Mass-Market,False,2,11,6.58e-06,False
Blanket Brown,Behr,Mass-Market,True,2,13,5.685e-05,False
Traditional,Behr,Mass-Market,False,1,11,6.92e-05,False
Revival Mahogany,Behr,Mass-Market,False,2,16,5.23e-06,False
Toasted Marshmallow,Behr,Mass-Market,False,2,19,1.615e-06,False
Country Beige,Behr,Mass-Market,True,2,13,0.000152,False
Wild Honey,Behr,Mass-Market,False,2,10,4.325e-05,False
Lion,Behr,Mass-Market,False,1,4,1.78e-05,False
Shortgrass Prairie,Behr,Mass-Market,False,2,18,2.51225e-06,False
Spanish Galleon,Behr,Mass-Market,False,2,15,2.7036e-05,True
Moosewood,Behr,Mass-Market,False,1,9,1.15e-08,False
Igloo,Behr,Mass-Market,False,1,5,4.37e-07,False
Manhattan Mist,Behr,Mass-Market,False,2,14,9.59e-06,True
Gray Timber Wolf,Behr,Mass-Market,True,3,16,2.0266666666666667e-05,False
Down Pour,Behr,Mass-Market,False,2,9,0.0003858,False
Milestone,Behr,Mass-Market,False,1,9,5.13e-06,False
Distant Thunder,Behr,Mass-Market,False,2,15,1.465e-05,False
Sorcerer,Behr,Mass-Market,False,1,8,1.38e-06,False
Quartz White,Behr,Mass-Market,True,2,12,0.000164505,False
Kangaroo Tan,Behr,Mass-Market,True,2,12,6.68e-06,False
French Castle,Behr,Mass-Market,False,2,13,7.560000000000001e-05,True
Classic,Behr,Mass-Market,False,1,7,5.25e-05,False
Country Club,Behr,Mass-Market,False,2,12,0.00023,False
Oakwood Brown,Behr,Mass-Market,True,2,13,5.12135e-05,False
Chocolate Sparkle,Behr,Mass-Market,False,2,17,1.6649999999999998e-05,False
Lunar Light,Behr,Mass-Market,False,2,11,0.000109945,False
Belvedere Cream,Behr,Mass-Market,True,2,15,2.1158499999999997e-05,False
Sand Fossil,Behr,Mass-Market,False,2,11,1.8635e-05,False
Clay Pebble,Behr,Mass-Market,False,2,11,1.0845e-05,False
Carriage Door,Behr,Mass-Market,False,2,13,6.354e-05,False
Sandwashed Driftwood,Behr,Mass-Market,False,2,20,2.625e-07,False
Wanderer,Behr,Mass-Market,False,1,8,1.02e-06,False
Quietude,Behr,Mass-Market,False,1,8,7.41e-08,False
Silver Screen,Behr,Mass-Market,True,2,13,6.769999999999999e-05,False
Pewter Mug,Behr,Mass-Market,False,2,10,2.8665e-06,False
Gray Area,Behr,Mass-Market,True,2,9,0.0001581,False
Dark Ash,Behr,Mass-Market,False,2,8,6.225e-05,False
Evening Hush,Behr,Mass-Market,False,2,12,3.7675e-05,False
Beluga,Behr,Mass-Market,False,1,6,4.9e-07,False
Sweet Vanilla,Behr,Mass-Market,False,2,13,4.4109999999999996e-05,False
Smoked Oyster,Behr,Mass-Market,False,2,13,5.895e-06,False
Down Home,Behr,Mass-Market,False,2,9,0.0007025,False
Slate Pebble,Behr,Mass-Market,True,2,12,4.4e-06,False
Cheyenne Rock,Behr,Mass-Market,False,2,13,5.443e-05,False
Mountain Ridge,Behr,Mass-Market,False,2,14,3.345e-05,False
Bison Brown,Behr,Mass-Market,True,2,11,5.191e-05,False
Sea Salt,Behr,Mass-Market,False,2,8,7.74e-05,False
Baked Brie,Behr,Mass-Market,False,2,10,4.76e-06,False
Ocean Pearl,Behr,Mass-Market,False,2,11,3.195e-05,False
Koala Bear,Behr,Mass-Market,False,2,10,2.62e-05,False
Spartan Stone,Behr,Mass-Market,False,2,13,3.272e-05,False
Witch Hazel,Behr,Mass-Market,False,2,11,8.185e-06,False
Wild Rice,Behr,Mass-Market,False,2,9,4.9300000000000006e-05,False
Billowy Down,Behr,Mass-Market,False,2,12,0.00037954065,False
Full Moon,Behr,Mass-Market,False,2,9,0.00019854999999999997,False
Sterling,Behr,Mass-Market,False,1,8,1.35e-05,False
Sparrow,Behr,Mass-Market,False,1,7,3.02e-06,False
Anonymous,Behr,Mass-Market,False,1,9,1.48e-05,False
Dark Granite,Behr,Mass-Market,False,2,12,5.8620000000000005e-05,False
Stealth Jet,Behr,Mass-Market,False,2,11,1.1445e-05,False
White Dogwood,Behr,Mass-Market,True,2,13,0.00016218150000000002,False
Ancient Stone,Behr,Mass-Market,False,2,13,5.55e-05,False
Road Runner,Behr,Mass-Market,False,2,11,9.455e-05,False
Puddle,Behr,Mass-Market,False,1,6,1.82e-06,False
Simple Silhouette,Behr,Mass-Market,False,2,17,6.102e-05,False
Stone Hearth,Behr,Mass-Market,False,2,12,3.218e-05,False
Bitter Chocolate,Behr,Mass-Market,False,2,16,2.355e-05,False
Irish Mist,Behr,Mass-Market,False,2,10,1.9690000000000003e-05,False
Silver Drop,Behr,Mass-Market,True,2,11,8.115e-05,False
Dolphin Fin,Behr,Mass-Market,False,2,11,4.845e-06,False
Granite Boulder,Behr,Mass-Market,False,2,15,6.185e-06,False
Squirrel,Behr,Mass-Market,False,1,8,4.9e-06,False
Dusty Mountain,Behr,Mass-Market,False,2,14,2.919e-05,False
Black Bean,Behr,Mass-Market,True,2,10,0.000148775,False
Subtle Touch,Behr,Mass-Market,False,2,12,4.6649999999999996e-05,False
Gentle Rain,Behr,Mass-Market,False,2,11,3.3050000000000004e-05,False
Porpoise,Behr,Mass-Market,False,1,8,3.63e-07,False
Creek Bend,Behr,Mass-Market,False,2,10,1.845e-05,False
Amazon Stone,Behr,Mass-Market,False,2,12,4.9300000000000006e-05,True
Trail Print,Behr,Mass-Market,False,2,11,3.1450000000000006e-05,False
Dark Cavern,Behr,Mass-Market,False,2,11,5.56e-05,False
Fabulous Fawn,Behr,Mass-Market,False,2,13,6.525e-06,False
Hazy Taupe,Behr,Mass-Market,True,2,10,8.635e-07,False
Veronese Peach,Behr,Mass-Market,True,2,14,3.024e-06,False
Pink Taffy,Behr,Mass-Market,True,2,10,1.68065e-05,False
Shabby Chic Pink,Behr,Mass-Market,True,3,16,1.3266666666666666e-05,False
Desert Lights,Behr,Mass-Market,False,2,13,3.4399999999999996e-05,False
Virtuous Violet,Behr,Mass-Market,True,2,15,4.31e-06,False
Sweet Lavender,Behr,Mass-Market,True,2,14,4.2025e-05,False
Caribbean Sky,Behr,Mass-Market,False,2,13,3.285e-05,True
Cotton Denim,Behr,Mass-Market,False,2,12,1.2855e-05,False
Serene Journey,Behr,Mass-Market,False,2,14,2.328e-05,False
Siamese Green,Behr,Mass-Market,True,2,13,6.79665e-05,False
Chilled Cucumber,Behr,Mass-Market,False,2,16,2.83e-06,False
Fresh Nectar,Behr,Mass-Market,False,2,12,3.469e-05,False
Golden Poppy,Behr,Mass-Market,True,2,12,2.5345e-05,False
Brandied Pears,Behr,Mass-Market,False,2,14,7.357e-07,False
Tropical Blooms,Behr,Mass-Market,False,2,15,8.619999999999999e-06,False
Fresh Watermelon,Behr,Mass-Market,False,2,16,3.4920000000000004e-05,False
Berry Blush,Behr,Mass-Market,False,2,11,6.480000000000001e-06,False
Lively Lilac,Behr,Mass-Market,True,2,12,4.265e-06,False
Blue Dahlia,Behr,Mass-Market,True,2,11,6.7862e-05,False
Relaxed Blue,Behr,Mass-Market,True,2,12,7.26e-05,False
Hopeful Blue,Behr,Mass-Market,True,2,12,7.0585e-05,False
Artful Aqua,Behr,Mass-Market,False,2,11,1.7245e-06,False
Spring Sprig,Behr,Mass-Market,False,2,12,4.17345e-05,False
Aloe Plant,Behr,Mass-Market,False,2,10,3.9375e-05,False
Modish Moss,Behr,Mass-Market,False,2,11,3.9475e-06,False
Butter Creme,Behr,Mass-Market,False,2,12,1.321e-05,False
Kernel,Behr,Mass-Market,False,1,6,3.8e-06,False
Corkboard,Behr,Mass-Market,False,1,9,3.8e-08,False
Fire Coral,Behr,Mass-Market,True,2,10,0.00010362,False
Grand Sunset,Behr,Mass-Market,False,2,12,4.615e-05,False
Cinnamon Candle,Behr,Mass-Market,False,2,15,6.300000000000001e-06,False
Winning Red,Behr,Mass-Market,True,2,11,0.00015225000000000001,False
Vintage Plum,Behr,Mass-Market,True,2,12,9.325e-06,False
Grape Fizz,Behr,Mass-Market,False,2,10,2.9825000000000002e-06,False
Dark Iris,Behr,Mass-Market,False,2,9,5.7875000000000004e-05,False
Honest Blue,Behr,Mass-Market,True,2,11,9.435e-05,False
Blue Green Gem,Behr,Mass-Market,True,3,14,9.247e-05,False
Veiled Chameleon,Behr,Mass-Market,False,2,16,1.54e-06,False
Champagne Grape,Behr,Mass-Market,False,2,15,6.475e-06,False
Liquid Gold,Behr,Mass-Market,True,2,11,8.625e-05,False
Optimist Gold,Behr,Mass-Market,True,2,13,7.4525e-05,False
Chamois Leather,Behr,Mass-Market,False,2,15,1.13475e-05,False
Airbrushed Copper,Behr,Mass-Market,True,2,17,9.4375e-06,False
Clay Red,Behr,Mass-Market,True,2,8,0.00011425000000000001,False
Caliente,Behr,Mass-Market,False,1,8,2.95e-07,False
Fortune Red,Behr,Mass-Market,True,2,11,0.0001145,False
Red Red Red,Behr,Mass-Market,True,3,11,0.000209,False
Deep Claret,Behr,Mass-Market,False,2,11,5.6281e-05,False
July Ruby,Behr,Mass-Market,False,2,9,7.877499999999999e-05,False
Loyalty,Behr,Mass-Market,False,1,7,1.48e-05,False
Turquoise,Behr,Mass-Market,True,1,9,2.14e-06,False
Vert Pierre,Behr,Mass-Market,False,2,11,4.943499999999999e-06,False
Garden Greenery,Behr,Mass-Market,False,2,15,2.9796e-05,False
Jalapeno,Behr,Mass-Market,False,1,8,3.63e-07,False
French Parsley,Behr,Mass-Market,False,2,14,6.243000000000001e-05,True
Calm,Behr,Mass-Market,False,1,4,3.47e-05,False
Maui Mist,Behr,Mass-Market,False,2,9,3.46e-06,False
Tinsmith,Behr,Mass-Market,False,1,8,3.98e-08,False
Canyon Wind,Behr,Mass-Market,False,2,11,3.916e-05,False
Silver Polish,Behr,Mass-Market,True,2,13,4.205e-05,False
White Bl-w14,Behr,Mass-Market,True,2,12,0.00016202175,False
Frost Bl-w15,Behr,Mass-Market,False,2,12,4.47675e-06,False
Ice Sculpture,Behr,Mass-Market,False,2,13,5.416e-05,False
Blue Bird Day,Behr,Mass-Market,True,3,13,0.0003562333333333333,False
Ethereal White,Behr,Mass-Market,True,2,14,0.00016279,False
Dusting Powder,Behr,Mass-Market,False,2,14,9.53e-06,False
Whispering Waterfall,Behr,Mass-Market,False,2,20,3.02e-06,False
Wind Chill,Behr,Mass-Market,False,2,10,4.215e-05,False
Frothy Surf,Behr,Mass-Market,False,2,11,3.8335e-06,False
Bakery Box,Behr,Mass-Market,False,2,10,5.734e-05,False
Black,Behr,Mass-Market,True,1,5,0.000288,False
Bauhaus Buff,Behr,Mass-Market,False,2,12,2.144e-06,False
Understated,Behr,Mass-Market,False,1,11,1.29e-06,False
Essential Brown,Behr,Mass-Market,True,2,15,7.135e-05,False
Comforting Gray,Behr,Mass-Market,True,2,15,1.6135e-05,False
Ground Fog,Behr,Mass-Market,False,2,10,7.447000000000001e-05,False
Urban Putty,Behr,Mass-Market,False,2,11,2.2738e-05,False
Frosted Silver,Behr,Mass-Market,True,2,14,3.2835e-05,False
Sonata Blue,Behr,Mass-Market,True,2,11,6.8175e-05,False
Heather Gray,Behr,Mass-Market,True,2,12,1.7805e-05,False
Gourmet Mushroom,Behr,Mass-Market,False,2,16,3.28e-06,False
Pink Granite,Behr,Mass-Market,True,2,12,2.017e-05,False
Mauvelous,Behr,Mass-Market,False,1,9,0.0,False
Cozy Cocoa,Behr,Mass-Market,False,2,10,4.37e-06,False
Over The Taupe,Behr,Mass-Market,True,3,14,0.018300115666666665,False
Tapestry Gold,Behr,Mass-Market,True,2,13,7.486999999999999e-05,False
Winter Sage,Behr,Mass-Market,True,2,11,4.218e-05,False
Casual Gray,Behr,Mass-Market,True,2,11,2.26e-05,False
Aqua Gray,Behr,Mass-Market,True,2,9,1.5445000000000002e-05,False
Formal Affair,Behr,Mass-Market,False,2,13,2.4100000000000003e-05,False
Purple Rubiate,Behr,Mass-Market,True,2,14,1.045e-05,False
Double Espresso,Behr,Mass-Market,False,2,15,5.2225e-05,False
Chocolate Chiffon,Behr,Mass-Market,False,2,17,1.5758499999999998e-05,False
Almond Truffle,Behr,Mass-Market,False,2,14,2.2700000000000003e-06,False
Shadow Taupe,Behr,Mass-Market,True,2,12,1.39235e-05,False
Gray Pepper,Behr,Mass-Market,True,2,11,2.1000000000000002e-05,False
Lunar Basalt,Behr,Mass-Market,False,2,12,3.4700000000000002e-06,False
Aged Eucalyptus,Behr,Mass-Market,False,2,15,1.631e-05,False
Nostalgic Evening,Behr,Mass-Market,False,2,17,3.761e-05,False
Dark Room,Behr,Mass-Market,False,2,9,0.0001775,False
Enigmatic,Behr,Mass-Market,False,1,9,1.29e-06,False
Mahogany Spice,Behr,Mass-Market,False,2,14,5.33e-06,False
Maximum Mocha,Behr,Mass-Market,False,2,13,2.03775e-05,False
Harvest Oak,Behr,Mass-Market,False,2,11,1.2899999999999998e-05,False
Spiced Latte,Behr,Mass-Market,False,2,12,1.5249999999999998e-06,False
Ground Pepper,Behr,Mass-Market,False,2,13,7.740000000000001e-05,False
Restful Brown,Behr,Mass-Market,True,2,13,5.1281e-05,False
Gray Owl,Behr,Mass-Market,True,2,8,1.7805e-05,False
Spade Black,Behr,Mass-Market,True,2,11,0.00014507,False
Peak Point,Behr,Mass-Market,False,2,10,0.00019045,False
Moody Black,Behr,Mass-Market,True,2,11,0.000146505,False
Simply White,Behr,Mass-Market,True,2,12,0.000222,False
Confection,Behr,Mass-Market,False,1,10,3.02e-07,False
Lively White,Behr,Mass-Market,True,2,12,0.00016562,False
Beach House,Behr,Mass-Market,False,2,11,0.0002981,False
Quiet Whisper,Behr,Mass-Market,False,2,13,2.51e-05,False
Solid Opal,Behr,Mass-Market,False,2,10,2.764e-05,False
Cotton Blossom,Behr,Mass-Market,False,2,14,1.3284999999999999e-05,False
Pebble Cream,Behr,Mass-Market,True,2,12,2.1944999999999997e-05,False
Atlantis Pearl,Behr,Mass-Market,False,2,14,8.245e-06,False
Rock Salt,Behr,Mass-Market,False,2,9,7.34e-05,False
Fresh Popcorn,Behr,Mass-Market,False,2,13,3.6485e-05,False
Vibrant White,Behr,Mass-Market,True,2,13,0.00016434000000000002,False
Smoky White,Behr,Mass-Market,True,2,11,0.00016307,False
Silk Lining,Behr,Mass-Market,False,2,11,1.0245000000000001e-05,False
Predictable,Behr,Mass-Market,False,1,11,5.75e-06,False
Ancient Ivory,Behr,Mass-Market,True,2,13,2.749e-05,False
Shark Tooth,Behr,Mass-Market,False,2,11,1.23e-05,False
Spring White,Behr,Mass-Market,True,2,12,0.00020360000000000002,False
Queen Annes Lace,Behr,Mass-Market,False,3,16,2.6387e-05,False
Melting Icicles,Behr,Mass-Market,False,2,15,3.2835e-06,False
Poetic Light,Behr,Mass-Market,False,2,12,0.00010945,False
Lambskin,Behr,Mass-Market,False,1,8,1.07e-07,False
Vanilla Frost,Behr,Mass-Market,False,2,13,7.915e-06,False
Mocha Light,Behr,Mass-Market,False,2,11,0.0001074775,False
Sandy Clay,Behr,Mass-Market,False,2,10,1.75e-05,False
Stucco Tan,Behr,Mass-Market,True,2,10,5.497e-06,False
Alpaca Blanket,Behr,Mass-Market,False,2,14,6.1655e-06,False
Alpine Frost,Behr,Mass-Market,False,2,12,6.54e-06,True
Silver Feather,Behr,Mass-Market,True,2,14,3.475e-05,False
Diamonds Therapy,Behr,Mass-Market,False,2,16,2.1799999999999998e-05,False
Resort White,Behr,Mass-Market,True,2,12,0.0001737,False
Bauhaus,Behr,Mass-Market,False,1,7,3.98e-07,False
Scarlet,Behr,Mass-Market,True,1,7,4.37e-06,False
Cavern Echo,Behr,Mass-Market,False,2,11,6.1e-06,False
Mudslide,Behr,Mass-Market,False,1,8,1.86e-07,False
Amazon Foliage,Behr,Mass-Market,False,2,14,1.9035e-05,True
Palomino Tan,Behr,Mass-Market,True,2,12,5.197500000000001e-06,False
Safari Brown,Behr,Mass-Market,True,2,12,5.3135e-05,False
Dark Burgundy Wine,Behr,Mass-Market,True,3,18,5.596e-05,False
Warm Stone,Behr,Mass-Market,False,2,10,5.72e-05,False
Ibis,Behr,Mass-Market,False,1,4,6.76e-07,False
Deep Forest,Behr,Mass-Market,False,2,11,8.104999999999999e-05,False
Rustic Rose,Behr,Mass-Market,True,2,11,3.4219999999999994e-05,False
Water Chestnut,Behr,Mass-Market,False,2,14,0.00016694000000000002,False
Green Mallard,Behr,Mass-Market,True,2,13,6.7823e-05,False
City Of Bridges,Behr,Mass-Market,False,3,15,0.008506533333333333,False
Dominant Gray,Behr,Mass-Market,True,2,13,2.26e-05,False
Poisonberry,Behr,Mass-Market,False,1,11,0.0,False
Historical Ruins,Behr,Mass-Market,False,2,16,2.9749999999999998e-05,False
Amazon River,Behr,Mass-Market,False,2,12,7.125e-05,True
Chicory Root,Behr,Mass-Market,False,2,12,1.29725e-05,False
Field Khaki,Behr,Mass-Market,True,2,11,8.755e-05,False
Catskill Brown,Behr,Mass-Market,True,2,14,5.1158e-05,False
Atlantic Tide,Behr,Mass-Market,False,2,13,1.785e-05,True
Colonnade Gray,Behr,Mass-Market,True,2,14,1.4228500000000001e-05,False
New Navy Blue,Behr,Mass-Market,True,3,13,0.0006507333333333333,False
Carriage Red,Behr,Mass-Market,True,2,12,0.00010804,False
Bucolic Blue,Behr,Mass-Market,True,2,12,6.76375e-05,False
Stately White,Behr,Mass-Market,True,2,13,0.000162675,False
Black Space,Behr,Mass-Market,True,2,11,0.000229,False
Midsummer,Behr,Mass-Market,False,1,9,1.29e-06,False
Picket Fence White,Behr,Mass-Market,True,3,18,0.00011402000000000001,False
Jolly Green,Behr,Mass-Market,True,2,11,6.936e-05,False
Mineral Yellow,Behr,Mass-Market,True,2,14,2.985e-05,False
Cotton Field,Behr,Mass-Market,False,2,12,9.82e-05,False
Aegean Blue,Behr,Mass-Market,True,2,11,6.79255e-05,True
Miami Stucco,Behr,Mass-Market,False,2,12,1.5146999999999999e-05,False
Alpine Air,Behr,Mass-Market,False,2,10,0.000119085,True
Sunset Orange,Behr,Mass-Market,True,2,13,2.6349999999999997e-05,False
Soft Wheat,Behr,Mass-Market,False,2,10,2.905e-05,False
Charcoal,Behr,Mass-Market,True,1,8,3.8e-06,False
Bricktone,Behr,Mass-Market,False,1,9,0.0,False
Desert Sandstorm,Behr,Mass-Market,False,2,16,1.28185e-05,False
Pepper Mill,Behr,Mass-Market,False,2,11,1.89e-05,False
Classic Brown,Behr,Mass-Market,True,2,13,7.725000000000001e-05,False
Mojave Dusk,Behr,Mass-Market,False,2,11,1.8749999999999998e-06,False
Marquee White,Behr,Mass-Market,True,2,13,0.000162755,False
Courtyard Blue,Behr,Mass-Market,True,2,14,6.9735e-05,False
Smokey Tan,Behr,Mass-Market,True,2,10,6.03e-06,False
Stucco White,Behr,Mass-Market,True,2,12,0.000162397,False
Deep Mulberry,Behr,Mass-Market,False,2,13,5.6705e-05,False
Natural Copper,Behr,Mass-Market,True,2,14,7.379999999999999e-05,False
Tailwind,Behr,Mass-Market,False,1,8,2.04e-07,False
River Pebble,Behr,Mass-Market,False,2,12,5.4595e-05,False
Concrete Sidewalk,Behr,Mass-Market,False,2,17,1.6145000000000002e-05,False
Stone Creek,Behr,Mass-Market,False,2,11,4.325e-05,False
Raw Sienna,Behr,Mass-Market,True,2,10,1.74165e-05,False
Stormy Gray,Behr,Mass-Market,True,2,11,1.554e-05,False
Pavestone,Behr,Mass-Market,False,1,9,0.0,False
Pasture Green,Behr,Mass-Market,True,2,13,6.8645e-05,False
Early Harvest,Behr,Mass-Market,False,2,13,0.00013984999999999998,False
Alabaster,Behr,Mass-Market,False,1,9,5.13e-07,False
Molten Lead,Behr,Mass-Market,False,2,11,8.007e-05,False
Shortbread Cookie,Behr,Mass-Market,False,2,17,6.0155e-06,False
Outback Brown,Behr,Mass-Market,True,2,13,5.181e-05,False
Dusk Blue,Behr,Mass-Market,True,2,9,6.887500000000001e-05,False
Santa Fe Tan,Behr,Mass-Market,True,3,12,1.6346666666666667e-05,False
White Mountain,Behr,Mass-Market,True,2,14,0.00018885,False
Cimarron,Behr,Mass-Market,False,1,8,1.74e-07,False
Fresh Sawdust,Behr,Mass-Market,False,2,13,3.4154e-05,False
Wood Acres,Behr,Mass-Market,False,2,10,3.7550000000000005e-05,False
Evergreen Trail,Behr,Mass-Market,False,2,15,1.5385e-05,False
True Walnut,Behr,Mass-Market,False,2,11,0.000127315,False
Phoenix Villa,Behr,Mass-Market,False,2,13,1.6000000000000003e-05,False
Saltbox Blue,Behr,Mass-Market,True,2,12,6.751775e-05,False
Florence Red,Behr,Mass-Market,True,2,12,0.00010906,True
Riviera Retreat,Behr,Mass-Market,False,2,15,7.66e-06,False
Cordovan Leather,Behr,Mass-Market,False,2,16,1.122945e-05,False
Center Earth,Behr,Mass-Market,False,2,12,0.000135,False
Wildwood,Behr,Mass-Market,False,1,8,4.37e-07,False
Crater Lake,Behr,Mass-Market,False,2,11,3.5575000000000004e-05,False
Potting Moss,Behr,Mass-Market,False,2,12,4.1365e-06,False
New Harvest Moon,Behr,Mass-Market,False,3,16,0.0006136,False
Corral Brown,Behr,Mass-Market,True,2,12,5.1575e-05,False
Quiet Teal,Behr,Mass-Market,True,2,10,2.324e-05,False
Elderflower,Behr,Mass-Market,False,1,11,1.12e-07,False
Rich Bordeaux,Behr,Mass-Market,False,2,13,4.1795e-05,False
Cool December,Behr,Mass-Market,False,2,13,0.000129,False
Maritime White,Behr,Mass-Market,True,2,14,0.00016656,False
Wild Cranberry,Behr,Mass-Market,False,2,14,3.2290000000000004e-05,False
White Wool,Behr,Mass-Market,True,2,10,0.00016606500000000002,False
Calcium,Behr,Mass-Market,False,1,7,6.61e-06,False
Silver Ash,Behr,Mass-Market,True,2,10,3.955e-05,False
Confident White,Behr,Mass-Market,True,2,15,0.00017545,False
Polished Marble,Behr,Mass-Market,False,2,15,7.435000000000001e-06,False
Coconut Twist,Behr,Mass-Market,False,2,13,1.2095e-05,False
Palais White,Behr,Mass-Market,True,2,12,0.000162397,False
Atrium White,Behr,Mass-Market,True,2,12,0.00016266000000000002,False
Amazon Breeze,Behr,Mass-Market,False,2,13,2.137e-05,True
Precious Dewdrop,Behr,Mass-Market,False,2,16,1.072945e-05,False
Unwind,Behr,Mass-Market,False,1,6,1.23e-06,False
Winds Breath,Behr,Mass-Market,False,2,12,2.485e-05,False
Angel Feather,Behr,Mass-Market,False,2,13,1.655e-05,False
Arcade White,Behr,Mass-Market,True,2,12,0.000164685,False
Snowfall White,Behr,Mass-Market,True,2,14,0.00016283,False
Nouveau Copper,Behr,Mass-Market,True,2,14,9.885000000000001e-06,False
Copper Moon,Behr,Mass-Market,True,2,11,3.435e-05,False
Ancho Pepper,Behr,Mass-Market,False,2,12,6.9323e-06,False
Avenue Tan,Behr,Mass-Market,True,2,10,1.855e-05,False
Cocoa Shell,Behr,Mass-Market,False,2,11,1.4435e-05,False
Campfire Blaze,Behr,Mass-Market,False,2,14,3.0799999999999997e-06,False
Oak Creek,Behr,Mass-Market,False,2,9,1.925e-05,False
Mustard Field,Behr,Mass-Market,True,2,13,8.945e-05,False
Concord Buff,Behr,Mass-Market,False,2,12,3.4200000000000003e-06,False
Bungalow Beige,Behr,Mass-Market,True,2,14,2.0950000000000003e-06,False
Clean Canvas,Behr,Mass-Market,False,2,12,5.1210000000000006e-05,False
Craft Brown,Behr,Mass-Market,True,2,11,6.1e-05,False
Butter Nut,Behr,Mass-Market,False,2,10,1.8049999999999998e-05,False
Bristol Beige,Behr,Mass-Market,True,2,13,6.349999999999999e-06,False
Peat,Behr,Mass-Market,False,1,4,2e-06,False
Cumin,Behr,Mass-Market,False,1,5,1.02e-06,False
Fern Grove,Behr,Mass-Market,False,2,10,5.284999999999999e-06,False
Meadowland,Behr,Mass-Market,False,1,10,4.27e-08,False
Welded Iron,Behr,Mass-Market,False,2,11,2.841e-05,False
Garden Promenade,Behr,Mass-Market,False,2,16,3.019e-05,False
Grant Gray,Behr,Mass-Market,True,2,10,3.7500000000000003e-05,False
Halls Of Ivy,Behr,Mass-Market,False,3,12,0.00837128,False
Keystone Gray,Behr,Mass-Market,True,2,13,1.551e-05,False
Cedar Forest,Behr,Mass-Market,False,2,12,2.7924999999999998e-05,False
Provence Blue,Behr,Mass-Market,True,2,13,6.805e-05,True
Cabana Blue,Behr,Mass-Market,True,2,11,6.77505e-05,False
Lyric Blue,Behr,Mass-Market,True,2,10,6.9635e-05,False
Blue Metal,Behr,Mass-Market,True,2,10,0.00010055,False
Sarsaparilla,Behr,Mass-Market,False,1,12,1.29e-07,False
Lilac Fields,Behr,Mass-Market,True,2,12,2.0545e-05,False
Heather Sachet,Behr,Mass-Market,False,2,14,3.7860000000000003e-06,False
Smokey Claret,Behr,Mass-Market,False,2,13,1.211e-06,False
Carnation Festival,Behr,Mass-Market,False,2,18,2.65005e-05,False
Timeless Ruby,Behr,Mass-Market,False,2,13,6.47e-06,False
Fine Burgundy,Behr,Mass-Market,True,2,13,8.644e-05,False
Grand Grape,Behr,Mass-Market,False,2,11,4.3154999999999996e-05,False
French Rose,Behr,Mass-Market,True,2,11,9.455e-05,True
Orchard Plum,Behr,Mass-Market,True,2,12,3.635e-06,False
Sovereign,Behr,Mass-Market,False,1,9,8.91e-06,False
Dark Berry,Behr,Mass-Market,False,2,10,5.9665000000000006e-05,False
Sun Baked Earth,Behr,Mass-Market,False,3,15,7.220666666666666e-05,False
Persimmon Red,Behr,Mass-Market,True,2,13,0.0001046735,False
Tapestry Red,Behr,Mass-Market,True,2,12,0.00010537,False
January Garnet,Behr,Mass-Market,False,2,14,6.224e-05,False
Terrace Brown,Behr,Mass-Market,True,2,13,5.4795e-05,False
Sassafras Tea,Behr,Mass-Market,False,2,13,2.6954499999999997e-05,False
Library Leather,Behr,Mass-Market,False,2,15,4.74e-05,False
Pinecone Path,Behr,Mass-Market,False,2,13,2.57085e-05,False
Warm Onyx,Behr,Mass-Market,False,2,9,2.61385e-05,False
Burnished Caramel,Behr,Mass-Market,False,2,17,1.6915e-06,False
Beacon Yellow,Behr,Mass-Market,True,2,13,2.7249999999999998e-05,False
Ceylon Cream,Behr,Mass-Market,True,2,12,2.168e-05,False
Cellini Gold,Behr,Mass-Market,True,2,12,7.4089e-05,False
Butter Caramel,Behr,Mass-Market,False,2,14,1.4060000000000001e-05,False
Apple Wine,Behr,Mass-Market,False,2,10,5.625e-05,False
Portsmouth Olive,Behr,Mass-Market,True,2,16,8.14e-06,False
Sporting Green,Behr,Mass-Market,True,2,14,7.475e-05,False
Dark Everglade,Behr,Mass-Market,False,2,14,5.5010200000000004e-05,False
Sophisticated Teal,Behr,Mass-Market,True,2,18,6.49e-06,False
Soothing Spring,Behr,Mass-Market,False,2,15,4.301e-05,False
Black Ribbon,Behr,Mass-Market,True,2,12,0.00014723,False
Oceanus,Behr,Mass-Market,False,1,7,7.08e-08,False
Champlain Blue,Behr,Mass-Market,True,2,14,6.7862e-05,False
Indigo Ink,Behr,Mass-Market,True,2,10,6.87e-06,False
Calypso Blue,Behr,Mass-Market,True,2,12,6.7862e-05,False
Nocturne Blue,Behr,Mass-Market,True,2,13,6.76945e-05,False
Amber Moon,Behr,Mass-Market,True,2,10,2.9715e-05,False
Garden Rose White,Behr,Mass-Market,True,3,17,0.00014966666666666668,False
Candlewick,Behr,Mass-Market,False,1,10,5.13e-08,False
Chic Peach,Behr,Mass-Market,True,2,10,5.34e-06,False
Pale Palomino,Behr,Mass-Market,False,2,13,6.0975000000000005e-06,False
Country Linens,Behr,Mass-Market,False,2,14,0.0001513305,False
Country Cork,Behr,Mass-Market,False,2,12,0.000153565,False
Vintage Tea Rose,Behr,Mass-Market,True,3,16,4.4966666666666664e-05,False
Pink Posey,Behr,Mass-Market,True,2,10,1.6966e-05,False
Hydrangea Bouquet,Behr,Mass-Market,False,2,17,1.4019999999999999e-06,False
Bridal Bouquet,Behr,Mass-Market,False,2,14,2.8649999999999997e-06,False
Sherry Cream,Behr,Mass-Market,True,2,12,2.2105e-05,False
La Vie En Rose,Behr,Mass-Market,True,4,14,5.2985e-05,False
Peach Rose,Behr,Mass-Market,True,2,10,3.5995e-05,False
Apricotta,Behr,Mass-Market,False,1,9,0.0,False
Coral Coast,Behr,Mass-Market,True,2,11,4.067e-05,False
Sunkissed Apricot,Behr,Mass-Market,False,2,17,4.965e-07,False
Summer Sky,Behr,Mass-Market,False,2,10,0.00011125000000000001,False
Himalayan Poppy,Behr,Mass-Market,False,2,15,2.635e-06,True
Billowing Clouds,Behr,Mass-Market,False,2,16,7.4195e-06,False
English Hollyhock,Behr,Mass-Market,False,2,17,7.75397e-05,True
Waterfall,Behr,Mass-Market,False,1,9,3.47e-06,False
Pale Starlet,Behr,Mass-Market,False,2,12,6.234e-06,False
Violet Vista,Behr,Mass-Market,True,2,12,6.025e-06,False
Windrush,Behr,Mass-Market,False,1,8,1.29e-07,False
Greywood,Behr,Mass-Market,False,1,8,0.0,False
Grey Mist,Behr,Mass-Market,True,2,9,1.744e-05,False
Aged Jade,Behr,Mass-Market,True,2,9,1.8815000000000002e-05,False
Wind Fresh White,Behr,Mass-Market,True,3,16,0.00015360000000000002,False
Rainy Sidewalk,Behr,Mass-Market,False,2,14,5.145e-06,False
Bayberry Frost,Behr,Mass-Market,False,2,14,4.48065e-06,False
Watery,Behr,Mass-Market,False,1,6,1.55e-06,False
Seaglass,Behr,Mass-Market,False,1,8,1.26e-08,False
Swiss Cream,Behr,Mass-Market,True,2,11,2.895e-05,False
Fresh Willow,Behr,Mass-Market,False,2,12,3.625e-05,False
Cottage Hill,Behr,Mass-Market,False,2,12,3.8049999999999997e-05,False
Glowing Scarlet,Behr,Mass-Market,True,2,15,4.9950000000000005e-06,False
Wilderness Gray,Behr,Mass-Market,True,2,15,1.8555e-05,False
Hunt Club Brown,Behr,Mass-Market,True,3,15,9.696666666666666e-05,False
Taos Turquoise,Behr,Mass-Market,True,2,14,1.3265e-06,False
Corn Maze,Behr,Mass-Market,False,2,9,9.985e-06,False
Warm Cider,Behr,Mass-Market,False,2,10,2.723e-05,False
Pumpkin Mousse,Behr,Mass-Market,False,2,14,3.836e-06,False
Rye Flour,Behr,Mass-Market,False,2,9,6.655000000000001e-06,False
Baltic Blue,Behr,Mass-Market,True,2,11,6.936e-05,False
Soulful,Behr,Mass-Market,False,1,7,1.35e-06,False
Tangy Dill,Behr,Mass-Market,False,2,10,8.635e-07,False
Squirrels Nest,Behr,Mass-Market,False,2,14,7.075e-06,False
Spooky Ghost,Behr,Mass-Market,False,2,12,1.4845e-05,False
Pine Cone Brown,Behr,Mass-Market,True,3,15,4.0453333333333335e-05,False
Rain Boots,Behr,Mass-Market,False,2,10,3.635e-05,False
November,Behr,Mass-Market,False,1,8,0.000126,False
Fall Foliage,Behr,Mass-Market,False,2,12,6.8785e-05,False
Cranberry Zing,Behr,Mass-Market,False,2,14,1.0415000000000001e-06,False
Gilded Leaves,Behr,Mass-Market,False,2,13,3.1849999999999995e-05,False
Gingerbread Latte,Behr,Mass-Market,False,2,17,1.535e-06,False
Asian Pear,Behr,Mass-Market,False,2,10,2.5974999999999998e-05,False
Deer Trail,Behr,Mass-Market,False,2,10,2.0700000000000002e-05,False
Black Raspberry,Behr,Mass-Market,True,2,15,0.00014558,False
Majestic Blue,Behr,Mass-Market,True,2,13,6.936e-05,False
Lapis Lazuli,Behr,Mass-Market,False,2,12,4.27e-07,False
Yellow Groove,Behr,Mass-Market,True,2,13,2.7249999999999998e-05,False
Citronette,Behr,Mass-Market,False,1,10,0.0,False
Totally Black,Behr,Mass-Market,True,2,13,0.0001778,False
Desert Coral,Behr,Mass-Market,True,2,12,1.617e-05,False
Nano White,Behr,Mass-Market,True,2,10,0.000163475,False
Dynamic Magenta,Behr,Mass-Market,True,2,15,1.0725e-05,False
Whisper White,Behr,Mass-Market,True,2,13,0.00016475000000000002,False
Island Oasis,Behr,Mass-Market,False,2,12,5.2815e-05,False
Blooming Lilac,Behr,Mass-Market,True,2,14,1.7149999999999999e-06,False
Sweet Chrysanthemum,Behr,Mass-Market,False,2,19,4.0836e-05,False
Exclusive Ivory,Behr,Mass-Market,True,2,15,2.169e-05,False
Tiramisu Cream,Behr,Mass-Market,True,2,14,2.0994e-05,False
Rave Raisin,Behr,Mass-Market,False,2,11,2.165e-06,False
Sky Watch,Behr,Mass-Market,False,2,9,0.00013575000000000002,False
Zesty Apple,Behr,Mass-Market,False,2,11,2.88785e-05,False
Cherry Red,Behr,Mass-Market,True,2,10,0.00011205,False
Minimum Beige,Behr,Mass-Market,True,2,13,2.55e-05,False
Peach Mimosa,Behr,Mass-Market,True,2,12,3.19e-06,False
Soft Mint,Behr,Mass-Market,True,2,9,2.811e-05,False
Banana Leaf,Behr,Mass-Market,False,2,11,1.3300000000000001e-05,False
Dove,Behr,Mass-Market,False,1,4,4.68e-06,False
Tropical Sea,Behr,Mass-Market,False,2,12,6.505e-05,False
Ice Mist,Behr,Mass-Market,False,2,8,5.2340000000000004e-05,False
Luscious Lemon,Behr,Mass-Market,False,2,14,6.7884999999999995e-06,False
Virtual Violet,Behr,Mass-Market,True,2,14,1.391e-05,False
Sonic Silver,Behr,Mass-Market,True,2,12,3.6555e-05,False
Tart Orange,Behr,Mass-Market,True,2,11,2.202e-05,False
Cordite,Behr,Mass-Market,False,1,7,1.07e-07,False
Woodland Sage,Behr,Mass-Market,True,2,13,5.615e-06,False
White Oak,Behr,Mass-Market,True,2,9,0.00016955,False
Chenille Spread,Behr,Mass-Market,False,2,15,3.23615e-05,False
Creme De Caramel,Behr,Mass-Market,False,3,16,5.811333333333334e-05,False
Clay,Behr,Mass-Market,False,1,4,1.95e-05,False
Aged Olive,Behr,Mass-Market,True,2,10,2.195e-05,False
Patchwork Pink,Behr,Mass-Market,True,2,14,1.7179999999999998e-05,False
Hickory Branch,Behr,Mass-Market,False,2,14,1.966e-05,False
Papier Blanc,Behr,Mass-Market,False,2,12,1.5284999999999998e-06,False
Basic Khaki,Behr,Mass-Market,True,2,11,3.935e-05,False
Victorian Cameo,Behr,Mass-Market,False,2,15,8.11e-06,False
Dolphin Gray,Behr,Mass-Market,True,2,12,1.6440000000000002e-05,False
Sandalwood Tan,Behr,Mass-Market,True,2,14,5.3565e-06,False
Warm Marshmallow,Behr,Mass-Market,False,2,16,2.6355e-05,False
Curly Willow,Behr,Mass-Market,False,2,12,4.44e-06,False
Merino Wool,Behr,Mass-Market,False,2,11,4.4355e-06,False
Smoked Tan,Behr,Mass-Market,True,2,10,9.26e-06,False
Rococo Beige,Behr,Mass-Market,True,2,12,1.1945e-06,False
Natural Chamois,Behr,Mass-Market,False,2,15,6.46475e-05,False
New Cream,Behr,Mass-Market,True,2,9,0.0009108499999999999,False
Yuma Sand,Behr,Mass-Market,False,2,9,1.41295e-05,False
Lavender Suede,Behr,Mass-Market,True,2,14,2.265e-06,False
Cotton Grey,Behr,Mass-Market,True,2,11,2.63e-05,False
Weathered White,Behr,Mass-Market,True,2,15,0.000162705,False
Nomadic,Behr,Mass-Market,False,1,7,1.35e-06,False
Wet Cement,Behr,Mass-Market,False,2,10,2.1705000000000003e-05,False
Glacier Valley,Behr,Mass-Market,False,2,14,2.815e-05,False
Dew,Behr,Mass-Market,False,1,3,3.31e-06,False
Muscatel,Behr,Mass-Market,False,1,8,2.75e-08,False
Millennium Silver,Behr,Mass-Market,True,2,17,3.4804999999999996e-05,False
Soft Pebble,Behr,Mass-Market,False,2,11,2.5044999999999998e-05,False
Wild Truffle,Behr,Mass-Market,False,2,12,3.2125e-05,False
Soft Bronze,Behr,Mass-Market,True,2,11,3.185e-05,False
Fuschia Flair,Behr,Mass-Market,False,2,13,1.77295e-06,False
Intrigue Red,Behr,Mass-Market,True,2,12,0.00010564500000000001,False
Yellow Polka Dot,Behr,Mass-Market,True,3,16,2.059333333333333e-05,False
Cosmic Coral,Behr,Mass-Market,True,2,12,6.635e-06,False
Green Suede,Behr,Mass-Market,True,2,11,6.839e-05,False
Concept Beige,Behr,Mass-Market,True,2,13,3.045e-05,False
Tan Bark Trail,Behr,Mass-Market,True,3,14,1.5160000000000002e-05,False
Lavish Lime,Behr,Mass-Market,False,2,11,4.935e-06,False
Thermal Aqua,Behr,Mass-Market,False,2,12,6.845e-06,False
Midnight Mosaic,Behr,Mass-Market,False,2,15,1.2100000000000001e-05,False
Floating Blue,Behr,Mass-Market,True,2,13,7.505e-05,False
Thin Mint,Behr,Mass-Market,True,2,9,1.891e-05,False
Secret Glade,Behr,Mass-Market,False,2,12,4.19015e-05,False
Blue Tribute,Behr,Mass-Market,True,2,12,7.64e-05,False
Rouge Charm,Behr,Mass-Market,False,2,11,8.885e-06,False
Exclusive Violet,Behr,Mass-Market,True,2,16,2.161e-05,False
Exotic Palm,Behr,Mass-Market,False,2,11,1.2564999999999999e-05,False
Faint Peach,Behr,Mass-Market,True,2,11,5.9600000000000005e-06,False
Heirloom Apricot,Behr,Mass-Market,False,2,16,9.55e-07,False
Mocha Tan,Behr,Mass-Market,True,2,9,5.5775e-06,False
Tilled Earth,Behr,Mass-Market,False,2,12,5.7583e-05,False
Art House Pink,Behr,Mass-Market,True,3,14,0.00024703333333333334,False
Decorative Iris,Behr,Mass-Market,False,2,15,6.03e-06,False
Flurries,Behr,Mass-Market,False,1,8,2.29e-07,False
Winter Poinsettia,Behr,Mass-Market,False,2,17,3.8866000000000004e-05,False
Cranberry Tart,Behr,Mass-Market,False,2,14,1.91e-06,False
Cheerful Wine,Behr,Mass-Market,False,2,13,2.949e-05,False
Winter Haze,Behr,Mass-Market,False,2,11,4.0115e-05,False
Roasted Hazelnut,Behr,Mass-Market,False,2,16,2.9865e-06,False
Winter Coat,Behr,Mass-Market,False,2,11,5.025e-05,False
Icicle Mint,Behr,Mass-Market,True,2,11,4.2945e-06,False
North Wind,Behr,Mass-Market,False,2,10,0.0001441,False
Hidden Sapphire,Behr,Mass-Market,False,2,15,1.8324999999999998e-05,False
Spearmint Frosting,Behr,Mass-Market,False,2,18,6.645000000000001e-07,False
Green Garlands,Behr,Mass-Market,True,2,14,6.77085e-05,False
Zero Degrees,Behr,Mass-Market,False,2,12,3.8700000000000006e-05,False
Green Bean Casserol,Behr,Mass-Market,True,3,19,4.818333333333333e-05,False
Deep Emerald,Behr,Mass-Market,True,2,12,5.799e-05,False
New Sled,Behr,Mass-Market,False,2,8,0.00089085,False
Passion Plum,Behr,Mass-Market,True,2,12,1.5525e-05,False
Noble Gray,Behr,Mass-Market,True,2,10,2.28e-05,False
Lump Of Coal,Behr,Mass-Market,False,3,12,0.008378676666666666,False
Arctic Flow,Behr,Mass-Market,False,2,11,2.93e-05,True
Winter Evening,Behr,Mass-Market,False,2,14,7.500000000000001e-05,False
Preserved Petals,Behr,Mass-Market,False,2,16,7.29e-06,False
Steamed Milk,Behr,Mass-Market,False,2,12,2.3945e-05,False
Aqua Revival,Behr,Mass-Market,False,2,12,5.6e-06,False
Haze,Behr,Mass-Market,False,1,4,2.63e-06,False
Aroma,Behr,Mass-Market,False,1,5,1.7e-06,False
Seedless Grape,Behr,Mass-Market,False,2,14,2.5980000000000004e-06,False
Svelte,Behr,Mass-Market,False,1,6,1.66e-07,False
Aged To Perfection,Behr,Mass-Market,False,3,18,0.008980456666666666,False
Passion Fruit,Behr,Mass-Market,False,2,13,3.235e-05,False
Vintner,Behr,Mass-Market,False,1,7,1.07e-07,False
Deep Merlot,Behr,Mass-Market,False,2,11,5.6281e-05,False
Twinkled Pink,Behr,Mass-Market,True,2,13,1.65823e-05,False
Cassia Buds,Behr,Mass-Market,False,2,11,2.2969999999999998e-06,False
Bedazzled,Behr,Mass-Market,False,1,9,1.95e-07,False
Cherished,Behr,Mass-Market,False,1,9,2.57e-06,False
Amazonian Orchid,Behr,Mass-Market,False,2,16,1.2875e-06,False
Sophisticated Lilac,Behr,Mass-Market,True,2,19,6.2449999999999995e-06,False
Euphoric Magenta,Behr,Mass-Market,True,2,16,8.79e-07,False
Pink Proposal,Behr,Mass-Market,True,2,13,3.13e-05,False
Kiss Good Night,Behr,Mass-Market,False,3,15,0.0005883333333333334,False
Pink Wink,Behr,Mass-Market,True,2,9,1.8129999999999998e-05,False
Heart To Heart,Behr,Mass-Market,False,3,14,0.009102666666666667,False
Rosy,Behr,Mass-Market,False,1,4,1.91e-06,False
Love Poem,Behr,Mass-Market,False,2,9,0.0003394,False
Raspberry Crush,Behr,Mass-Market,False,2,15,8.98e-06,False
Pink Posies,Behr,Mass-Market,True,2,11,1.6601e-05,False
Creamy Freesia,Behr,Mass-Market,False,2,14,1.38295e-06,False
Wild Geranium,Behr,Mass-Market,False,2,13,3.17445e-05,False
Raspberry Smoothie,Behr,Mass-Market,False,2,18,2.47e-06,False
Cabaret,Behr,Mass-Market,False,1,7,1.74e-06,False
Tropical Hibiscus,Behr,Mass-Market,False,2,17,7.837499999999999e-06,False
Sugar Beet,Behr,Mass-Market,False,2,10,2.451e-05,False
Funhouse,Behr,Mass-Market,False,1,8,1.91e-07,False
Funny Face,Behr,Mass-Market,False,2,10,0.00019350000000000001,False
Premium Pink,Behr,Mass-Market,True,2,12,2.7249999999999998e-05,False
Fruit Cocktail,Behr,Mass-Market,False,2,14,2.248e-05,False
Cherry Fizz,Behr,Mass-Market,False,2,11,8.027499999999999e-06,False
Circus Red,Behr,Mass-Market,True,2,10,0.000109275,False
Dark Crimson,Behr,Mass-Market,True,2,12,5.699e-05,False
Lotus Petal,Behr,Mass-Market,False,2,11,2.635e-06,False
Peppermint Stick,Behr,Mass-Market,False,2,16,2.9365e-05,False
Apple Blossom,Behr,Mass-Market,False,2,13,3.0835e-05,False
Glow Pink,Behr,Mass-Market,True,2,9,2.0614999999999998e-05,False
Enamored,Behr,Mass-Market,False,1,8,6.03e-07,False
Lingonberry Punch,Behr,Mass-Market,False,2,17,1.04846e-05,False
Sweet Cherry,Behr,Mass-Market,False,2,12,4.82e-05,False
Cupcake Pink,Behr,Mass-Market,True,2,12,1.767e-05,False
Taffy Twist,Behr,Mass-Market,False,2,11,8.5565e-06,False
Sweet Tart,Behr,Mass-Market,False,2,10,4.1819999999999996e-05,False
She Loves Pink,Behr,Mass-Market,True,3,14,0.0006329333333333333,False
Pink Damask,Behr,Mass-Market,True,2,11,1.67045e-05,False
Matadors Cape,Behr,Mass-Market,False,2,13,1.005e-05,False
Raging Bull,Behr,Mass-Market,False,2,11,1.3185e-05,False
Pink Elephant,Behr,Mass-Market,True,2,13,2.255e-05,False
Prairie Rose,Behr,Mass-Market,True,2,12,3.5554999999999994e-05,False
Carnation Coral,Behr,Mass-Market,True,2,15,3.8705000000000005e-06,False
Passion Fruit Punch,Behr,Mass-Market,False,3,19,2.8533333333333337e-05,False
Indian Sunset,Behr,Mass-Market,False,2,13,4.615e-05,True
Dash Of Curry,Behr,Mass-Market,False,3,13,0.00837304,False
Tandoori,Behr,Mass-Market,False,1,8,2.29e-07,False
Island Hopping,Behr,Mass-Market,False,2,14,5.2345e-05,False
Resort Sunrise,Behr,Mass-Market,False,2,14,1.5005e-05,False
Flamingo Feather,Behr,Mass-Market,False,2,16,3.025e-06,False
Priceless Coral,Behr,Mass-Market,True,2,15,5.52e-06,False
King Salmon,Behr,Mass-Market,True,2,11,7.91e-05,False
Tiki Torch,Behr,Mass-Market,False,2,10,3.38e-06,False
Deep Fire,Behr,Mass-Market,False,2,9,0.000156,False
Pink Sea Salt,Behr,Mass-Market,True,3,13,6.263333333333334e-05,False
Everblooming,Behr,Mass-Market,False,1,12,0.0,False
Pink Abalone,Behr,Mass-Market,True,2,12,1.67785e-05,False
California Coral,Behr,Mass-Market,True,2,16,5.3620000000000005e-05,False
Fireplace Glow,Behr,Mass-Market,False,2,14,5.8e-06,False
Before Winter,Behr,Mass-Market,False,2,13,0.0004643,False
Colorful Leaves,Behr,Mass-Market,False,2,15,3.4005e-05,False
Peach Sachet,Behr,Mass-Market,True,2,12,3.0260000000000003e-06,False
Fruit Salad,Behr,Mass-Market,False,2,11,2.565e-05,False
Sunset Drive,Behr,Mass-Market,False,2,12,7.3e-05,False
Coral Cloud,Behr,Mass-Market,True,2,11,1.802e-05,False
Terra Cotta Clay,Behr,Mass-Market,False,3,16,7.652666666666667e-06,False
Oxide,Behr,Mass-Market,False,1,5,4.57e-06,False
Rusty Gate,Behr,Mass-Market,False,2,10,1.6785e-05,False
Seed Pearl,Behr,Mass-Market,False,2,10,1.8599999999999998e-05,False
Paper Heart,Behr,Mass-Market,False,2,11,0.0001605,False
Apricot Freeze,Behr,Mass-Market,False,2,14,6.9275e-06,False
Peach Shortcake,Behr,Mass-Market,True,2,15,3.0675000000000003e-06,False
Candied Yams (m210-5),Behr,Mass-Market,False,3,21,3.3666999999999996e-07,False
Orange Liqueur,Behr,Mass-Market,True,2,14,2.1173e-05,False
Thanksgiving,Behr,Mass-Market,False,1,12,1.1e-05,False
Marshmallow Whip,Behr,Mass-Market,False,2,16,5.805e-06,False
Pumpkin Essence,Behr,Mass-Market,False,2,15,8.73e-06,False
Carving Party,Behr,Mass-Market,False,2,13,0.00015612,False
Trick Or Treat,Behr,Mass-Market,False,3,14,0.0011854666666666666,False
Roasted Seeds,Behr,Mass-Market,False,2,13,1.2235e-05,False
Pumpkin Puree,Behr,Mass-Market,False,2,13,3.7505e-06,False
Jack O Lantern,Behr,Mass-Market,False,3,14,6.739e-05,False
Sweet Coconut Milk,Behr,Mass-Market,False,3,18,4.4863333333333335e-05,False
Fair Ivory,Behr,Mass-Market,True,2,10,5.2390000000000005e-05,False
Mystic Opal,Behr,Mass-Market,False,2,11,2.78e-06,False
Cactus Blooms,Behr,Mass-Market,False,2,13,2.3249999999999998e-06,False
Sweet Curry,Behr,Mass-Market,False,2,11,4.5209999999999996e-05,False
Amiable Orange,Behr,Mass-Market,True,2,14,2.1196e-05,False
Rumba Orange,Behr,Mass-Market,True,2,12,2.10635e-05,False
Bay Scallop,Behr,Mass-Market,False,2,11,2.7130999999999998e-05,False
Pinch Of Pearl,Behr,Mass-Market,False,3,14,0.008373183333333334,False
Ice Cream Parlour,Behr,Mass-Market,True,3,17,4.769333333333333e-05,False
Sheer Apricot,Behr,Mass-Market,False,2,13,5.5775e-06,False
Squash Bisque,Behr,Mass-Market,False,2,13,2.276e-06,False
Stunning Gold,Behr,Mass-Market,True,2,13,8.329999999999999e-05,False
Golden Pumpkin,Behr,Mass-Market,True,2,14,2.6779999999999998e-05,False
Frosting Cream,Behr,Mass-Market,True,2,14,2.141e-05,False
Golden Pastel,Behr,Mass-Market,True,2,13,2.429e-05,False
Apple Turnover,Behr,Mass-Market,False,2,14,3.1765e-05,False
Cake Spice,Behr,Mass-Market,False,2,10,2.1305e-05,False
Burnt Pumpkin,Behr,Mass-Market,False,2,13,8.73e-06,False
Toffee Tart,Behr,Mass-Market,False,2,11,1.558e-06,False
Blonde Wood,Behr,Mass-Market,False,2,11,3.565e-05,False
String Cheese,Behr,Mass-Market,False,2,13,3.115e-05,False
Light Nougat,Behr,Mass-Market,False,2,12,0.000107186,False
Time Out,Behr,Mass-Market,False,2,8,0.002175,False
Lunch Box,Behr,Mass-Market,False,2,9,7.785e-05,False
Mac N Cheese,Behr,Mass-Market,False,3,12,6.88e-05,False
Sweet Mustard,Behr,Mass-Market,True,2,13,4.31e-05,False
Back To School,Behr,Mass-Market,False,3,14,0.009504333333333333,False
Pearly White,Behr,Mass-Market,True,2,12,0.0001623705,False
Risotto,Behr,Mass-Market,False,1,7,7.41e-07,False
Cream Custard,Behr,Mass-Market,True,2,13,2.1589999999999998e-05,False
Filtered Moon,Behr,Mass-Market,False,2,13,2.667e-05,False
Beehive,Behr,Mass-Market,False,1,7,7.76e-07,False
Glazed Pears,Behr,Mass-Market,False,2,12,1.8200000000000002e-06,False
Wild Ginger,Behr,Mass-Market,False,2,11,3.5805e-05,False
Twinkling Lights,Behr,Mass-Market,False,2,16,2.2173e-05,False
Lunaria,Behr,Mass-Market,False,1,7,2.19e-08,False
Champagne Wishes,Behr,Mass-Market,False,2,16,1.5169999999999999e-05,False
Royal Gold,Behr,Mass-Market,True,2,10,0.0001094,False
Inheritance,Behr,Mass-Market,False,1,11,6.31e-06,False
Solid Gold,Behr,Mass-Market,True,2,10,0.00010085,False
24 Karat,Behr,Mass-Market,False,2,8,6.07135e-05,False
Thickened Cream,Behr,Mass-Market,True,2,15,2.1238e-05,False
Frittata,Behr,Mass-Market,False,1,8,1.66e-07,False
Corn Stalk,Behr,Mass-Market,False,2,10,9.19e-06,False
Garbanzo Paste,Behr,Mass-Market,False,2,14,4.1106e-06,False
English Custard,Behr,Mass-Market,False,2,15,7.824e-05,True
Plantain Chips,Behr,Mass-Market,False,2,14,8.334e-06,False
Turmeric,Behr,Mass-Market,False,1,8,7.41e-07,False
Sumatra,Behr,Mass-Market,False,1,7,1.07e-06,False
Taj Mahal,Behr,Mass-Market,False,2,9,1.7899999999999998e-06,False
Harmonious Gold,Behr,Mass-Market,True,2,15,7.4705e-05,False
Gilded,Behr,Mass-Market,False,1,6,2e-06,False
Ginger Jar,Behr,Mass-Market,False,2,10,8.51e-06,False
Indian Spice,Behr,Mass-Market,False,2,12,4.5005e-05,True
Persian Gold,Behr,Mass-Market,True,2,12,7.738e-05,True
Tibetan Jasmine,Behr,Mass-Market,False,2,15,3.6549999999999997e-06,False
Proper Temperature,Behr,Mass-Market,False,2,18,4.8100000000000004e-05,False
Champagne Cocktail,Behr,Mass-Market,False,2,18,7.850000000000001e-06,False
Almondine,Behr,Mass-Market,False,1,9,0.0,False
Chilled Wine,Behr,Mass-Market,False,2,12,2.9045e-05,False
Bitter Lemon,Behr,Mass-Market,False,2,12,1.4400000000000001e-05,False
Valley Vineyards,Behr,Mass-Market,False,2,16,2.7395e-05,False
Painters Canvas,Behr,Mass-Market,False,2,15,6.375000000000001e-06,False
Rice Wine,Behr,Mass-Market,False,2,9,4.525e-05,False
Brushstroke,Behr,Mass-Market,False,1,11,5.89e-08,False
Abstract,Behr,Mass-Market,False,1,8,1.38e-05,False
Dried Chamomile,Behr,Mass-Market,False,2,15,5.7085e-06,False
Tangy Green,Behr,Mass-Market,True,2,11,6.77185e-05,False
Thai Curry,Behr,Mass-Market,False,2,10,1.196e-05,False
Chanoyu,Behr,Mass-Market,False,1,7,1.02e-08,False
Flowery,Behr,Mass-Market,False,1,7,7.59e-07,False
Sweet Jasmine,Behr,Mass-Market,False,2,13,4.2685e-05,False
Morning Tea,Behr,Mass-Market,False,2,11,0.00013385,False
Fresh Brew,Behr,Mass-Market,False,2,10,3.5985e-05,False
Keemun,Behr,Mass-Market,False,1,6,0.0,False
Green Tea Leaf,Behr,Mass-Market,True,3,14,6.843333333333333e-05,False
Cauliflower,Behr,Mass-Market,False,1,11,1.58e-06,False
Floating Lily,Behr,Mass-Market,False,2,13,1.2005e-05,False
Pale Green Grape,Behr,Mass-Market,True,3,16,5.067e-05,False
Wasabi,Behr,Mass-Market,False,1,6,5.89e-07,False
Fresh Artichoke,Behr,Mass-Market,False,2,15,3.40685e-05,False
Spinach Dip,Behr,Mass-Market,False,2,11,7.11e-06,False
Classic Avocado,Behr,Mass-Market,False,2,15,2.7660000000000003e-05,False
Grass Root,Behr,Mass-Market,False,2,10,2.485e-05,False
Aloe Nectar,Behr,Mass-Market,False,2,11,1.465e-06,False
Sap Green,Behr,Mass-Market,True,2,9,6.949e-05,False
Sweet Grass,Behr,Mass-Market,False,2,11,5.265e-05,False
Mossy Cavern,Behr,Mass-Market,False,2,12,8.185e-07,False
Frog,Behr,Mass-Market,False,1,4,7.76e-06,False
Healing Plant,Behr,Mass-Market,False,2,13,4.73e-05,False
Glisten Green,Behr,Mass-Market,True,2,13,6.7589e-05,False
White Radish,Behr,Mass-Market,True,2,12,0.0001623015,False
Avocado Whip,Behr,Mass-Market,False,2,12,6.51e-06,False
Marjoram,Behr,Mass-Market,False,1,8,1.35e-07,False
Fresh Guacamole,Behr,Mass-Market,False,2,15,3.42065e-05,False
Bold Avocado,Behr,Mass-Market,False,2,12,1.051e-05,False
Rockwall Vine,Behr,Mass-Market,False,2,13,2.7525000000000003e-06,False
Fresh Dew,Behr,Mass-Market,False,2,9,3.5455e-05,False
Cabbage Leaf,Behr,Mass-Market,False,2,12,1.0075000000000001e-05,False
Spice Garden,Behr,Mass-Market,False,2,12,3.3805e-05,False
Chervil Leaves,Behr,Mass-Market,False,2,14,3.0890649999999995e-05,False
Agave Plant,Behr,Mass-Market,False,2,11,3.9075e-05,False
Snip Of Parsley,Behr,Mass-Market,False,3,15,0.008367517333333333,False
Mown Grass,Behr,Mass-Market,False,2,10,1.2083000000000001e-05,False
Cavan,Behr,Mass-Market,False,1,5,3.39e-07,False
Glade Green,Behr,Mass-Market,True,2,11,6.78015e-05,False
Growing Season,Behr,Mass-Market,False,2,14,0.00019455,False
Chopped Dill,Behr,Mass-Market,False,2,12,3.6599999999999997e-06,False
Hillside Grove,Behr,Mass-Market,False,2,14,5.555e-06,False
Fern Canopy,Behr,Mass-Market,False,2,11,2.585e-06,False
Alfalfa Extract,Behr,Mass-Market,False,2,15,5.580499999999999e-06,False
Mayfair White,Behr,Mass-Market,True,2,13,0.00016251000000000001,False
Misty Meadow,Behr,Mass-Market,False,2,12,3.2149999999999997e-06,False
Galway,Behr,Mass-Market,False,1,6,1.66e-06,False
Gingko,Behr,Mass-Market,False,1,6,6.03e-08,False
Sage Garden,Behr,Mass-Market,True,2,11,3.283e-05,False
Belfast,Behr,Mass-Market,False,1,7,7.59e-06,False
Hills Of Ireland,Behr,Mass-Market,False,3,16,0.008391500000000001,False
Establish Mint,Behr,Mass-Market,True,2,14,1.856e-05,False
Glass Tile,Behr,Mass-Market,False,2,10,3.8025e-05,False
Bok Choy,Behr,Mass-Market,False,2,8,6.9e-07,False
Brookview,Behr,Mass-Market,False,1,9,1.45e-08,False
Baby Spinach,Behr,Mass-Market,False,2,12,9.251000000000001e-05,False
Mixed Veggies,Behr,Mass-Market,False,2,13,2.3324999999999998e-05,False
Garden Cucumber,Behr,Mass-Market,False,2,15,3.0735e-05,False
Jade Mist,Behr,Mass-Market,True,2,9,5.355e-06,False
Wishful Green,Behr,Mass-Market,True,2,13,6.8145e-05,False
Enchanted Meadow,Behr,Mass-Market,False,2,16,3.365e-06,False
Garden Swing,Behr,Mass-Market,False,2,12,4.04e-05,False
Green Bank,Behr,Mass-Market,True,2,10,0.00014,False
Turtle Creek,Behr,Mass-Market,False,2,12,1.5765e-05,False
Perennial Green,Behr,Mass-Market,True,2,15,6.912e-05,False
Sparkling Brook,Behr,Mass-Market,False,2,15,4.5649999999999995e-06,False
Green Aqua,Behr,Mass-Market,True,2,10,6.8845e-05,False
Mirador,Behr,Mass-Market,False,1,7,1.17e-07,False
Jade Mountain,Behr,Mass-Market,True,2,13,2.9865e-05,False
Free Green,Behr,Mass-Market,True,2,10,0.000281,False
Tournament Field,Behr,Mass-Market,False,2,16,0.00010515000000000001,False
Billiard Green,Behr,Mass-Market,True,2,14,6.7862e-05,False
Snowbound,Behr,Mass-Market,False,1,9,1.07e-07,False
Ice Rink,Behr,Mass-Market,False,2,8,5.1285e-05,False
Wintergreen Dream,Behr,Mass-Market,False,2,17,4.07645e-05,False
Sunstone,Behr,Mass-Market,False,1,8,1.2e-07,False
Regal View,Behr,Mass-Market,False,2,10,7.8595e-05,False
Park Bench,Behr,Mass-Market,False,2,10,8.475e-05,False
Green Agate,Behr,Mass-Market,True,2,11,6.7823e-05,False
Rio Sky,Behr,Mass-Market,False,2,7,3.745e-05,False
Serene Breeze,Behr,Mass-Market,False,2,13,4.5500000000000005e-06,False
Baby Aqua,Behr,Mass-Market,False,2,9,9.2345e-05,False
Summer Dragonfly,Behr,Mass-Market,False,2,16,8.5535e-05,False
Lunar Tide,Behr,Mass-Market,False,2,10,8.545e-06,False
Trellis Vine,Behr,Mass-Market,False,2,12,2.8795e-06,False
Rainforest,Behr,Mass-Market,False,1,10,2.45e-06,False
Dew Pointe,Behr,Mass-Market,False,2,10,2.19e-06,False
Tidewater,Behr,Mass-Market,False,1,9,3.8e-07,False
Wave Top,Behr,Mass-Market,False,2,8,0.00020684999999999999,False
Undine,Behr,Mass-Market,False,1,6,1.07e-07,False
Aqua Rapids,Behr,Mass-Market,False,2,11,3.53e-06,False
Bubble Turquoise,Behr,Mass-Market,True,2,16,8.32e-06,False
Beta Fish,Behr,Mass-Market,False,2,9,4.7600000000000005e-05,False
Tahitian Sky,Behr,Mass-Market,False,2,12,2.64045e-05,False
Beachside Drive,Behr,Mass-Market,False,2,15,6.765450000000001e-05,False
Big Surf,Behr,Mass-Market,False,2,8,0.00023762,False
Pure Turquoise,Behr,Mass-Market,True,2,14,2.2919999999999997e-05,False
Aqua Fresco,Behr,Mass-Market,False,2,11,1.96e-06,False
Thai Teal,Behr,Mass-Market,True,2,9,8.29e-06,False
Antigua,Behr,Mass-Market,False,1,7,1.2e-06,False
Snowmelt,Behr,Mass-Market,False,1,8,1.62e-07,False
Basin Blue,Behr,Mass-Market,True,2,10,7.35e-05,False
Midwinter Mist,Behr,Mass-Market,False,2,14,2.5095e-06,False
Azure Lake,Behr,Mass-Market,False,2,10,3.4920000000000004e-05,False
Explorer Blue,Behr,Mass-Market,True,2,13,7.104e-05,False
Precious Stone,Behr,Mass-Market,False,2,14,4.225e-05,False
Blue Stream,Behr,Mass-Market,True,2,11,8.835e-05,False
Helium,Behr,Mass-Market,False,1,6,2.63e-06,False
Igloo Blue,Behr,Mass-Market,True,2,10,6.77185e-05,False
Bengal Blue,Behr,Mass-Market,True,2,11,6.9895e-05,False
Below Zero,Behr,Mass-Market,False,2,10,7.735e-05,False
Eskimo,Behr,Mass-Market,False,1,6,1e-06,False
Valley Of Glaciers,Behr,Mass-Market,False,3,18,0.008384846666666666,False
Ice Cave,Behr,Mass-Market,False,2,8,5.7900000000000005e-05,False
Breezy Blue,Behr,Mass-Market,True,2,11,6.816e-05,False
Carefree Sky,Behr,Mass-Market,False,2,12,2.7025e-05,False
Speedboat,Behr,Mass-Market,False,1,9,3.31e-07,False
Frisky Blue,Behr,Mass-Market,True,2,11,6.777500000000001e-05,False
Jet Ski,Behr,Mass-Market,False,2,7,1.65e-05,False
Living Stream,Behr,Mass-Market,False,2,13,0.00012085000000000001,False
Shasta Lake,Behr,Mass-Market,False,2,11,3.4154e-05,False
Tinted Ice,Behr,Mass-Market,False,2,10,5.093e-05,False
Early September,Behr,Mass-Market,False,2,15,0.000205,False
Blue Chalk,Behr,Mass-Market,True,2,10,6.995e-05,False
Hemisphere,Behr,Mass-Market,False,1,10,4.9e-06,False
Sojourn Blue,Behr,Mass-Market,True,2,12,6.77945e-05,False
Express Blue,Behr,Mass-Market,True,2,12,9.145e-05,False
Very Navy,Behr,Mass-Market,True,2,9,0.0005186,False
Blue Me Away,Behr,Mass-Market,True,3,12,0.0011906666666666667,False
Life At Sea,Behr,Mass-Market,False,3,11,0.001967,False
Sailors Knot,Behr,Mass-Market,False,2,12,5.435e-06,False
Brittany Blue,Behr,Mass-Market,True,2,13,6.9195e-05,False
Sailors Bay,Behr,Mass-Market,False,2,11,2.9659999999999997e-05,False
Tidal,Behr,Mass-Market,False,1,5,5.01e-06,False
Inked,Behr,Mass-Market,False,1,5,1.2e-06,False
Vaporize,Behr,Mass-Market,False,1,8,2.95e-07,False
After Rain,Behr,Mass-Market,False,2,10,0.00067065,False
Charismatic Sky,Behr,Mass-Market,False,2,15,2.7760000000000002e-05,False
Mirror Lake,Behr,Mass-Market,False,2,11,4.855e-05,False
Alpha Blue,Behr,Mass-Market,True,2,10,7.64e-05,False
National Anthem,Behr,Mass-Market,False,2,15,0.00016606500000000002,False
Admiral Blue,Behr,Mass-Market,True,2,12,7.25e-05,False
Ice Drop,Behr,Mass-Market,False,2,8,9.885e-05,False
Skys The Limit,Behr,Mass-Market,False,3,14,0.017916716333333332,False
Perennial Blue,Behr,Mass-Market,True,2,14,6.912e-05,False
Washed Denim,Behr,Mass-Market,False,2,12,7.955e-06,False
Cowgirl Blue,Behr,Mass-Market,True,2,12,6.787050000000001e-05,False
Charter Blue,Behr,Mass-Market,True,2,12,7.6e-05,False
Elegant Navy,Behr,Mass-Market,True,2,12,2.3055000000000002e-05,False
Bellflower Blue,Behr,Mass-Market,True,2,15,6.7585e-05,False
Angelic Blue,Behr,Mass-Market,True,2,12,6.8175e-05,False
Eternal Elegance,Behr,Mass-Market,False,2,16,7.765e-06,False
Hopeful Dream,Behr,Mass-Market,False,2,13,4.3735e-05,False
Blue Satin,Behr,Mass-Market,True,2,10,6.8725e-05,False
Miracle Elixir,Behr,Mass-Market,False,2,14,7.475e-06,False
Optimum Blue,Behr,Mass-Market,True,2,12,6.9235e-05,False
White Lavender,Behr,Mass-Market,True,2,14,0.000163375,False
Lavender Memory,Behr,Mass-Market,True,2,15,3.3675e-05,False
Foxglove,Behr,Mass-Market,False,1,8,1.29e-07,False
Wisteria Blue,Behr,Mass-Market,True,2,13,6.7686e-05,False
Violet Aura,Behr,Mass-Market,True,2,11,5.115e-06,False
Kimono Violet,Behr,Mass-Market,True,2,13,3.9055e-06,False
Strong Iris,Behr,Mass-Market,False,2,11,8.5875e-05,False
Sweet Bianca,Behr,Mass-Market,False,2,12,4.1819999999999996e-05,False
Fanciful,Behr,Mass-Market,False,1,8,9.33e-07,False
Grape Hyacinth,Behr,Mass-Market,False,2,14,2.7735e-06,False
Evening Slipper,Behr,Mass-Market,False,2,15,3.68e-05,False
Second Pour,Behr,Mass-Market,False,2,11,0.0002198,False
Napa Winery,Behr,Mass-Market,False,2,11,2.045e-06,True
Muscat Grape,Behr,Mass-Market,False,2,12,2.9505e-06,False
In The Spotlight,Behr,Mass-Market,False,3,16,0.024102646666666668,False
Monologue,Behr,Mass-Market,False,1,9,1.86e-06,False
On Location,Behr,Mass-Market,False,2,11,0.0041012,False
Cyber Grape,Behr,Mass-Market,False,2,11,7.28e-06,False
Celeb City,Behr,Mass-Market,False,2,10,0.00020400000000000003,False
Notorious,Behr,Mass-Market,False,1,9,6.76e-06,False
Paparazzi,Behr,Mass-Market,False,1,9,1.62e-06,False
Rule Breaker,Behr,Mass-Market,False,2,12,4.554e-05,False
Red My Mind,Behr,Mass-Market,True,3,11,0.0013953333333333335,False
Drama Queen,Behr,Mass-Market,False,2,11,5.96e-05,False
Chick Flick,Behr,Mass-Market,False,2,11,8.135e-06,False
Lady Guinevere,Behr,Mass-Market,False,2,14,4.4675499999999996e-05,False
Twinberry,Behr,Mass-Market,False,1,9,0.0,False
Rumors,Behr,Mass-Market,False,1,6,1.02e-05,False
Carpe Diem,Behr,Mass-Market,False,2,10,7.685e-07,False
Autumn Russet,Behr,Mass-Market,False,2,13,9.240999999999998e-06,False
Pressed Blossoms,Behr,Mass-Market,False,2,16,7.695e-06,False
Dressed To Impress,Behr,Mass-Market,False,3,18,0.00897827,False
Wine Not,Behr,Mass-Market,False,2,8,0.0024775,False
Rust,Behr,Mass-Market,True,1,4,5.5e-06,False
Rich Brocade,Behr,Mass-Market,False,2,12,4.08635e-05,False
Scene Stealer,Behr,Mass-Market,False,2,13,4.68155e-05,False
One To Remember,Behr,Mass-Market,False,3,15,0.010029999999999999,False
Smokin Hot,Behr,Mass-Market,False,2,10,7.29665e-05,False
Kalahari Sunset,Behr,Mass-Market,False,2,15,5.6655e-06,False
Pinata,Behr,Mass-Market,False,1,6,1.82e-07,False
Dazzle And Delight,Behr,Mass-Market,False,3,18,0.008570126666666667,False
Orange Flambe,Behr,Mass-Market,True,2,13,2.0861699999999997e-05,False
Carmelite,Behr,Mass-Market,False,1,9,1.78e-07,False
Glitz And Glamour,Behr,Mass-Market,False,3,17,0.008567899,False
Peachy Confection,Behr,Mass-Market,False,2,17,5.215e-07,False
Cockleshell,Behr,Mass-Market,False,1,11,2e-08,False
Cinema Screen,Behr,Mass-Market,False,2,13,4.28e-05,False
Sultry Smoke,Behr,Mass-Market,False,2,12,2.38885e-05,False
Instant Classic,Behr,Mass-Market,False,2,15,3.72e-05,False
Off Broadway,Behr,Mass-Market,False,2,12,0.00043149999999999997,False
Object Of Desire,Behr,Mass-Market,False,3,16,0.008392333333333333,False
Fashion Week,Behr,Mass-Market,False,2,12,0.00021454999999999998,False
Smoked Mulberry,Behr,Mass-Market,False,2,15,4.865e-06,False
Prussian Plum,Behr,Mass-Market,True,2,13,2.6849999999999997e-06,False
Dutchess Dawn,Behr,Mass-Market,False,2,13,9.4815e-06,False
Tribeca,Behr,Mass-Market,False,1,7,8.13e-07,False
Autumn Ashes,Behr,Mass-Market,False,2,12,1.3355e-05,False
Briar Wood,Behr,Mass-Market,False,2,10,3.0512000000000002e-05,False
Piano Brown,Behr,Mass-Market,True,2,11,6.12e-05,False
Wild Boysenberry,Behr,Mass-Market,False,2,16,3.157685e-05,False
Versailles Rose,Behr,Mass-Market,True,2,15,3.4005e-05,False
Antoinette,Behr,Mass-Market,False,1,10,9.55e-07,False
Touch Of Class,Behr,Mass-Market,False,3,14,0.0084701,False
Czarina,Behr,Mass-Market,False,1,7,6.31e-08,False
Raspberry Truffle,Behr,Mass-Market,False,2,17,2.1549999999999997e-06,False
Rialto,Behr,Mass-Market,False,1,6,3.89e-07,False
Art Deco Pink,Behr,Mass-Market,True,3,13,7.688999999999999e-05,False
Mesa Peach,Behr,Mass-Market,True,2,10,4.525e-06,False
Fresh Cedar,Behr,Mass-Market,False,2,11,3.6675000000000004e-05,False
Rosy Sandstone,Behr,Mass-Market,False,2,14,2.815e-06,False
Death By Chocolate,Behr,Mass-Market,False,3,18,0.0016173000000000001,False
Lite Cocoa,Behr,Mass-Market,False,2,10,3.88e-06,False
Elkhound,Behr,Mass-Market,False,1,8,1.74e-08,False
Secret Journal,Behr,Mass-Market,False,2,14,7.105e-05,False
Chocolate Soul,Behr,Mass-Market,False,2,14,4.7749999999999995e-05,False
Caramel Cream,Behr,Mass-Market,True,2,13,2.236e-05,False
Sensuous,Behr,Mass-Market,False,1,8,6.17e-07,False
Sienna,Behr,Mass-Market,True,1,6,9.33e-07,False
Upper Eastside,Behr,Mass-Market,False,2,14,2.6588e-05,False
Leather Clutch,Behr,Mass-Market,False,2,14,1.4995e-05,False
Shine Baby Shine,Behr,Mass-Market,False,3,16,7.053333333333333e-05,False
Smell The Roses,Behr,Mass-Market,False,3,15,0.0179137,False
Haute Couture,Behr,Mass-Market,False,2,13,1.8349999999999998e-06,False
Burnished Brandy,Behr,Mass-Market,False,2,16,1.8015e-06,False
Burnt Caramel,Behr,Mass-Market,False,2,13,6.8599999999999995e-06,False
Outdoor Land,Behr,Mass-Market,False,2,12,9.15e-05,False
Milano,Behr,Mass-Market,False,1,6,1.48e-06,False
Harvest Home,Behr,Mass-Market,False,2,12,0.00032835,False
Lavish Gold,Behr,Mass-Market,True,2,11,7.531499999999999e-05,False
Baguette,Behr,Mass-Market,False,1,8,6.61e-07,False
Summer In The City,Behr,Mass-Market,False,4,18,0.01821925,False
Glittering Sun,Behr,Mass-Market,False,2,14,4.7425e-05,False
Honey Tea,Behr,Mass-Market,False,2,9,3.855e-05,False
Home Sweet Home,Behr,Mass-Market,False,3,15,0.00045776666666666666,False
Syrup,Behr,Mass-Market,False,1,5,5.75e-06,False
Safari Chic,Behr,Mass-Market,False,2,11,4.53e-06,False
Elemental Tan,Behr,Mass-Market,True,2,13,6.300000000000001e-06,False
Hayloft,Behr,Mass-Market,False,1,7,8.91e-08,False
Almond Butter,Behr,Mass-Market,False,2,13,1.4245e-05,False
Golden Olive,Behr,Mass-Market,True,2,12,2.955e-05,False
British Khaki,Behr,Mass-Market,True,2,13,7.605e-05,False
Windsor Tan,Behr,Mass-Market,True,2,11,7.785000000000001e-06,False
Studio Clay,Behr,Mass-Market,False,2,11,3.26e-05,False
Modern History,Behr,Mass-Market,False,2,14,0.000181,False
Cliff Ridge,Behr,Mass-Market,False,2,11,1.29e-05,False
Key To The City,Behr,Mass-Market,False,4,15,0.02028475,False
Spring Wheat,Behr,Mass-Market,False,2,12,4.6700000000000003e-05,False
Scribe,Behr,Mass-Market,False,1,6,1.2e-06,False
Mink Haze,Behr,Mass-Market,False,2,9,2.02e-06,False
Parisian Cafe,Behr,Mass-Market,False,2,13,7.105000000000001e-06,False
Bistro,Behr,Mass-Market,False,1,6,1.12e-06,False
Cabin In The Woods,Behr,Mass-Market,False,4,18,0.018085425,False
Elusive Dawn,Behr,Mass-Market,False,2,12,1.0775000000000001e-05,False
Eiffel For You,Behr,Mass-Market,False,3,14,0.0065839,False
Grizzly,Behr,Mass-Market,False,1,7,1.91e-06,False
Rare Wood,Behr,Mass-Market,False,2,9,5.96e-05,False
Butterscotch Amber,Behr,Mass-Market,True,2,18,4.8595e-06,False
French Pastry,Behr,Mass-Market,False,2,13,6.319500000000001e-05,True
Cavern Clay,Behr,Mass-Market,False,2,11,1.035e-05,False
Warm Cognac,Behr,Mass-Market,False,2,11,2.6066e-05,False
Antiquities,Behr,Mass-Market,False,1,11,1.82e-06,False
Museum,Behr,Mass-Market,False,1,6,5.13e-05,False
Craft Juggler,Behr,Mass-Market,False,2,13,1.01775e-05,False
Basswood,Behr,Mass-Market,False,1,8,1.12e-07,False
Midtown,Behr,Mass-Market,False,1,7,2.04e-06,False
Sturdy Brown,Behr,Mass-Market,True,2,12,5.2375e-05,False
Kaffee,Behr,Mass-Market,False,1,6,4.68e-08,False
Well Bred Brown,Behr,Mass-Market,True,3,15,0.00039272333333333336,False
Gravelstone,Behr,Mass-Market,False,1,11,0.0,False
Pasha Brown,Behr,Mass-Market,True,2,11,5.169e-05,False
Roadside,Behr,Mass-Market,False,1,8,2.82e-06,False
Smoky Trout,Behr,Mass-Market,False,2,11,4.085e-06,False
Gardeners Soil,Behr,Mass-Market,False,2,14,1.404e-05,False
Park Avenue,Behr,Mass-Market,False,2,11,8.595e-05,False
Abbey Stone,Behr,Mass-Market,False,2,11,3.5345e-05,False
Art District,Behr,Mass-Market,False,2,12,0.0001525,False
Unpredictable Hue,Behr,Mass-Market,False,2,17,3.9399999999999995e-06,False
Silver City,Behr,Mass-Market,True,2,11,0.0002358,False
Gilded Glamour,Behr,Mass-Market,False,2,14,2.62e-06,False
Iron Gate,Behr,Mass-Market,False,2,9,4.225e-05,False
Magnet,Behr,Mass-Market,False,1,6,5.37e-06,False
Peppery,Behr,Mass-Market,False,1,7,2.29e-07,False
City Sunrise,Behr,Mass-Market,False,2,12,0.000206805,False
Irish Cream,Behr,Mass-Market,True,2,11,3.82e-05,False
Clockworks,Behr,Mass-Market,False,1,10,3.47e-08,False
Josephine,Behr,Mass-Market,False,1,9,2.14e-06,False
French Beige,Behr,Mass-Market,True,2,12,6.25e-05,True
Dainty Lace,Behr,Mass-Market,False,2,11,3.89e-06,False
Ivory Paper,Behr,Mass-Market,True,2,11,6.204e-05,False
Crisp Linen,Behr,Mass-Market,False,2,11,4.540000000000001e-06,False
Springday,Behr,Mass-Market,False,1,9,0.0,False
Bell Tower,Behr,Mass-Market,False,2,10,3.525e-05,False
Limescent,Behr,Mass-Market,False,1,9,0.0,False
Chartreuse Frost,Behr,Mass-Market,True,2,16,4.5925e-06,False
Ginger Sugar,Behr,Mass-Market,False,2,12,2.8205e-05,False
Misty Isle,Behr,Mass-Market,False,2,10,4.605e-06,False
Kyoto Pearl,Behr,Mass-Market,False,2,11,8.185e-06,False
Whipped Mint,Behr,Mass-Market,True,2,12,6.665e-06,False
Breezeway,Behr,Mass-Market,False,1,9,7.76e-08,False
Curio,Behr,Mass-Market,False,1,5,2.69e-07,False
Statuesque,Behr,Mass-Market,False,1,10,1.48e-07,False
Celestial Light,Behr,Mass-Market,False,2,15,0.000108695,False
Gray Shimmer,Behr,Mass-Market,True,2,12,1.45775e-05,False
Mainsail,Behr,Mass-Market,False,1,8,1.91e-07,False
Etched Glass,Behr,Mass-Market,False,2,12,3.631e-05,False
Rock Crystal,Behr,Mass-Market,False,2,12,6.605e-05,False
So Shy,Behr,Mass-Market,False,2,6,0.00166225,False
Pink Chalk,Behr,Mass-Market,True,2,10,1.8999999999999998e-05,False
Petal Tip,Behr,Mass-Market,False,2,9,1.83e-05,False
Dutch White,Behr,Mass-Market,True,2,11,0.00017485,True
Cameo White,Behr,Mass-Market,True,2,11,0.00016351,False
Creme De La Creme,Behr,Mass-Market,False,4,17,7.116e-05,False
Stolen Kiss,Behr,Mass-Market,False,2,11,3.185e-05,False
Moxie,Behr,Mass-Market,False,1,5,3.55e-07,False
Translucent Silk,Behr,Mass-Market,False,2,16,7.26e-06,False
Soft Shoe,Behr,Mass-Market,False,2,9,3.265e-05,False
Suede Beige,Behr,Mass-Market,True,2,11,1.89e-06,False
Sweet Pastel,Behr,Mass-Market,False,2,12,4.154e-05,False
Quiet On The Set,Behr,Mass-Market,False,4,16,0.015565925,False
Varnished Ivory,Behr,Mass-Market,True,2,15,3.657e-06,False
Moongaze,Behr,Mass-Market,False,1,8,0.0,False
Honey Mist,Behr,Mass-Market,False,2,10,1.404e-05,False
Ceramic Beige,Behr,Mass-Market,True,2,13,3.7499999999999997e-06,False
Ancient Scroll,Behr,Mass-Market,False,2,14,2.757e-05,False
Looking Glass,Behr,Mass-Market,False,2,13,0.0002214,False
Folly,Behr,Mass-Market,False,1,5,2.19e-06,False
Airy Green,Behr,Mass-Market,True,2,10,6.829e-05,False
Shy Green,Behr,Mass-Market,True,2,9,7.475e-05,False
Jade Tinge,Behr,Mass-Market,True,2,10,3.353e-06,False
Bella Mia,Behr,Mass-Market,False,2,9,6.455e-06,False
River Veil,Behr,Mass-Market,False,2,10,5.5785e-05,False
Crystalline Falls,Behr,Mass-Market,False,2,17,2.222e-05,False
Ethereal Mood,Behr,Mass-Market,False,2,13,1.454e-05,False
Sky Light View,Behr,Mass-Market,False,3,14,0.0001405,False
Dayflower,Behr,Mass-Market,False,1,9,0.0,False
White Lie,Behr,Mass-Market,True,2,9,0.0001966,False
Era,Behr,Mass-Market,False,1,3,4.68e-05,False
Siberian Ice,Behr,Mass-Market,False,2,12,5.102e-05,True
Alice White,Behr,Mass-Market,True,2,11,0.0001711,False
Will O The Wisp,Behr,Mass-Market,False,4,15,0.01416311975,False
Granite Dust,Behr,Mass-Market,False,2,12,1.647e-05,False
Blue Gossamer,Behr,Mass-Market,True,2,13,6.76375e-05,False
Moonlit Snow,Behr,Mass-Market,False,2,12,2.30635e-05,False
Dancing Mist,Behr,Mass-Market,False,2,12,1.8140000000000003e-05,False
Vision Of Light,Behr,Mass-Market,False,3,15,0.008452233333333333,False
Ballerina Beauty,Behr,Mass-Market,False,2,16,2.8729999999999998e-05,False
Loft Light,Behr,Mass-Market,False,2,10,0.00010862,False
Candy Drop,Behr,Mass-Market,False,2,10,5.86e-05,False
Amber Brew,Behr,Mass-Market,True,2,10,6.8500000000000005e-06,False
Lamplit,Behr,Mass-Market,False,1,7,0.0,False
Dandelion Wish,Behr,Mass-Market,False,2,14,7.589700000000001e-05,False
Golden Thread,Behr,Mass-Market,True,2,13,3.715e-05,False
Soapstone,Behr,Mass-Market,False,1,9,2.14e-07,False
Balsam,Behr,Mass-Market,False,1,6,4.47e-07,False
Aruba Green,Behr,Mass-Market,True,2,11,6.79255e-05,False
Pageant Green,Behr,Mass-Market,True,2,13,6.912e-05,False
Free Spirit,Behr,Mass-Market,False,2,11,0.00024435,False
Plumage,Behr,Mass-Market,False,1,7,8.71e-07,False
Strawberry Wine,Behr,Mass-Market,False,2,15,3.0125e-05,False
Island Dream,Behr,Mass-Market,False,2,12,9.165e-05,False
Caicos Turquoise,Behr,Mass-Market,True,2,16,1.315e-06,False
Key Largo,Behr,Mass-Market,False,2,9,6.64885e-05,False
Aloha,Behr,Mass-Market,False,1,5,1.23e-06,False
Electric Blue,Behr,Mass-Market,True,2,13,9.375e-05,False
Blue Iolite,Behr,Mass-Market,True,2,11,6.75151e-05,False
Come Sail Away,Behr,Mass-Market,False,3,14,0.0003434,False
Cest La Vie,Behr,Mass-Market,False,3,11,3.8171666666666666e-05,False
Purple Sky,Behr,Mass-Market,True,2,10,3.67e-05,False
Brocade,Behr,Mass-Market,False,1,7,4.27e-07,False
Coral Fountain,Behr,Mass-Market,True,2,14,7.685e-06,False
Lavender Wash,Behr,Mass-Market,True,2,13,1.5775e-05,False
Stardust Evening,Behr,Mass-Market,False,2,16,3.694e-05,False
Vintage Coral,Behr,Mass-Market,True,2,13,1.117e-05,False
Aloe Blossom,Behr,Mass-Market,False,2,12,2.66e-06,False
Hacienda Tile,Behr,Mass-Market,False,2,13,2.9265e-06,False
Torch Red,Behr,Mass-Market,True,2,9,0.00010725,False
Thai Ice Tea,Behr,Mass-Market,False,3,12,5.6166666666666665e-05,False
Ferrous,Behr,Mass-Market,False,1,7,6.17e-07,False
Balcony Sunset,Behr,Mass-Market,False,2,14,8.514999999999999e-06,False
Cabana Melon,Behr,Mass-Market,False,2,12,1.2955e-06,False
Noble Blush,Behr,Mass-Market,False,2,11,1.0515e-05,False
Primitive Green,Behr,Mass-Market,True,2,15,7.065500000000001e-05,False
Anjou Pear,Behr,Mass-Market,False,2,10,1.661e-06,False
Pistachio,Behr,Mass-Market,False,1,9,5.75e-07,False
Green Plaza,Behr,Mass-Market,True,2,11,7.1565e-05,False
Green Dynasty,Behr,Mass-Market,True,2,13,7.120500000000001e-05,False
Spring Glow,Behr,Mass-Market,False,2,11,4.5665000000000004e-05,False
Early Spring,Behr,Mass-Market,False,2,12,0.0001761,False
Parakeet,Behr,Mass-Market,False,1,8,3.02e-07,False
Planet Green,Behr,Mass-Market,True,2,12,9.145e-05,False
Emerald Forest,Behr,Mass-Market,True,2,14,2.704e-05,False
Castellina,Behr,Mass-Market,False,1,10,0.0,False
Not A Cloud In Sight,Behr,Mass-Market,False,5,20,0.0092927,False
Adonis,Behr,Mass-Market,False,1,6,7.94e-07,False
Gulf Waters,Behr,Mass-Market,False,2,11,2.365e-05,False
Tibetan Turquoise,Behr,Mass-Market,True,2,17,2.6899999999999997e-06,False
Coastal Jetty,Behr,Mass-Market,False,2,13,8.3e-06,False
Balboa,Behr,Mass-Market,False,1,6,8.91e-07,False
El Capitan,Behr,Mass-Market,False,2,10,1.8368500000000002e-05,False
Celebration Blue,Behr,Mass-Market,True,2,16,7.725000000000001e-05,False
Mondrian Blue,Behr,Mass-Market,True,2,13,6.76285e-05,False
Purple Gladiola,Behr,Mass-Market,True,2,15,1.045775e-05,False
Invitation Gold,Behr,Mass-Market,True,2,15,8.09e-05,False
Joie De Vivre,Behr,Mass-Market,False,3,13,5.6887666666666674e-05,False
Lilac Intuition,Behr,Mass-Market,True,2,15,2.38e-06,False
Birthstone,Behr,Mass-Market,False,1,10,2.19e-07,False
Radiance,Behr,Mass-Market,False,1,8,1.1e-06,False
Golden Aura,Behr,Mass-Market,True,2,11,2.5055e-05,False
Rice Curry,Behr,Mass-Market,False,2,10,2.231e-05,False
Extravagance,Behr,Mass-Market,False,1,12,6.46e-07,False
Secret Society,Behr,Mass-Market,False,2,14,0.00011559999999999999,False
Encore,Behr,Mass-Market,False,1,6,2.45e-06,False
Applause Please,Behr,Mass-Market,False,2,15,0.00023188,False
Upscale,Behr,Mass-Market,False,1,7,1.95e-06,False
Bon Nuit,Behr,Mass-Market,False,2,8,2.706e-06,False
Award Night,Behr,Mass-Market,False,2,11,0.00024145000000000001,False
Montage,Behr,Mass-Market,False,1,7,2.14e-06,False
Poetry Reading,Behr,Mass-Market,False,2,14,8.155e-05,False
Paparazzi Flash,Behr,Mass-Market,False,2,15,1.4910000000000001e-05,False
Hypnotic,Behr,Mass-Market,False,1,8,1.35e-06,False
Dark Shadows,Behr,Mass-Market,False,2,12,6.075e-05,False
Cold Steel,Behr,Mass-Market,False,2,10,7.815e-05,False
Radiant Silver,Behr,Mass-Market,True,2,14,3.3845e-05,False
Rainmaster,Behr,Mass-Market,False,1,10,0.0,False
Intercoastal Gray,Behr,Mass-Market,True,2,17,1.411775e-05,False
Opera Glasses,Behr,Mass-Market,False,2,13,2.025e-05,False
Rush Hour,Behr,Mass-Market,False,2,9,9.06e-05,False
Hampton Surf,Behr,Mass-Market,False,2,12,5.855000000000001e-06,False
Rainy Season,Behr,Mass-Market,False,2,12,0.00015375000000000002,False
Dawn Gray,Behr,Mass-Market,True,2,9,2.34e-05,False
Gotham Gray,Behr,Mass-Market,True,2,11,1.5755e-05,False
Old Amethyst,Behr,Mass-Market,False,2,12,0.00028151,False
Silent Film,Behr,Mass-Market,False,2,11,9.31e-05,False
Distant Star,Behr,Mass-Market,False,2,12,8.525e-05,False
Such Melodrama,Behr,Mass-Market,False,2,14,0.00034656,False
Uptown Girl,Behr,Mass-Market,False,2,11,0.00012102,False
Showstopper,Behr,Mass-Market,False,1,11,2.4e-07,False
Plum Rich,Behr,Mass-Market,True,2,9,4.2425e-05,False
Audition,Behr,Mass-Market,False,1,8,5.89e-06,False
Composers Magic,Behr,Mass-Market,False,2,15,3.0160000000000003e-05,False
Illusionist,Behr,Mass-Market,False,1,11,2.75e-07,False
Artistic License,Behr,Mass-Market,False,2,16,2.395e-05,False
Classy,Behr,Mass-Market,False,1,6,5.25e-06,False
Satire,Behr,Mass-Market,False,1,6,4.47e-06,False
Violet Vixen,Behr,Mass-Market,True,2,12,3.8955e-06,False
Perpetual Purple,Behr,Mass-Market,True,2,16,1.2485e-05,False
Dramatist,Behr,Mass-Market,False,1,9,6.31e-07,False
Heraldic,Behr,Mass-Market,False,1,8,2.95e-07,False
Movie Magic,Behr,Mass-Market,False,2,11,0.00010125,False
Debutante Ball,Behr,Mass-Market,False,2,14,5.51655e-05,False
Splendor And Pride,Behr,Mass-Market,False,3,18,0.008577340000000001,False
Boudoir Blue,Behr,Mass-Market,True,2,12,6.77685e-05,False
Expressionism,Behr,Mass-Market,False,1,13,3.72e-07,False
Limousine Leather,Behr,Mass-Market,False,2,17,1.1989999999999999e-05,False
Opal Waters,Behr,Mass-Market,False,2,11,1.489e-05,False
Mystery,Behr,Mass-Market,False,1,7,2.82e-05,False
Lead Cast,Behr,Mass-Market,False,2,9,0.00010984999999999999,False
Privileged Elite,Behr,Mass-Market,False,2,16,1.578e-05,False
Compass Blue,Behr,Mass-Market,True,2,12,7.025e-05,False
Simply Posh,Behr,Mass-Market,False,2,11,6.1255e-05,False
Empire Blue,Behr,Mass-Market,True,2,11,8.485e-05,False
Traditional Blue,Behr,Mass-Market,True,2,16,0.0001021,False
Velvet Rope,Behr,Mass-Market,False,2,11,8.695e-06,False
Ovation,Behr,Mass-Market,False,1,7,1.95e-06,False
Ball Gown,Behr,Mass-Market,False,2,9,5.7810000000000004e-05,False
South Pacific,Behr,Mass-Market,False,2,13,0.00014494999999999997,True
Ocean Storm,Behr,Mass-Market,False,2,11,4.79e-05,False
Blue Edge,Behr,Mass-Market,True,2,9,9.5e-05,False
Little Theater,Behr,Mass-Market,False,2,14,0.0002922,False
Masterpiece,Behr,Mass-Market,False,1,11,6.46e-06,False
Manhattan Blue,Behr,Mass-Market,True,2,14,7.475e-05,True
Ocean Abyss,Behr,Mass-Market,False,2,11,2.6305e-05,False
Echo Park,Behr,Mass-Market,False,2,9,7.8e-05,False
Mossy Bench,Behr,Mass-Market,False,2,11,1.24685e-05,False
Nature Green,Behr,Mass-Market,True,2,12,0.00011525000000000001,False
Spring Reflection,Behr,Mass-Market,False,2,17,4.9e-05,False
Northern Glen,Behr,Mass-Market,False,2,13,3.9105e-05,False
Less Travelled,Behr,Mass-Market,False,2,14,0.00015927499999999998,False
Gazebo Green,Behr,Mass-Market,True,2,12,6.77565e-05,False
Green Trellis,Behr,Mass-Market,True,2,13,6.76945e-05,False
Recycled Glass,Behr,Mass-Market,False,2,14,3.7215e-05,False
Naturalism,Behr,Mass-Market,False,1,10,6.17e-07,False
Walk Me Home,Behr,Mass-Market,False,3,12,0.001262,False
Coastal Storm,Behr,Mass-Market,False,2,13,3.06e-05,False
Hunters Hollow,Behr,Mass-Market,False,2,14,8.809999999999999e-06,False
Gateway Gray,Behr,Mass-Market,True,2,12,1.7480000000000002e-05,False
Pumice,Behr,Mass-Market,False,1,6,3.24e-07,False
Windgate Hill,Behr,Mass-Market,False,2,13,3.305e-05,False
Pavement Gray,Behr,Mass-Market,True,2,13,1.6135e-05,False
Milk Thistle,Behr,Mass-Market,False,2,12,2.372e-05,False
Sage Wisdom,Behr,Mass-Market,True,2,11,1.338e-05,False
Crushed Oregano,Behr,Mass-Market,False,2,15,5.665499999999999e-06,False
Lost Canyon,Behr,Mass-Market,False,2,11,0.00012706,False
Winter In Paris,Behr,Mass-Market,False,3,15,0.0062479,True
Bamboo Shoot,Behr,Mass-Market,False,2,12,2.9085e-05,False
Shoreline Haze,Behr,Mass-Market,False,2,14,2.3349999999999997e-06,False
Cosmic Blue,Behr,Mass-Market,True,2,11,7.0515e-05,False
Vintage Teal,Behr,Mass-Market,True,2,12,8.44e-06,False
Prophetic Sea,Behr,Mass-Market,False,2,13,5.8275e-05,False
Teal Motif,Behr,Mass-Market,True,2,10,2.145e-06,False
Cascade Green,Behr,Mass-Market,True,2,13,6.8975e-05,False
Mild Evergreen,Behr,Mass-Market,False,2,14,7.735e-06,False
Patina,Behr,Mass-Market,False,1,6,4.79e-07,False
Chelsea Garden,Behr,Mass-Market,False,2,14,4.065e-05,False
Gray Wool,Behr,Mass-Market,True,2,9,1.8165e-05,False
Country Weekend,Behr,Mass-Market,False,2,15,0.00019355000000000002,False
Farmers Market,Behr,Mass-Market,False,2,14,0.00011095,False
Dancing Jewel,Behr,Mass-Market,False,2,13,1.8195e-05,False
Dark Jade,Behr,Mass-Market,True,2,9,5.8015e-05,False
Black Evergreen,Behr,Mass-Market,True,2,15,0.00014528500000000002,False
Composed,Behr,Mass-Market,False,1,8,1.86e-05,False
Flora Green,Behr,Mass-Market,True,2,11,7.0005e-05,False
Terrain,Behr,Mass-Market,False,1,7,8.71e-06,False
Hummingbird Green,Behr,Mass-Market,True,2,17,6.7956e-05,False
Chard,Behr,Mass-Market,False,1,5,5.13e-07,False
Verdant Forest,Behr,Mass-Market,False,2,14,2.53005e-05,False
Desert Hotsprings,Behr,Mass-Market,False,2,17,1.25651e-05,False
Fern Leaf,Behr,Mass-Market,False,2,9,9.23e-06,False
Lucky Clover,Behr,Mass-Market,False,2,12,3.0595e-05,False
Herb Cornucopia,Behr,Mass-Market,False,2,15,3.1265e-06,False
River Forest,Behr,Mass-Market,False,2,12,7.855e-05,False
Pale Ivy,Behr,Mass-Market,False,2,8,9.38e-06,False
Lichen,Behr,Mass-Market,False,1,6,5.89e-07,False
Bermuda Grass,Behr,Mass-Market,False,2,13,1.3655e-05,False
Fig Tree,Behr,Mass-Market,False,2,8,4.17e-05,False
Still Moment,Behr,Mass-Market,False,2,12,0.000503,False
Semi-precious,Behr,Mass-Market,False,1,13,1.29e-05,False
Everglade,Behr,Mass-Market,False,1,9,2.04e-08,False
Basil Chiffonade,Behr,Mass-Market,False,2,16,2.2402500000000003e-06,False
Coconut Grove,Behr,Mass-Market,False,2,13,8.15e-06,False
Schooner,Behr,Mass-Market,False,1,8,1.07e-06,False
Aquifer,Behr,Mass-Market,False,1,7,7.94e-07,False
Hostaleaf,Behr,Mass-Market,False,1,9,0.0,False
Enigma,Behr,Mass-Market,False,1,6,1.74e-06,False
Etude Lilac,Behr,Mass-Market,True,2,11,8.31e-07,False
Future Vision,Behr,Mass-Market,False,2,13,0.00012835,False
Fortune,Behr,Mass-Market,False,1,7,2e-05,False
Plush Velvet,Behr,Mass-Market,False,2,12,4.015e-06,False
Urban Legend,Behr,Mass-Market,False,2,12,3.61e-05,False
Aubergine,Behr,Mass-Market,False,1,9,2.57e-07,False
Dusty Lilac,Behr,Mass-Market,True,2,11,2.9850000000000002e-06,False
Mulberry Stain,Behr,Mass-Market,False,2,14,3.21e-06,False
Fig Preserves,Behr,Mass-Market,False,2,13,7.445e-06,False
Gothic Purple,Behr,Mass-Market,True,2,13,1.2685e-05,False
Royal Raisin,Behr,Mass-Market,False,2,12,3.591e-05,False
Dignified Purple,Behr,Mass-Market,True,2,16,1.1405e-05,False
Black Garnet,Behr,Mass-Market,True,2,12,0.00014474,False
Parasol,Behr,Mass-Market,False,1,7,4.27e-07,False
Razzberry Fizz,Behr,Mass-Market,False,2,14,4.775e-07,False
Mauve It,Behr,Mass-Market,True,2,8,0.0044552565,False
Roaring Twenties,Behr,Mass-Market,False,2,16,3.1299999999999997e-06,False
Plumville,Behr,Mass-Market,False,1,9,0.0,False
Raisin In The Sun,Behr,Mass-Market,False,4,17,0.01809858,False
Grand Plum,Behr,Mass-Market,True,2,10,4.2425e-05,False
Pearls And Lace,Behr,Mass-Market,False,3,15,0.008570026666666666,False
Ash Rose,Behr,Mass-Market,True,2,8,4.03e-05,False
Moonlit Mauve,Behr,Mass-Market,True,2,13,4.7e-07,False
Plum Taupe,Behr,Mass-Market,True,2,10,1.9485e-06,False
Mystere,Behr,Mass-Market,False,1,7,3.8e-08,False
River Rocks,Behr,Mass-Market,False,2,11,6.549999999999999e-05,False
Double Fudge,Behr,Mass-Market,False,2,12,5.207e-05,False
White City,Behr,Mass-Market,True,2,10,0.00036550000000000005,False
Chicago Fog,Behr,Mass-Market,False,2,11,3.777e-05,True
Metropolis,Behr,Mass-Market,False,1,10,3.72e-06,False
Tavern Taupe,Behr,Mass-Market,True,2,12,1.9485e-06,False
Complex Gray,Behr,Mass-Market,True,2,12,5.03e-05,False
Wright Brown,Behr,Mass-Market,True,2,12,5.89e-05,False
Timber Brown,Behr,Mass-Market,True,2,12,5.61e-05,False
Mocha Ice,Behr,Mass-Market,False,2,9,5.04775e-05,False
Smokey Pink,Behr,Mass-Market,True,2,11,1.748e-05,False
Cocoa Craving,Behr,Mass-Market,False,2,13,4e-06,False
Modern Mocha,Behr,Mass-Market,False,2,12,5.8977499999999996e-05,False
French Truffle,Behr,Mass-Market,False,2,14,6.2075e-05,True
Coffee Beans,Behr,Mass-Market,False,2,12,4.31e-05,False
Chocolate Therapy,Behr,Mass-Market,False,2,17,3.2e-05,False
Cameo Stone,Behr,Mass-Market,False,2,11,3.306e-05,False
Malted,Behr,Mass-Market,False,1,6,2.34e-07,False
Vintage Charm,Behr,Mass-Market,False,2,13,1.415e-05,False
Sonora Rose,Behr,Mass-Market,True,2,11,3.3358499999999996e-05,False
Chocolate Delight,Behr,Mass-Market,False,2,17,2.0115e-05,False
Spanish Chestnut,Behr,Mass-Market,False,2,16,2.829e-05,True
Brown Velvet,Behr,Mass-Market,True,2,12,5.3945e-05,False
Tailors Chalk,Behr,Mass-Market,False,2,13,2.788e-06,False
Rose Pearl,Behr,Mass-Market,True,2,10,3.9949999999999995e-05,False
Gray Ashlar,Behr,Mass-Market,True,2,11,1.414775e-05,False
Coffee With Cream,Behr,Mass-Market,True,3,17,0.0023980333333333335,False
Chocolate Heart,Behr,Mass-Market,False,2,15,0.00011745,False
Natural Bark,Behr,Mass-Market,False,2,12,6.803999999999999e-05,False
Baronial Brown,Behr,Mass-Market,True,2,14,5.10775e-05,False
Barely Brown,Behr,Mass-Market,True,2,12,6.645e-05,False
Jodhpur Tan,Behr,Mass-Market,True,2,11,5.2945e-06,False
Race Track,Behr,Mass-Market,False,2,10,0.0001125,False
Moleskin,Behr,Mass-Market,False,1,8,5.62e-08,False
Bridle Leather,Behr,Mass-Market,False,2,14,1.15015e-05,False
Derby,Behr,Mass-Market,False,1,5,1.26e-05,False
Oiled Teak,Behr,Mass-Market,False,2,10,9.76e-07,False
Smokey Cream,Behr,Mass-Market,True,2,12,2.1779999999999998e-05,False
Stonewashed Brown,Behr,Mass-Market,True,2,17,5.101655e-05,False
Windrift Beige,Behr,Mass-Market,True,2,14,1e-06,False
Rugged Tan,Behr,Mass-Market,True,2,10,7.09e-06,False
Frontier Brown,Behr,Mass-Market,True,2,14,5.5665e-05,False
Nut Brown,Behr,Mass-Market,True,2,9,5.65e-05,False
Moose Trail,Behr,Mass-Market,False,2,11,1.6135e-05,False
Moth Gray,Behr,Mass-Market,True,2,9,1.568e-05,False
Doeskin Gray,Behr,Mass-Market,True,2,12,1.410615e-05,False
Nightingale Gray,Behr,Mass-Market,True,2,16,1.5075e-05,False
Rustic Taupe,Behr,Mass-Market,True,2,12,1.3435e-06,False
Woodcraft,Behr,Mass-Market,False,1,9,1.17e-07,False
Kindling,Behr,Mass-Market,False,1,8,3.89e-07,False
Underground,Behr,Mass-Market,False,1,11,2.09e-05,False
Taupe Tease,Behr,Mass-Market,True,2,11,2.1185e-06,False
Cappuccino Froth,Behr,Mass-Market,False,2,16,6.515e-07,False
Barista,Behr,Mass-Market,False,1,7,1.05e-06,False
Espresso Martini,Behr,Mass-Market,False,2,16,2.1549999999999997e-06,False
Caffeine,Behr,Mass-Market,False,1,8,4.68e-06,False
Swiss Brown,Behr,Mass-Market,True,2,11,5.91e-05,False
Havana Coffee,Behr,Mass-Market,False,2,13,3.7895e-05,False
Spun Wool,Behr,Mass-Market,False,2,9,6.4050000000000005e-06,False
Ashen Tan,Behr,Mass-Market,True,2,9,5.251e-06,False
Smokestack,Behr,Mass-Market,False,1,10,1.58e-07,False
Shiitake,Behr,Mass-Market,False,1,8,1.48e-07,False
Ottertail,Behr,Mass-Market,False,1,9,0.0,False
Landmark Brown,Behr,Mass-Market,True,2,14,5.488e-05,False
Cavalry Brown,Behr,Mass-Market,True,2,13,5.4155e-05,False
Castle Beige,Behr,Mass-Market,True,2,12,1.5100000000000001e-05,False
Old Map,Behr,Mass-Market,False,2,7,0.00030975,False
Armadillo,Behr,Mass-Market,False,1,9,5.01e-07,False
Chic Taupe,Behr,Mass-Market,True,2,10,2.5685e-06,False
Dry Brown,Behr,Mass-Market,True,2,9,7.85e-05,False
Whiskey Barrel,Behr,Mass-Market,False,2,14,1.0415000000000001e-05,False
Rustic Tobacco,Behr,Mass-Market,False,2,14,8.920000000000001e-06,False
Cascade Beige,Behr,Mass-Market,True,2,13,2.475e-06,False
Adobe Sand,Behr,Mass-Market,False,2,10,1.5445000000000002e-05,False
Sonoran Desert,Behr,Mass-Market,False,2,14,1.26645e-05,False
Sierra,Behr,Mass-Market,False,1,6,1.15e-05,False
Rodeo Tan,Behr,Mass-Market,True,2,9,6.5750000000000006e-06,False
Wild Mustang,Behr,Mass-Market,False,2,12,3.345e-05,False
Joshua Tree,Behr,Mass-Market,False,2,11,3.956e-05,False
Clay Dust,Behr,Mass-Market,False,2,9,2.26e-05,False
Brazilian Tan,Behr,Mass-Market,True,2,13,1.36e-05,False
Pottery Wheel,Behr,Mass-Market,False,2,13,1.8305000000000002e-05,False
Artisan Crafts,Behr,Mass-Market,False,2,14,3.5950000000000003e-06,False
Ancient Pottery,Behr,Mass-Market,False,2,15,2.6455e-05,False
Split Rail,Behr,Mass-Market,False,2,10,3.52e-05,False
Mission Brown,Behr,Mass-Market,True,2,13,8.805e-05,False
Vanilla Mocha,Behr,Mass-Market,False,2,13,3.9375e-06,False
Almond Latte,Behr,Mass-Market,False,2,12,2.695e-06,False
Polo Tan,Behr,Mass-Market,True,2,8,8.045e-06,False
Merino,Behr,Mass-Market,False,1,6,7.41e-07,False
Distant Land,Behr,Mass-Market,False,2,12,9.075e-05,False
Outdoor Cafe,Behr,Mass-Market,False,2,12,1.465e-05,False
Folk Guitar,Behr,Mass-Market,False,2,11,2.34e-05,False
High Style Beige,Behr,Mass-Market,True,3,16,0.000231,False
Lentil,Behr,Mass-Market,False,1,6,4.57e-07,False
Coco,Behr,Mass-Market,False,1,4,3.09e-06,False
Oxford Street,Behr,Mass-Market,False,2,13,0.00010750000000000001,False
River Road,Behr,Mass-Market,False,2,10,0.0001405,False
Westminster,Behr,Mass-Market,False,1,11,1e-05,False
Library Oak,Behr,Mass-Market,False,2,11,4.375e-05,False
Scroll,Behr,Mass-Market,False,1,6,7.24e-06,False
Writers Parchment,Behr,Mass-Market,False,2,17,1.86e-05,False
Writer's Parchment,Behr,Mass-Market,False,2,18,1.8249999999999999e-06,False
Louvre,Behr,Mass-Market,False,1,6,1.38e-06,False
Perfect Tan,Behr,Mass-Market,True,2,11,8.41e-05,False
Antique Treasure,Behr,Mass-Market,False,2,16,1.102e-05,False
Temple Tile,Behr,Mass-Market,False,2,11,1.6725e-05,False
Brass Button,Behr,Mass-Market,False,2,12,2.375e-05,False
Original White,Behr,Mass-Market,True,2,14,0.0002345,False
Authentic Tan,Behr,Mass-Market,True,2,13,1.06e-05,False
Comfy Beige,Behr,Mass-Market,True,2,11,3.1349999999999996e-06,False
Curious Collection,Behr,Mass-Market,False,2,18,5.97e-05,False
Pocket Watch,Behr,Mass-Market,False,2,12,0.0001246,False
Trinket Gold,Behr,Mass-Market,True,2,12,7.42505e-05,False
Marrakech Brown,Behr,Mass-Market,True,2,15,5.12875e-05,False
Sail Cloth,Behr,Mass-Market,False,2,10,1.045e-05,False
Canvas Luggage,Behr,Mass-Market,False,2,14,7.715e-06,False
Casual Khaki,Behr,Mass-Market,True,2,12,9.05e-06,False
Canyon Ouvert,Behr,Mass-Market,False,2,13,4.5901500000000004e-06,False
Open Canyon,Behr,Mass-Market,False,2,11,0.00015556,False
Hidden Treasure,Behr,Mass-Market,False,2,15,2.435e-05,False
Archaeological Site,Behr,Mass-Market,False,2,19,8.539499999999999e-05,False
Mayan Ruins,Behr,Mass-Market,False,2,11,5.8949999999999995e-06,False
Sand Drift,Behr,Mass-Market,False,2,10,1.7055000000000002e-05,False
Arid Landscape,Behr,Mass-Market,False,2,14,1.2620000000000001e-05,False
Sandstorm,Behr,Mass-Market,False,1,9,5.37e-07,False
Desert Khaki,Behr,Mass-Market,True,2,12,1.31e-05,False
Weathered Fossil,Behr,Mass-Market,False,2,16,5.59e-06,False
Palm Desert,Behr,Mass-Market,False,2,11,2.105e-05,False
Classic Bronze,Behr,Mass-Market,True,2,14,3.415e-05,False
Campfire Ash,Behr,Mass-Market,False,2,12,7.88e-06,False
Toasty Gray,Behr,Mass-Market,True,2,11,1.43625e-05,False
Tanglewood,Behr,Mass-Market,False,1,10,1.55e-07,False
Camping Tent,Behr,Mass-Market,False,2,12,1.06e-05,False
Gray Squirrel,Behr,Mass-Market,True,2,13,1.655e-05,False
Arrowhead,Behr,Mass-Market,False,1,9,7.24e-07,False
Primitive,Behr,Mass-Market,False,1,9,6.31e-06,False
Milk Paint,Behr,Mass-Market,False,2,10,3.9399999999999995e-05,False
Prairie Dust,Behr,Mass-Market,False,2,12,1.5355e-05,False
Unmarked Trail,Behr,Mass-Market,False,2,14,1.497e-05,False
Explorer Khaki,Behr,Mass-Market,True,2,14,4.09e-06,False
Livingston,Behr,Mass-Market,False,1,10,2.63e-06,False
Lagoon Moss,Behr,Mass-Market,False,2,11,5.225e-06,False
Adventurer,Behr,Mass-Market,False,1,10,1.51e-06,False
Light Granite,Behr,Mass-Market,False,2,13,0.00011062,False
Dune Grass,Behr,Mass-Market,False,2,10,1.2955e-05,False
Bonsai Pot,Behr,Mass-Market,False,2,10,1.28585e-05,False
Tent Green,Behr,Mass-Market,True,2,10,7.31e-05,False
Grassy Savannah,Behr,Mass-Market,False,2,15,2.955e-06,True
Sorrel Leaf,Behr,Mass-Market,False,2,11,8.49e-06,False
Kilimanjaro,Behr,Mass-Market,False,1,11,5.25e-07,False
Hazy Trail,Behr,Mass-Market,False,2,10,1.479e-05,False
Sawgrass,Behr,Mass-Market,False,1,8,1.38e-07,False
Biking Trail,Behr,Mass-Market,False,2,12,1.5385e-05,False
Jungle Camouflage,Behr,Mass-Market,False,2,17,7.915e-06,False
Muted Sage,Behr,Mass-Market,True,2,10,4.695e-06,False
Peppergrass,Behr,Mass-Market,False,1,11,0.0,False
Russian Olive,Behr,Mass-Market,True,2,13,5.715e-05,False
Seagull Gray,Behr,Mass-Market,True,2,12,1.4625e-05,False
Silver Marlin,Behr,Mass-Market,True,2,13,3.281e-05,False
Still Gray,Behr,Mass-Market,True,2,10,0.0004301,False
Battleship Gray,Behr,Mass-Market,True,2,15,1.4805000000000001e-05,False
Mossy Oak,Behr,Mass-Market,False,2,9,7.7685e-06,False
Patio Stone,Behr,Mass-Market,False,2,11,3.2925e-05,False
Potting Soil,Behr,Mass-Market,False,2,12,1.34065e-05,False
Roadster White,Behr,Mass-Market,True,2,14,0.000162346,False
Eon,Behr,Mass-Market,False,1,3,5.01e-07,False
Light Year,Behr,Mass-Market,False,2,10,0.000563,False
Confederate,Behr,Mass-Market,False,1,11,5.01e-06,False
Incognito,Behr,Mass-Market,False,1,9,1.15e-06,False
Gladiator Gray,Behr,Mass-Market,True,2,14,1.4875e-05,False
Night Mission,Behr,Mass-Market,False,2,13,0.00024055000000000002,False
Mortar,Behr,Mass-Market,False,1,6,5.62e-06,False
Heath Gray,Behr,Mass-Market,True,2,10,1.6975e-05,False
Weathered Moss,Behr,Mass-Market,False,2,14,4.585e-06,False
Strong Winds,Behr,Mass-Market,False,2,12,9.13e-05,False
Naturalist Gray,Behr,Mass-Market,True,2,15,1.4805000000000001e-05,False
Bonsai Trunk,Behr,Mass-Market,False,2,12,5.658499999999999e-06,False
Black Bamboo,Behr,Mass-Market,True,2,12,0.000146235,False
Light Mist,Behr,Mass-Market,False,2,10,0.00010934,False
Flora,Behr,Mass-Market,False,1,5,5.01e-06,False
Jojoba,Behr,Mass-Market,False,1,6,1.66e-07,False
Bitter Sage,Behr,Mass-Market,True,2,11,1.148e-05,False
Eucalyptus Wreath,Behr,Mass-Market,False,2,17,1.655e-06,False
Laurel Garland,Behr,Mass-Market,False,2,14,3.5749999999999997e-06,False
Cypress Vine,Behr,Mass-Market,False,2,12,3.575e-06,False
Mountain Morn,Behr,Mass-Market,False,2,13,2.741e-05,False
Frosted Sage,Behr,Mass-Market,True,2,12,3.915e-06,False
Flagstaff Green,Behr,Mass-Market,True,2,15,6.7897e-05,False
Forest Path,Behr,Mass-Market,False,2,11,5.07e-05,False
Thai Basil,Behr,Mass-Market,False,2,10,9.635e-06,False
Terrarium,Behr,Mass-Market,False,1,9,2.29e-07,False
Vine Leaf,Behr,Mass-Market,False,2,9,1.0985e-05,False
Silence,Behr,Mass-Market,False,1,7,2.88e-05,False
Brook Green,Behr,Mass-Market,True,2,11,7.025e-05,False
Riverdale,Behr,Mass-Market,False,1,9,9.33e-07,False
Natures Gift,Behr,Mass-Market,False,2,12,3.06165e-05,False
Village Green,Behr,Mass-Market,True,2,13,0.00010055,False
Pinecone Hill,Behr,Mass-Market,False,2,13,3.3108499999999996e-05,False
North Woods,Behr,Mass-Market,False,2,11,0.0001236,False
Juniper Breeze,Behr,Mass-Market,False,2,14,4.325e-06,False
Mountain Falls,Behr,Mass-Market,False,2,14,4.82e-05,False
Misty Moss,Behr,Mass-Market,False,2,10,5.105e-06,False
Underground Gardens,Behr,Mass-Market,False,2,19,1.975e-05,False
Boreal,Behr,Mass-Market,False,1,6,4.9e-07,False
Pine Mountain,Behr,Mass-Market,False,2,13,3.315e-05,False
Alpine Trail,Behr,Mass-Market,False,2,12,1.6185000000000002e-05,True
Mountain Peak White,Behr,Mass-Market,True,3,19,0.0001372,False
Natures Reflection,Behr,Mass-Market,False,2,18,7.8665e-06,False
Garden Vista,Behr,Mass-Market,False,2,12,3.2015e-05,False
Rainy Afternoon,Behr,Mass-Market,False,2,15,2.9e-05,False
Aspen Valley,Behr,Mass-Market,False,2,12,2.7595000000000003e-05,True
Meteorological,Behr,Mass-Market,False,1,14,2.45e-06,False
Silken Pine,Behr,Mass-Market,False,2,11,6.5085e-06,False
Streetwise,Behr,Mass-Market,False,1,10,2.24e-07,False
Urban Raincoat,Behr,Mass-Market,False,2,14,2.25895e-05,False
Greenwich Village,Behr,Mass-Market,False,2,17,3.4785e-05,False
October Sky,Behr,Mass-Market,False,2,11,9.075e-05,False
Coney Island,Behr,Mass-Market,False,2,12,5.1575e-05,False
Brooklyn,Behr,Mass-Market,False,1,8,1.78e-05,True
Midnight In Ny,Behr,Mass-Market,False,3,14,0.0062157666666666665,False
Evaporation,Behr,Mass-Market,False,1,11,1.2e-06,False
Zero Gravity,Behr,Mass-Market,False,2,12,2.945e-05,False
Meteor Shower,Behr,Mass-Market,False,2,13,1.7575e-05,False
Moonquake,Behr,Mass-Market,False,1,9,0.0,False
Intergalactic,Behr,Mass-Market,False,1,13,7.24e-07,False
Binary Star,Behr,Mass-Market,False,2,11,8.1955e-05,False
Astronomical,Behr,Mass-Market,False,1,12,3.09e-06,False
Evening White,Behr,Mass-Market,True,2,13,0.0001982,False
Planetary Silver,Behr,Mass-Market,True,2,16,3.4115e-05,False
Lunar Surface,Behr,Mass-Market,False,2,13,3.6745e-05,False
Cosmic Quest,Behr,Mass-Market,False,2,12,1.2315e-05,False
Slate Rock,Behr,Mass-Market,True,2,10,5.6805e-05,False
Hematite,Behr,Mass-Market,False,1,8,3.02e-07,False
Space Black,Behr,Mass-Market,True,2,11,0.000229,False
Ash Blue,Behr,Mass-Market,True,2,8,7.475e-05,False
Oceanic Climate,Behr,Mass-Market,False,2,15,2.6875e-05,False
Half Sea Fog,Behr,Mass-Market,False,3,12,0.00012664666666666667,False
Norwester,Behr,Mass-Market,False,1,9,0.0,False
Norwegian Blue,Behr,Mass-Market,True,2,14,7.1955e-05,False
Whale Gray,Behr,Mass-Market,True,2,10,1.8875e-05,False
Submarine Gray,Behr,Mass-Market,True,2,14,1.7330000000000002e-05,False
Light Drizzle,Behr,Mass-Market,False,2,13,0.000107705,False
Flowing Breeze,Behr,Mass-Market,False,2,14,8.87e-06,False
Shadow Blue,Behr,Mass-Market,True,2,11,8.125e-05,False
French Colony,Behr,Mass-Market,False,2,13,6.81e-05,True
Adirondack Blue,Behr,Mass-Market,True,2,15,6.78155e-05,False
Nypd,Behr,Mass-Market,False,1,4,2.88e-06,False
Midnight Blue,Behr,Mass-Market,True,2,13,7.77e-05,False
Absolute Zero,Behr,Mass-Market,False,2,13,3.8700000000000006e-05,False
Icicles,Behr,Mass-Market,False,1,7,2.57e-07,False
Shaved Ice,Behr,Mass-Market,False,2,10,5.2285000000000005e-05,False
Teton Blue,Behr,Mass-Market,True,2,10,6.77235e-05,False
Charcoal Blue,Behr,Mass-Market,True,2,13,6.94e-05,False
Calligraphy,Behr,Mass-Market,False,1,11,1.15e-06,False
Ink Black,Behr,Mass-Market,True,2,9,0.00014985,False
Shiny Luster,Behr,Mass-Market,False,2,12,4.2510000000000005e-06,False
Loft Space,Behr,Mass-Market,False,2,10,8.662000000000001e-05,False
Tin Foil,Behr,Mass-Market,False,2,8,8.225e-06,False
Pencil Sketch,Behr,Mass-Market,False,2,13,9.954999999999999e-06,False
Magnetic Gray,Behr,Mass-Market,True,2,13,2.15e-05,False
Graphic Charcoal,Behr,Mass-Market,True,2,16,1.04e-05,False
Night Club,Behr,Mass-Market,False,2,10,0.0002825,False
Silver Shadow,Behr,Mass-Market,True,2,13,4.605e-05,False
Galactic Tint,Behr,Mass-Market,False,2,13,2.375e-06,False
Stargazer,Behr,Mass-Market,False,1,9,1.91e-07,False
Supernova,Behr,Mass-Market,False,1,9,1.35e-06,False
Liquid Mercury,Behr,Mass-Market,False,2,14,1.75e-05,False
Orion Gray,Behr,Mass-Market,True,2,10,1.5475e-05,False
Blackout,Behr,Mass-Market,False,1,8,3.8e-06,False
White Metal,Behr,Mass-Market,True,2,11,0.00019505,False
Silver Bullet,Behr,Mass-Market,True,2,13,4.1e-05,False
Flannel Gray,Behr,Mass-Market,True,2,12,1.4855000000000001e-05,False
Cool Ashes,Behr,Mass-Market,False,2,10,7.475500000000001e-05,False
Iron Mountain,Behr,Mass-Market,False,2,13,5.435e-05,False
Asphalt Gray,Behr,Mass-Market,True,2,12,1.5795e-05,False
Carbon,Behr,Mass-Market,False,1,6,3.55e-05,False
Pixel White,Behr,Mass-Market,True,2,11,0.000164625,False
Double Click,Behr,Mass-Market,False,2,12,8.405e-05,False
High Speed Access,Behr,Mass-Market,False,3,17,0.000258,False
Power Gray,Behr,Mass-Market,True,2,10,0.0001796,False
Mission Control,Behr,Mass-Market,False,2,15,0.00016255,False
Digital,Behr,Mass-Market,False,1,7,6.76e-05,False
Private Black,Behr,Mass-Market,True,2,13,0.00022150000000000002,False
Script White,Behr,Mass-Market,True,2,12,0.00017345000000000001,False
Glitter,Behr,Mass-Market,False,1,7,3.63e-06,False
Vanity,Behr,Mass-Market,False,1,6,5.5e-06,False
Silhouette,Behr,Mass-Market,False,1,10,2.04e-06,False
Infamous,Behr,Mass-Market,False,1,8,5.62e-06,False
Script Ink,Behr,Mass-Market,False,2,10,1.73e-05,False
Coal Mine,Behr,Mass-Market,False,2,9,7.045e-05,False
Mirror Ball,Behr,Mass-Market,False,2,11,6.975e-05,False
Centre Stage,Behr,Mass-Market,False,2,12,0.00010755,False
Best In Show,Behr,Mass-Market,False,3,12,0.006590333333333333,False
Ashberry,Behr,Mass-Market,False,1,8,0.0,False
Box Office,Behr,Mass-Market,False,2,10,0.0001805,False
Alter Ego,Behr,Mass-Market,False,2,9,1.085e-05,False
Catwalk,Behr,Mass-Market,False,1,7,9.77e-07,False
Posture And Pose,Behr,Mass-Market,False,3,16,0.008572356666666668,False
Coveted Gem,Behr,Mass-Market,False,2,11,4.8e-06,False
Luxe Lilac,Behr,Mass-Market,True,2,10,1.1334999999999998e-06,False
Evening In Paris,Behr,Mass-Market,False,3,16,0.006246166666666666,True
Solitaire,Behr,Mass-Market,False,1,9,1.02e-06,False
Fashionista,Behr,Mass-Market,False,1,11,3.47e-07,False
Limo-scene,Behr,Mass-Market,False,1,10,2.09e-06,False
Opera,Behr,Mass-Market,False,1,5,1.86e-05,False
Standing Ovation,Behr,Mass-Market,False,2,16,3.7174999999999996e-05,False
Art Nouveau Glass,Behr,Mass-Market,False,3,17,8.899e-05,False
Classy Plum,Behr,Mass-Market,True,2,11,4.4e-06,False
Curtain Call,Behr,Mass-Market,False,2,12,0.00016562,False
Virtuoso,Behr,Mass-Market,False,1,8,7.94e-07,False
Black Elegance,Behr,Mass-Market,True,2,14,0.000145315,False
White Blush,Behr,Mass-Market,True,2,11,0.00016381500000000002,False
White Flour,Behr,Mass-Market,True,2,11,0.00016700000000000002,False
White Mocha,Behr,Mass-Market,True,2,11,0.00016247750000000002,False
Mourning Dove,Behr,Mass-Market,False,2,13,4.79e-06,False
Shoelace,Behr,Mass-Market,False,1,8,2.24e-07,False
White Veil,Behr,Mass-Market,True,2,10,0.00016428500000000002,False
Sleek White,Behr,Mass-Market,True,2,11,0.000163095,False
So Much Fawn,Behr,Mass-Market,False,3,12,0.0014370166666666667,False
Mannequin Cream,Behr,Mass-Market,True,2,15,2.1425e-05,False
Nice Cream,Behr,Mass-Market,True,2,10,0.00013785,False
Almond Milk,Behr,Mass-Market,False,2,11,2.4545e-05,False
Coconut Ice,Behr,Mass-Market,False,2,11,5.3795e-05,False
Spanish Sand,Behr,Mass-Market,False,2,12,4.06e-05,True
Coco Malt,Behr,Mass-Market,False,2,9,2.83e-06,False
Cottage White Or-w9,Behr,Mass-Market,True,3,19,0.00011135343333333333,False
Sprinkle,Behr,Mass-Market,False,1,8,2.45e-06,False
Sweet Romance,Behr,Mass-Market,False,2,13,5.1099999999999995e-05,False
Epiphany,Behr,Mass-Market,False,1,8,1.45e-06,False
Lovers Knot,Behr,Mass-Market,False,2,11,9.675e-06,False
I Heart Potion,Behr,Mass-Market,False,3,14,0.004168696666666667,False
Chakra,Behr,Mass-Market,False,1,6,1.48e-06,False
Sultana,Behr,Mass-Market,False,1,7,2.57e-07,False
All Made Up,Behr,Mass-Market,False,3,11,0.0021973333333333333,False
Girl Talk,Behr,Mass-Market,False,2,9,0.0002515,False
Bff,Behr,Mass-Market,False,1,3,8.91e-07,False
Rock Star Pink,Behr,Mass-Market,True,3,14,9.836666666666667e-05,False
Girls Only,Behr,Mass-Market,False,2,10,0.000734,False
Wild Berry,Behr,Mass-Market,False,2,10,3.6215000000000005e-05,False
Xoxo,Behr,Mass-Market,False,1,4,4.17e-07,False
Starlet Pink,Behr,Mass-Market,True,2,12,1.6784e-05,False
Gumball,Behr,Mass-Market,False,1,7,4.37e-07,False
High Maintenance,Behr,Mass-Market,False,2,16,0.00029875,False
Heart Breaker,Behr,Mass-Market,False,2,13,0.00010399,False
Beauty Queen,Behr,Mass-Market,False,2,12,6.429999999999999e-05,False
Diva Glam,Behr,Mass-Market,False,2,9,2.165e-06,False
Glitterati,Behr,Mass-Market,False,1,10,6.46e-08,False
Piggy Bank,Behr,Mass-Market,False,2,10,7.35e-05,False
Pink Innocence,Behr,Mass-Market,True,2,14,1.993e-05,False
Little Princess,Behr,Mass-Market,False,2,15,0.00029795,False
Its A Girl,Behr,Mass-Market,False,3,10,0.008173333333333333,False
Little Bow Pink,Behr,Mass-Market,True,3,15,0.00020503333333333335,False
Ballerina Tutu,Behr,Mass-Market,False,2,14,1.155e-06,False
Glamorous,Behr,Mass-Market,False,1,9,3.16e-06,False
Summer Crush,Behr,Mass-Market,False,2,12,9.240000000000001e-05,False
Sweetheart,Behr,Mass-Market,False,1,10,5.5e-06,False
Love At First Sight,Behr,Mass-Market,False,4,19,0.001748925,False
I Pink I Can,Behr,Mass-Market,True,4,12,0.0068782750000000005,False
Lovebirds,Behr,Mass-Market,False,1,9,3.63e-07,False
Hibiscus Flower,Behr,Mass-Market,False,2,15,1.34375e-05,False
No More Drama,Behr,Mass-Market,False,3,13,0.0015256,False
Blowing Kisses,Behr,Mass-Market,False,2,14,1.0650000000000001e-05,False
Energetic Pink,Behr,Mass-Market,True,2,14,1.9115e-05,False
Pinque,Behr,Mass-Market,False,1,6,0.0,False
Hot Gossip,Behr,Mass-Market,False,2,10,7.6295e-05,False
Kiss And Tell,Behr,Mass-Market,False,3,13,0.008692333333333333,False
Whip Lash,Behr,Mass-Market,False,2,9,6.300000000000001e-06,False
Flirt Alert,Behr,Mass-Market,False,2,11,1.2355e-05,False
Angel Kiss,Behr,Mass-Market,False,2,10,3.3100000000000005e-05,False
Blush Rush,Behr,Mass-Market,False,2,10,1.6915e-05,False
All Dressed Up,Behr,Mass-Market,False,3,14,0.0019287666666666667,False
Juicy Details,Behr,Mass-Market,False,2,13,4.3154999999999996e-05,False
Pinkadelic,Behr,Mass-Market,False,1,10,0.0,False
Intrigue,Behr,Mass-Market,False,1,8,2.29e-06,False
Stiletto Love,Behr,Mass-Market,False,2,13,0.0003307685,False
Youth Blush,Behr,Mass-Market,False,2,11,2.9914999999999997e-05,False
Old Flame,Behr,Mass-Market,False,2,9,0.00028685,False
Infatuation,Behr,Mass-Market,False,1,11,7.94e-07,False
Sugar Poppy,Behr,Mass-Market,False,2,11,2.5895e-05,False
Roulette,Behr,Mass-Market,False,1,8,2.45e-06,False
Race Car Stripe,Behr,Mass-Market,False,3,15,0.00013508000000000001,False
100 Mph,Behr,Mass-Market,False,2,7,8.08e-06,False
Deco Shell,Behr,Mass-Market,False,2,10,1.3535e-05,False
Sherbet Fruit,Behr,Mass-Market,False,2,13,1.8758000000000002e-05,False
Pink Mimosa,Behr,Mass-Market,True,2,11,1.6794999999999998e-05,False
Guava Jelly,Behr,Mass-Market,False,2,11,3.1485e-06,False
Watermelon Slice,Behr,Mass-Market,False,2,16,6.120000000000001e-06,False
Pimento,Behr,Mass-Market,False,1,7,1.58e-07,False
Top Tomato,Behr,Mass-Market,False,2,10,0.00018954,False
Fire Mist,Behr,Mass-Market,False,2,9,0.00010234,False
Fahrenheit,Behr,Mass-Market,False,1,10,1.74e-06,False
Melon Sorbet,Behr,Mass-Market,False,2,12,1.2634999999999998e-06,False
Siren,Behr,Mass-Market,False,1,5,2.88e-06,False
Orioles,Behr,Mass-Market,False,1,7,2.19e-06,False
Emergency Zone,Behr,Mass-Market,False,2,14,5.25e-05,False
Inferno,Behr,Mass-Market,False,1,7,2e-06,False
Melted Marshmallow,Behr,Mass-Market,False,2,18,3.72e-06,False
Sensual Peach,Behr,Mass-Market,True,2,13,4.09e-06,False
Tomorrows Coral,Behr,Mass-Market,True,2,15,3.7855e-06,False
Carotene,Behr,Mass-Market,False,1,8,3.89e-07,False
Burning Coals,Behr,Mass-Market,False,2,13,1.62775e-05,False
Sizzling Sunset,Behr,Mass-Market,False,2,15,6.175e-06,False
Bonfire Night,Behr,Mass-Market,False,2,13,0.00020457,False
Sour Candy,Behr,Mass-Market,False,2,10,1.3545e-05,False
Citrus Delight,Behr,Mass-Market,False,2,14,6.565000000000001e-06,False
Gumdrops,Behr,Mass-Market,False,1,8,3.89e-08,False
Lollipop,Behr,Mass-Market,False,1,8,1.41e-06,False
Cheerful Tangerine,Behr,Mass-Market,False,2,18,2.4255e-06,False
Mandarin,Behr,Mass-Market,False,1,8,3.31e-06,False
Japanese Koi,Behr,Mass-Market,False,2,12,3.2885e-05,True
Frosty Melon,Behr,Mass-Market,False,2,12,1.8349999999999998e-06,False
Peche,Behr,Mass-Market,False,1,5,4.9e-08,False
Tropical Fruit,Behr,Mass-Market,False,2,14,2.6150000000000002e-05,False
Dainty Apricot,Behr,Mass-Market,False,2,14,1.0625e-06,False
Fuzzy Peach,Behr,Mass-Market,True,2,11,5.18e-06,False
Bergamot Orange,Behr,Mass-Market,True,2,15,2.0952e-05,False
Construction Zone,Behr,Mass-Market,False,2,17,7.290000000000001e-05,False
White Grapefruit,Behr,Mass-Market,True,2,16,0.00016274,False
Sour Tarts,Behr,Mass-Market,False,2,10,4.2725e-06,False
Vitamin C,Behr,Mass-Market,False,2,9,0.0001121,False
Citrus Punch,Behr,Mass-Market,False,2,12,1.235e-05,False
Florida Sunrise,Behr,Mass-Market,False,2,15,3.2055000000000004e-05,False
Toucan,Behr,Mass-Market,False,1,6,2.29e-07,False
Acapulco Sun,Behr,Mass-Market,False,2,12,4.6988000000000005e-05,False
Cheese Powder,Behr,Mass-Market,False,2,13,2.75e-05,False
Peach Glow,Behr,Mass-Market,True,2,10,7.010000000000001e-06,False
Mango Nectar,Behr,Mass-Market,False,2,12,2.705e-06,False
Mango Tango,Behr,Mass-Market,False,2,11,3.715e-06,False
Cheese Puff,Behr,Mass-Market,False,2,11,2.0375e-05,False
Exotic Blossom,Behr,Mass-Market,False,2,14,6.15e-06,False
Joyful Orange,Behr,Mass-Market,True,2,13,2.2105e-05,False
Papaya Sorbet,Behr,Mass-Market,False,2,13,5.89e-07,False
Golden Nectar,Behr,Mass-Market,True,2,13,2.429e-05,False
Marsh Marigold,Behr,Mass-Market,False,2,14,3.9860000000000005e-06,False
Equatorial,Behr,Mass-Market,False,1,10,1.62e-06,False
Solar Storm,Behr,Mass-Market,False,2,11,3.98e-05,False
Splendor Gold,Behr,Mass-Market,True,2,13,7.455999999999999e-05,False
Blazing Bonfire,Behr,Mass-Market,False,2,15,2.58e-06,False
Glass Of Milk,Behr,Mass-Market,False,3,13,0.0084055,False
Yogurt,Behr,Mass-Market,False,1,6,4.27e-06,False
Vanilla Ice Cream,Behr,Mass-Market,True,3,17,4.954e-05,False
Banana Mania,Behr,Mass-Market,False,2,12,6.375000000000001e-06,False
Yellow Jubilee,Behr,Mass-Market,True,2,14,2.5875e-05,False
Smiley Face,Behr,Mass-Market,False,2,11,0.000142255,False
Extreme Yellow,Behr,Mass-Market,True,2,14,4.4399999999999995e-05,False
Honey Infusion,Behr,Mass-Market,False,2,14,1.2675e-05,False
September Morning,Behr,Mass-Market,False,2,17,0.0001775,False
Sunflower Seed,Behr,Mass-Market,False,2,14,1.2845e-05,False
Egg Cream,Behr,Mass-Market,True,2,9,3.5249999999999996e-05,False
Fuzzy Duckling,Behr,Mass-Market,False,2,14,2.4635000000000002e-06,False
Soft Boiled,Behr,Mass-Market,False,2,11,2.6345e-05,False
Sunny Side Up,Behr,Mass-Market,False,3,13,0.0009258999999999999,False
Summer Bliss,Behr,Mass-Market,False,2,12,8.8015e-05,False
Gold Thread,Behr,Mass-Market,True,2,11,8.774999999999999e-05,False
Polka Dot Skirt,Behr,Mass-Market,False,3,15,7.3e-06,False
Surfboard Yellow,Behr,Mass-Market,True,2,16,2.4823e-05,False
Little Sun Dress,Behr,Mass-Market,False,3,16,0.0002376,False
Bling Bling,Behr,Mass-Market,False,2,11,1.62e-06,False
Midsummer Gold,Behr,Mass-Market,True,2,14,7.4645e-05,False
Soft Buttercup,Behr,Mass-Market,False,2,14,2.4258499999999998e-05,False
Sweet As Honey,Behr,Mass-Market,False,3,14,0.0019982333333333335,False
Roasted Corn,Behr,Mass-Market,False,2,12,1.0435000000000001e-05,False
Spirited Yellow,Behr,Mass-Market,True,2,15,2.6275e-05,False
Squash Blossom,Behr,Mass-Market,False,2,14,4.22e-06,False
English Daisy,Behr,Mass-Market,False,2,13,8.0515e-05,True
Laser Lemon,Behr,Mass-Market,False,2,11,1.42e-05,False
Lemon White,Behr,Mass-Market,True,2,11,0.0001683,False
Meringue,Behr,Mass-Market,False,1,8,6.17e-07,False
Rite Of Spring,Behr,Mass-Market,False,3,14,0.008395823333333333,False
Rise And Shine,Behr,Mass-Market,False,3,14,0.008593133333333334,False
Upbeat,Behr,Mass-Market,False,1,6,3.39e-06,False
Buzz-in,Behr,Mass-Market,False,1,7,1.12e-05,False
Unmellow Yellow,Behr,Mass-Market,True,2,15,2.45e-05,False
Effervescent,Behr,Mass-Market,False,1,12,3.24e-07,False
Natural Light,Behr,Mass-Market,False,2,13,0.0001715,False
Firefly,Behr,Mass-Market,False,1,7,1.35e-06,False
Storm Lightning,Behr,Mass-Market,False,2,15,3.115e-05,False
Solar Energy,Behr,Mass-Market,False,2,12,0.00010195000000000001,False
Radiant Sun,Behr,Mass-Market,False,2,11,4.8195e-05,False
Solarium,Behr,Mass-Market,False,1,8,1.62e-07,False
Flashpoint,Behr,Mass-Market,False,1,10,6.92e-07,False
Lantern Light,Behr,Mass-Market,False,2,13,0.000109035,False
Lily Bulb,Behr,Mass-Market,False,2,9,6.74e-06,False
Pineapple Crush,Behr,Mass-Market,False,2,15,9.3e-06,False
Green Papaya,Behr,Mass-Market,True,2,12,6.787050000000001e-05,False
Sulfur Yellow,Behr,Mass-Market,True,2,13,2.5845e-05,False
Sweet And Sour,Behr,Mass-Market,False,3,14,0.008596296666666668,False
Tart Gelato,Behr,Mass-Market,False,2,11,1.4715e-06,False
Lime Bright,Behr,Mass-Market,False,2,11,2.397e-05,False
Pear Cider,Behr,Mass-Market,False,2,10,3.055e-06,False
Starfruit,Behr,Mass-Market,False,1,9,2.63e-08,False
Midori,Behr,Mass-Market,False,1,6,3.8e-07,False
Margarita,Behr,Mass-Market,False,1,9,2e-06,False
Luscious Lime,Behr,Mass-Market,False,2,13,4.1085e-06,False
Admiration,Behr,Mass-Market,False,1,10,3.89e-06,False
Invigorating,Behr,Mass-Market,False,1,12,5.37e-07,False
Reviving Green,Behr,Mass-Market,True,2,14,6.8275e-05,False
Lime Tree,Behr,Mass-Market,False,2,9,3.902e-05,False
Anime,Behr,Mass-Market,False,1,5,1.82e-05,False
Green Neon,Behr,Mass-Market,True,2,10,6.9685e-05,False
Venom,Behr,Mass-Market,False,1,5,3.72e-06,False
Bit Of Lime,Behr,Mass-Market,False,3,11,0.008447080000000001,False
May Apple,Behr,Mass-Market,False,2,9,0.00050625,False
Green Charm,Behr,Mass-Market,True,2,11,7.41e-05,False
Spring Grass,Behr,Mass-Market,False,2,12,5.36e-05,False
Go Go Lime,Behr,Mass-Market,False,3,10,0.0007157466666666666,False
Laser,Behr,Mass-Market,False,1,5,1.58e-05,False
Lazy Lizard,Behr,Mass-Market,False,2,11,1.0835e-05,False
Budding Leaf,Behr,Mass-Market,False,2,12,9.255e-06,False
Iced Green Apple,Behr,Mass-Market,True,3,16,6.512666666666667e-05,False
Tonic,Behr,Mass-Market,False,1,5,2.45e-06,False
Soda Pop,Behr,Mass-Market,False,2,8,4.255e-05,False
Citrus Peel,Behr,Mass-Market,False,2,11,5.055e-06,False
Fresh Apple,Behr,Mass-Market,False,2,11,6.255e-05,False
Sassy Grass,Behr,Mass-Market,False,2,11,1.2810000000000001e-05,False
Moths Wing,Behr,Mass-Market,False,2,10,2.116e-05,False
Praying Mantis,Behr,Mass-Market,False,2,14,5.5299999999999996e-06,False
Chameleon Skin,Behr,Mass-Market,False,2,14,4.128e-05,False
Cricket Field,Behr,Mass-Market,False,2,13,9.925e-05,False
Lazy Caterpillar,Behr,Mass-Market,False,2,16,9.9e-06,False
Salamander,Behr,Mass-Market,False,1,10,5.75e-07,False
Sun Valley,Behr,Mass-Market,False,2,10,7.290000000000001e-05,False
Magic Mint,Behr,Mass-Market,True,2,10,3.291e-05,False
Misted Fern,Behr,Mass-Market,False,2,11,9.716e-07,False
Irish Folklore,Behr,Mass-Market,False,2,14,1.8895e-05,False
Four Leaf Clover,Behr,Mass-Market,False,3,16,0.00011929666666666666,False
Gleeful,Behr,Mass-Market,False,1,7,2.69e-07,False
Springview Green,Behr,Mass-Market,True,2,16,6.75e-05,False
Luck Of The Irish,Behr,Mass-Market,False,4,17,0.019729,False
Frostini,Behr,Mass-Market,False,1,8,0.0,False
Chilled Mint,Behr,Mass-Market,True,2,12,5.7050000000000004e-06,False
Mint Parfait,Behr,Mass-Market,True,2,12,4.311e-06,False
Young Green,Behr,Mass-Market,True,2,11,0.00020199999999999998,False
Garden Stroll,Behr,Mass-Market,False,2,13,3.1185e-05,False
Lawn Party,Behr,Mass-Market,False,2,10,0.00015927499999999998,False
Park Picnic,Behr,Mass-Market,False,2,11,7.5655e-05,False
Mischievous,Behr,Mass-Market,False,1,11,1.41e-06,False
End Of The Rainbow,Behr,Mass-Market,False,4,18,0.019822674999999998,False
Folk Tale,Behr,Mass-Market,False,2,9,1.8049999999999998e-05,False
Good Luck,Behr,Mass-Market,False,2,9,0.00070065,False
Winter Shamrock,Behr,Mass-Market,False,2,15,3.91705e-05,False
Clover Patch,Behr,Mass-Market,False,2,12,9.045e-06,False
Paradise Of Greenery,Behr,Mass-Market,False,3,20,0.008371730666666667,False
Pondscape,Behr,Mass-Market,False,1,9,0.0,False
Spearmints,Behr,Mass-Market,False,1,10,0.0,False
Shanghai Jade,Behr,Mass-Market,True,2,13,8.514999999999999e-06,False
Willow Hedge,Behr,Mass-Market,False,2,12,5.199999999999999e-06,False
Lily Pads,Behr,Mass-Market,False,2,9,7.4e-06,False
Solitary Tree,Behr,Mass-Market,False,2,13,3.8085e-05,False
Grasslands,Behr,Mass-Market,False,1,10,8.91e-07,False
Spring Frost,Behr,Mass-Market,False,2,12,4.6055e-05,False
Crystal Rapids,Behr,Mass-Market,False,2,14,1.4735e-05,False
Tropical Trail,Behr,Mass-Market,False,2,14,2.165e-05,False
Menthol,Behr,Mass-Market,False,1,7,5.89e-07,False
Shamrock Green,Behr,Mass-Market,True,2,14,6.787050000000001e-05,False
Exquisite Emerald,Behr,Mass-Market,True,2,17,4.025e-06,False
Crown Jewel,Behr,Mass-Market,False,2,11,2.0545e-05,False
Summer House,Behr,Mass-Market,False,2,12,0.0003415,False
Aqua Wish,Behr,Mass-Market,False,2,9,7.6845e-05,False
Green Parakeet,Behr,Mass-Market,True,2,14,6.7651e-05,False
Kauai,Behr,Mass-Market,False,1,5,7.59e-07,False
Enchanted Wells,Behr,Mass-Market,False,2,15,1.0274999999999999e-05,False
Fairy Queen,Behr,Mass-Market,False,2,11,4.2199999999999996e-05,False
Sparkling Emerald,Behr,Mass-Market,True,2,17,3.805e-06,False
Shimmering Pool,Behr,Mass-Market,False,2,15,2.38665e-05,False
Clear Aqua,Behr,Mass-Market,False,2,10,9.034499999999999e-05,False
Fish Pond,Behr,Mass-Market,False,2,9,4.4475000000000004e-05,False
March Aquamarine,Behr,Mass-Market,False,2,16,9.1162e-05,False
Water Park,Behr,Mass-Market,False,2,10,0.000238,False
Esmeralda,Behr,Mass-Market,False,1,9,5.89e-07,False
Mermaid Sea,Behr,Mass-Market,False,2,11,5.8975000000000004e-05,False
Sea Ice,Behr,Mass-Market,False,2,7,0.00010750000000000001,False
Tahitian Breeze,Behr,Mass-Market,False,2,15,3.7745e-06,False
Rainwater,Behr,Mass-Market,False,1,9,1e-06,False
Hidden Sea Glass,Behr,Mass-Market,False,3,16,7.323333333333333e-05,False
Island Aqua,Behr,Mass-Market,False,2,11,5.2345e-05,False
Tropics,Behr,Mass-Market,False,1,7,1.45e-06,False
Mystic Turquoise,Behr,Mass-Market,True,2,16,3.06e-06,False
Morning Sky,Behr,Mass-Market,False,2,11,0.00013325,False
Tropical Waterfall,Behr,Mass-Market,False,2,18,9.285e-06,False
Soft Turquoise,Behr,Mass-Market,True,2,14,2.502e-05,False
Lagoon Rock,Behr,Mass-Market,False,2,11,5.4845e-05,False
Fiji,Behr,Mass-Market,False,1,4,4.07e-06,False
Paradise Landscape,Behr,Mass-Market,False,2,18,1.87e-05,False
Caribbean Current,Behr,Mass-Market,False,2,17,9.96e-05,True
Silent Breeze,Behr,Mass-Market,False,2,13,1.772e-05,False
Serene Thought,Behr,Mass-Market,False,2,14,0.00019543000000000002,False
Sea Of Tranquility,Behr,Mass-Market,False,3,18,0.00840535,False
Paradise Sky,Behr,Mass-Market,False,2,12,3.35e-05,False
Placid Sea,Behr,Mass-Market,False,2,10,5.801e-05,False
Bella Vista,Behr,Mass-Market,False,2,11,5.315e-06,False
The Real Teal,Behr,Mass-Market,True,3,13,0.01803326,False
Niagara Mist,Behr,Mass-Market,False,2,12,3.995e-06,False
Crystal Falls,Behr,Mass-Market,False,2,13,3.39e-05,False
Cool Water Lake,Behr,Mass-Market,False,3,15,0.00017986666666666666,False
Rushing Stream,Behr,Mass-Market,False,2,14,2.5305e-05,False
High Dive,Behr,Mass-Market,False,2,9,0.0002876,False
Aruba Blue,Behr,Mass-Market,True,2,10,6.79255e-05,False
Striking,Behr,Mass-Market,False,1,8,1.58e-05,False
Ocean Front,Behr,Mass-Market,False,2,11,0.00012055,False
Blue Sarong,Behr,Mass-Market,True,2,11,6.7593e-05,False
Big Chill,Behr,Mass-Market,False,2,9,0.00024155,False
Aztec Sky,Behr,Mass-Market,False,2,9,2.688e-05,False
Yucatan,Behr,Mass-Market,False,1,7,3.98e-07,False
Hacienda Blue,Behr,Mass-Market,True,2,13,6.78015e-05,False
Mayan Treasure,Behr,Mass-Market,False,2,14,8.045e-06,False
Spacious Skies,Behr,Mass-Market,False,2,14,5.35e-06,False
Seashore Dreams,Behr,Mass-Market,False,2,15,1.9866e-05,False
Spa Blue,Behr,Mass-Market,True,2,8,7.206e-05,False
Life Force,Behr,Mass-Market,False,2,10,0.000473,False
Peaceful River,Behr,Mass-Market,False,2,14,6.305e-05,False
Deep River,Behr,Mass-Market,False,2,10,0.0001095,False
Cosmic Cobalt,Behr,Mass-Market,False,2,13,4.185e-06,False
Greek Isles,Behr,Mass-Market,False,2,11,1.77e-05,False
Mediterranean Charm,Behr,Mass-Market,False,2,19,1.1485e-05,True
Rhodes,Behr,Mass-Market,False,1,6,4.9e-06,False
Electra,Behr,Mass-Market,False,1,7,8.13e-07,False
Perfect Sky,Behr,Mass-Market,False,2,11,0.00010525,False
Brilliant Blue,Behr,Mass-Market,True,2,14,8.525e-05,False
Beacon Blue,Behr,Mass-Market,True,2,11,7.025e-05,False
First Rain,Behr,Mass-Market,False,2,10,0.00067065,False
French Porcelain,Behr,Mass-Market,False,2,16,6.3315e-05,True
Toile Blue,Behr,Mass-Market,True,2,10,6.75362e-05,False
Cornflower,Behr,Mass-Market,False,1,10,1.41e-07,False
Boat House,Behr,Mass-Market,False,2,10,0.00028215,False
Mega Blue,Behr,Mass-Market,True,2,9,7.275e-05,False
Flashy Sapphire,Behr,Mass-Market,False,2,15,2.265e-06,False
Loyal,Behr,Mass-Market,False,1,5,1.58e-05,False
Promise Keeping,Behr,Mass-Market,False,2,15,6.025e-05,False
Honest,Behr,Mass-Market,False,1,6,5.37e-05,False
Periwinkle,Behr,Mass-Market,False,1,10,2.45e-07,False
Integrity,Behr,Mass-Market,False,1,9,1.66e-05,False
Indigo Batik,Behr,Mass-Market,True,2,12,1.1935e-06,False
Tanzanite,Behr,Mass-Market,False,1,9,7.76e-08,False
Vaguely Violet,Behr,Mass-Market,True,2,14,4.935e-06,False
Garden Fairy,Behr,Mass-Market,False,2,12,3.545e-05,False
Canterbury Bells,Behr,Mass-Market,False,2,16,6.72e-06,False
Lavender Sky,Behr,Mass-Market,True,2,12,2.7625e-05,False
Pansy Garden,Behr,Mass-Market,False,2,12,2.97445e-05,False
Wild Pansy,Behr,Mass-Market,False,2,10,3.18445e-05,False
Canyon Iris,Behr,Mass-Market,False,2,11,7.435000000000001e-06,False
Imagination,Behr,Mass-Market,False,1,11,1.66e-05,False
Artistic Violet,Behr,Mass-Market,True,2,15,1.0860000000000001e-05,False
Lavender Cloud,Behr,Mass-Market,True,2,14,1.5775e-05,False
Water Hyacinth,Behr,Mass-Market,False,2,14,0.0001657685,False
Carriage Ride,Behr,Mass-Market,False,2,13,3.894e-05,False
Wizards Potion,Behr,Mass-Market,False,2,14,3.1299999999999997e-06,False
Purple Prince,Behr,Mass-Market,True,2,13,3.67e-05,False
Blissful,Behr,Mass-Market,False,1,8,1e-06,False
Air Castle,Behr,Mass-Market,False,2,10,0.0001311,False
Party Hat,Behr,Mass-Market,False,2,9,0.00017145,False
Magic Wand,Behr,Mass-Market,False,2,10,3.0225e-05,False
Unimaginable,Behr,Mass-Market,False,1,12,1.41e-06,False
Just A Fairytale,Behr,Mass-Market,False,3,16,0.00853054,False
Kings Court,Behr,Mass-Market,False,2,11,0.00014135,False
Teary Eyed,Behr,Mass-Market,False,2,10,4.906e-06,False
Confetti,Behr,Mass-Market,False,1,8,1.07e-06,False
Flower Girl,Behr,Mass-Market,False,2,11,0.00013315,False
Classic Bouquet,Behr,Mass-Market,False,2,15,2.7535e-05,False
Romantic Moment,Behr,Mass-Market,False,2,15,0.00010045,False
Classic Waltz,Behr,Mass-Market,False,2,13,2.745e-05,False
Proper Purple,Behr,Mass-Market,True,2,13,3.67e-05,False
Folklore,Behr,Mass-Market,False,1,8,3.09e-06,False
Divine Wine,Behr,Mass-Market,False,2,11,3.62e-05,False
Tibetan Temple,Behr,Mass-Market,False,2,14,1.5720000000000002e-05,False
Wild Watermelon,Behr,Mass-Market,False,2,15,3.2670000000000004e-05,False
Watermelon Punch,Behr,Mass-Market,False,2,16,1.157e-05,False
Japanese Kimono,Behr,Mass-Market,False,2,15,3.27455e-05,True
Red Coral,Behr,Mass-Market,True,2,9,0.00010812,False
Rose Marquee,Behr,Mass-Market,True,2,12,3.3805e-05,False
Powder Room,Behr,Mass-Market,False,2,11,0.0001314,False
Pompeian Red,Behr,Mass-Market,True,2,12,0.00010453155,False
Red Willow,Behr,Mass-Market,True,2,10,0.00010695000000000001,False
Forbidden Red,Behr,Mass-Market,True,2,13,0.00010906,False
Crantini,Behr,Mass-Market,False,1,8,0.0,False
Bolero,Behr,Mass-Market,False,1,6,3.09e-07,False
Spiced Wine,Behr,Mass-Market,False,2,11,2.8025e-05,False
Formal Maroon,Behr,Mass-Market,True,2,13,1.522e-05,False
So Merlot,Behr,Mass-Market,False,2,9,0.001655281,False
Haitian Flower,Behr,Mass-Market,False,2,14,1.4269999999999999e-05,False
Majestic Orchid,Behr,Mass-Market,False,2,15,2.8599999999999997e-06,False
Peru,Behr,Mass-Market,False,1,4,7.76e-06,False
Classic Berry,Behr,Mass-Market,False,2,13,3.0915e-05,False
Spiced Plum,Behr,Mass-Market,True,2,11,2.3e-06,False
Scallion,Behr,Mass-Market,False,1,8,1.12e-07,False
Tuscany Hillside,Behr,Mass-Market,False,2,16,1.905e-06,True
Green Energy,Behr,Mass-Market,True,2,12,0.00015250000000000002,False
New Bamboo,Behr,Mass-Market,False,2,10,0.0008922349999999999,False
Intoxication,Behr,Mass-Market,False,1,12,1.32e-06,False
Spring Walk,Behr,Mass-Market,False,2,11,0.0001016,False
Lima Green,Behr,Mass-Market,True,2,10,6.94e-05,False
Minted Lemon,Behr,Mass-Market,False,2,12,6.7884999999999995e-06,False
Chinese Jade,Behr,Mass-Market,True,2,12,5.4015e-05,True
Ocean Foam,Behr,Mass-Market,False,2,10,2.8065e-05,False
Sliced Cucumber,Behr,Mass-Market,False,2,15,3.145e-06,False
Whitened Sage,Behr,Mass-Market,True,2,13,3.4575e-06,False
Snowy Pine,Behr,Mass-Market,False,2,10,7.74e-06,False
Ivory Palace,Behr,Mass-Market,True,2,12,1.764e-05,False
Desert Springs,Behr,Mass-Market,False,2,14,2.125e-05,False
Simply Sage,Behr,Mass-Market,True,2,11,6.338e-05,False
Aloe Thorn,Behr,Mass-Market,False,2,10,2.085e-06,False
Lizard Green,Behr,Mass-Market,True,2,12,6.9635e-05,False
Conifer Green,Behr,Mass-Market,True,2,13,6.76945e-05,False
Pastoral,Behr,Mass-Market,False,1,8,3.47e-06,False
Royal Orchard,Behr,Mass-Market,False,2,13,3.726e-05,False
Shallot Bulb,Behr,Mass-Market,False,2,12,2.3995e-06,False
Botanical Green,Behr,Mass-Market,True,2,15,6.9045e-05,False
Alamosa Green,Behr,Mass-Market,True,2,13,6.75388e-05,False
Pesto Green,Behr,Mass-Market,True,2,11,6.78795e-05,False
Willow Grove,Behr,Mass-Market,False,2,12,6.805e-06,False
Clary Sage,Behr,Mass-Market,True,2,10,3.6815e-06,False
Moss Print,Behr,Mass-Market,False,2,10,2.1230000000000002e-05,False
Environmental,Behr,Mass-Market,False,1,13,5.01e-05,False
Whitewater Bay,Behr,Mass-Market,False,2,14,2.7247e-05,False
Summer Green,Behr,Mass-Market,True,2,12,0.00015250000000000002,False
Mild Mint,Behr,Mass-Market,True,2,9,1.061e-05,False
Frosted Jade,Behr,Mass-Market,True,2,12,3.55e-06,False
Zen,Behr,Mass-Market,False,1,3,5.01e-06,False
Green Balsam,Behr,Mass-Market,True,2,12,6.77235e-05,False
Brampton Gray,Behr,Mass-Market,True,2,13,1.4497e-05,False
Hillside Green,Behr,Mass-Market,True,2,14,6.87e-05,False
Cactus Garden,Behr,Mass-Market,False,2,13,3.0705e-05,False
Lakeside Pine,Behr,Mass-Market,False,2,13,6.93e-06,False
Congo,Behr,Mass-Market,False,1,5,5.62e-06,False
Abysse,Behr,Mass-Market,False,1,6,0.0,False
Sequoia Lake,Behr,Mass-Market,False,2,12,3.41305e-05,False
Dragonfly,Behr,Mass-Market,False,1,9,1.07e-06,False
Agave,Behr,Mass-Market,False,1,5,5.5e-07,False
Lotus Leaf,Behr,Mass-Market,False,2,10,1.0385e-05,False
Lap Pool Blue,Behr,Mass-Market,True,3,13,6.563333333333333e-05,False
Spring Stream,Behr,Mass-Market,False,2,13,6.245e-05,False
Opal Silk,Behr,Mass-Market,False,2,9,7.24e-06,False
Frozen Pond,Behr,Mass-Market,False,2,11,1.5225e-05,False
Misty Morn,Behr,Mass-Market,False,2,10,1.7849999999999999e-06,False
Salt Glaze,Behr,Mass-Market,False,2,10,2.0855e-05,False
Gallery White,Behr,Mass-Market,True,2,13,0.00017745,False
Urban Mist,Behr,Mass-Market,False,2,10,2.4690000000000002e-05,False
Verdigris,Behr,Mass-Market,False,1,9,9.33e-08,False
Atmospheric,Behr,Mass-Market,False,1,11,6.92e-06,False
Juniper Ash,Behr,Mass-Market,False,2,11,7.955000000000001e-06,False
Cameroon Green,Behr,Mass-Market,True,2,14,6.9195e-05,False
Heritage Park,Behr,Mass-Market,False,2,13,8.395000000000001e-05,False
Mountain Pine,Behr,Mass-Market,False,2,13,3.315e-05,False
Underwater,Behr,Mass-Market,False,1,10,8.32e-06,False
Caribe,Behr,Mass-Market,False,1,6,1.55e-07,False
Juniper Berries,Behr,Mass-Market,False,2,15,2.565e-06,False
Catalina Coast,Behr,Mass-Market,False,2,14,3.7635e-05,False
Atlantic Shoreline,Behr,Mass-Market,False,2,18,1.327e-05,True
Bali Bliss,Behr,Mass-Market,False,2,10,5.464999999999999e-06,False
Polaris Blue,Behr,Mass-Market,True,2,12,6.81e-05,False
Voyage,Behr,Mass-Market,False,1,6,7.76e-06,False
Venus Teal,Behr,Mass-Market,True,2,10,4.1199999999999995e-06,False
Tahoe Blue,Behr,Mass-Market,True,2,10,6.829e-05,False
Ocean Boulevard,Behr,Mass-Market,False,2,15,2.7555e-05,False
Clear Vista,Behr,Mass-Market,False,2,11,9.1565e-05,False
Harmonious,Behr,Mass-Market,False,1,10,1.41e-06,False
Oslo Blue,Behr,Mass-Market,True,2,9,6.912e-05,False
Ozone,Behr,Mass-Market,False,1,5,2.63e-06,False
Clear Pond,Behr,Mass-Market,False,2,10,9.377499999999999e-05,False
Offshore Mist,Behr,Mass-Market,False,2,13,6.4050000000000005e-06,False
Fresh Day,Behr,Mass-Market,False,2,9,0.0004793,False
Bermudan Blue,Behr,Mass-Market,True,2,13,6.751475e-05,False
Observatory,Behr,Mass-Market,False,1,11,5.13e-06,False
Restless Sea,Behr,Mass-Market,False,2,12,5.949e-05,False
Arrowhead Lake,Behr,Mass-Market,False,2,14,3.4162e-05,False
Glass Sapphire,Behr,Mass-Market,False,2,14,3.6775e-05,False
Cayman Bay,Behr,Mass-Market,False,2,10,2.7624999999999997e-05,False
French Court,Behr,Mass-Market,False,2,12,0.00019,True
Forever Denim,Behr,Mass-Market,False,2,13,2.9155e-05,False
Coastal Vista,Behr,Mass-Market,False,2,13,1.0315e-05,False
Hawaiian Sky,Behr,Mass-Market,False,2,12,2.8645e-05,False
Paris,Behr,Mass-Market,False,1,5,6.61e-05,True
Windsurf,Behr,Mass-Market,False,1,8,4.57e-08,False
Blue Suede,Behr,Mass-Market,True,2,10,6.839e-05,False
Gentle Sky,Behr,Mass-Market,False,2,10,3.3650000000000005e-05,False
Hazy Skies,Behr,Mass-Market,False,2,10,4.755e-06,False
Caspian Tide,Behr,Mass-Market,False,2,12,6.135e-06,False
Crystal Waters,Behr,Mass-Market,False,2,14,2.665e-05,False
Denim Light,Behr,Mass-Market,False,2,11,0.000108655,False
Millstream,Behr,Mass-Market,False,1,10,2.63e-08,False
Polar Drift,Behr,Mass-Market,False,2,11,7.865e-06,False
Laguna Blue,Behr,Mass-Market,True,2,11,6.831e-05,False
English Channel,Behr,Mass-Market,False,2,15,0.0001129,True
Starless Night,Behr,Mass-Market,False,2,14,0.00020354355,False
Nobility Blue,Behr,Mass-Market,True,2,13,6.8975e-05,False
Mozart,Behr,Mass-Market,False,1,6,2.63e-06,False
Dark Cobalt Blue,Behr,Mass-Market,True,3,16,8.244666666666667e-05,False
Mosaic Blue,Behr,Mass-Market,True,2,11,6.94e-05,False
New Age Blue,Behr,Mass-Market,True,3,12,0.000708,False
Neon Blue,Behr,Mass-Market,True,2,9,6.9685e-05,False
Tranquil Pond,Behr,Mass-Market,False,2,13,5.465e-06,False
River Tour,Behr,Mass-Market,False,2,10,0.00010235,False
Hilo Bay,Behr,Mass-Market,False,2,8,2.7073499999999998e-05,False
China Silk,Behr,Mass-Market,False,2,10,6.945e-05,True
Great Falls,Behr,Mass-Market,False,2,11,0.00040085,False
Bluebird,Behr,Mass-Market,False,1,8,8.13e-07,False
Blue Hydrangea,Behr,Mass-Market,True,2,14,6.7617e-05,False
Ballroom Blue,Behr,Mass-Market,True,2,13,6.9155e-05,False
Sweet Juliet,Behr,Mass-Market,False,2,12,4.2595e-05,False
Simply Blue,Behr,Mass-Market,True,2,11,0.0001275,False
Monet,Behr,Mass-Market,False,1,5,1.17e-06,False
Vintage Velvet,Behr,Mass-Market,False,2,14,1.0495e-05,False
Black Sapphire,Behr,Mass-Market,True,2,14,0.000145375,False
Poppy Seed,Behr,Mass-Market,False,2,10,1.3644999999999999e-05,False
Aurora Splendor,Behr,Mass-Market,False,2,15,3.2450000000000003e-06,False
Vigorous Violet,Behr,Mass-Market,True,2,15,4.9e-06,False
Purple Paradise,Behr,Mass-Market,True,2,15,1.77e-05,False
Purple Agate,Behr,Mass-Market,True,2,12,1.0773e-05,False
Lily Of The Nile,Behr,Mass-Market,False,4,16,0.01970332,False
Lilac Mist,Behr,Mass-Market,True,2,10,2.9850000000000002e-06,False
Mystic Fairy,Behr,Mass-Market,False,2,12,7.99e-06,False
Hint Of Violet,Behr,Mass-Market,True,3,14,0.008372873333333334,False
Aster,Behr,Mass-Market,False,1,5,6.46e-07,False
French Lilac,Behr,Mass-Market,True,2,12,6.214500000000001e-05,True
Grape Creme,Behr,Mass-Market,False,2,11,3.165e-06,False
Charm,Behr,Mass-Market,False,1,5,1.32e-05,False
Duchess Lilac,Behr,Mass-Market,True,2,13,3.52e-06,False
Plum Smoke,Behr,Mass-Market,True,2,10,2.5175e-05,False
Gray Heather,Behr,Mass-Market,True,2,12,1.7805e-05,False
Metro,Behr,Mass-Market,False,1,5,1.51e-05,False
Blue Aura,Behr,Mass-Market,True,2,9,6.9155e-05,False
Hyacinth Arbor,Behr,Mass-Market,False,2,14,1.8135e-06,False
Mardi Gras,Behr,Mass-Market,False,2,10,1.7599999999999999e-06,False
Renaissance,Behr,Mass-Market,False,1,11,7.41e-06,False
Mata Hari,Behr,Mass-Market,False,2,9,2.23e-06,False
Oriental Eggplant,Behr,Mass-Market,False,2,17,3.195e-06,False
Vixen,Behr,Mass-Market,False,1,5,8.71e-07,False
Darkest Grape,Behr,Mass-Market,False,2,13,4.405e-06,False
Preservation Plum,Behr,Mass-Market,True,2,17,6.875e-06,False
Crushed Peony,Behr,Mass-Market,False,2,13,5.535999999999999e-06,False
Vienna Lace,Behr,Mass-Market,False,2,11,8.08e-06,True
Peony Blush,Behr,Mass-Market,False,2,11,2.001e-06,False
Embroidery,Behr,Mass-Market,False,1,10,1.74e-06,False
Mauvette,Behr,Mass-Market,False,1,8,0.0,False
Vintage Mauve,Behr,Mass-Market,True,2,13,7.8065e-06,False
Smoked Mauve,Behr,Mass-Market,True,2,12,4.4165e-06,False
Heather Plume,Behr,Mass-Market,False,2,13,4.48e-06,False
Dream Sunset,Behr,Mass-Market,False,2,12,4.615e-05,False
Cameo Rose,Behr,Mass-Market,True,2,10,3.4559999999999994e-05,False
Polished Stone,Behr,Mass-Market,False,2,14,3.4425e-05,False
Plum Shadow,Behr,Mass-Market,True,2,11,1.5525e-05,False
Echo,Behr,Mass-Market,False,1,4,1.1e-05,False
Arabian Veil,Behr,Mass-Market,False,2,12,3.98e-06,False
Eclectic Purple,Behr,Mass-Market,True,2,15,1.162e-05,False
Cracked Pepper,Behr,Mass-Market,False,2,14,1.1785e-05,False
Pencil Point,Behr,Mass-Market,False,2,12,0.00017795499999999999,False
Antique Tin,Behr,Mass-Market,False,2,11,8.97e-06,False
Dark Pewter,Behr,Mass-Market,False,2,11,5.53015e-05,False
French Silver,Behr,Mass-Market,True,2,13,9.38e-05,True
Ultra Pure WhiteÂ®,Behr,Mass-Market,False,3,18,2.023333333333333e-05,False
Falling Snow,Behr,Mass-Market,False,2,12,4.57e-05,False
Painter's White,Behr,Mass-Market,True,2,15,0.0001621475,False
Burnished Clay,Behr,Mass-Market,False,2,14,9.9315e-06,False
Natural Gray,Behr,Mass-Market,True,2,12,7.86e-05,False
Classic Silver,Behr,Mass-Market,True,2,14,5.855e-05,False
Graceful Gray,Behr,Mass-Market,True,2,13,1.5325e-05,False
Perfect Taupe,Behr,Mass-Market,True,2,13,7.917349999999999e-05,False
Cathedral Gray,Behr,Mass-Market,True,2,14,1.8985000000000002e-05,False
Fashion Gray,Behr,Mass-Market,True,2,12,4.7149999999999994e-05,False
Elephant Skin,Behr,Mass-Market,False,2,13,4.6649999999999996e-05,False
Suede Gray,Behr,Mass-Market,True,2,10,1.499e-05,False
Mined Coal,Behr,Mass-Market,False,2,10,1.6734999999999998e-05,False
Intellectual,Behr,Mass-Market,False,1,12,2e-05,False
Broadway,Behr,Mass-Market,False,1,8,1.2e-05,False
Chipotle Paste,Behr,Mass-Market,False,2,14,4.74e-06,False
Red Pepper,Behr,Mass-Market,True,2,10,0.00011140000000000001,False
Allure,Behr,Mass-Market,False,1,6,1.41e-06,False
Pale Cashmere,Behr,Mass-Market,False,2,13,6.660000000000001e-06,False
Sheer Scarf,Behr,Mass-Market,False,2,11,7.495e-06,False
Wisp Of Mauve,Behr,Mass-Market,True,3,13,0.008366997333333332,False
Coral Stone,Behr,Mass-Market,True,2,11,3.5170000000000004e-05,False
Pink Ginger,Behr,Mass-Market,True,2,11,2.0804999999999998e-05,False
Ginger Rose,Behr,Mass-Market,True,2,11,3.7304999999999996e-05,False
Heirloom,Behr,Mass-Market,False,1,8,9.55e-07,False
Mars Red,Behr,Mass-Market,True,2,8,0.0001138,False
Terra Cotta Urn,Behr,Mass-Market,False,3,15,1.7326666666666667e-06,False
Colonial Brick,Behr,Mass-Market,False,2,14,1.63e-05,False
Tibetan Orange,Behr,Mass-Market,True,2,14,2.247e-05,False
Cajun Red,Behr,Mass-Market,True,2,9,0.0001049885,False
Fire Cracker,Behr,Mass-Market,False,2,12,0.00010141,False
Morocco Red,Behr,Mass-Market,True,2,11,0.00010765500000000001,False
Spice,Behr,Mass-Market,False,1,5,8.71e-06,False
Royal Liqueur,Behr,Mass-Market,False,2,13,3.5723e-05,False
Oxblood,Behr,Mass-Market,False,1,7,6.46e-08,False
Moroccan Sky,Behr,Mass-Market,False,2,12,2.7725e-05,True
Marmalade Glaze,Behr,Mass-Market,False,2,15,1.3429999999999999e-06,False
Flaming Torch,Behr,Mass-Market,False,2,13,4.095e-06,False
Ballet White,Behr,Mass-Market,True,2,12,0.000166455,False
Splendor,Behr,Mass-Market,False,1,8,1.12e-06,False
Venetian Mask,Behr,Mass-Market,False,2,13,1.1200000000000001e-05,False
Pale Coral,Behr,Mass-Market,True,2,10,9.62e-06,False
Sienna Dust,Behr,Mass-Market,True,2,11,1.33165e-05,False
Pumpkin Cream,Behr,Mass-Market,True,2,13,2.4229999999999997e-05,False
Nairobi Dusk,Behr,Mass-Market,False,2,12,3.11e-06,False
Autumn Air,Behr,Mass-Market,False,2,10,0.0001261,False
Egyptian Pyramid,Behr,Mass-Market,False,2,16,1.091e-05,True
Glazed Ginger,Behr,Mass-Market,False,2,13,5.35e-06,False
Tribal Pottery,Behr,Mass-Market,False,2,14,7.855e-06,False
Glazed Pot,Behr,Mass-Market,False,2,10,1.3645e-05,False
Maple Glaze,Behr,Mass-Market,False,2,11,4.575e-06,False
Clay Pot,Behr,Mass-Market,False,2,8,2.23e-05,False
Artisan,Behr,Mass-Market,False,1,7,1.82e-06,False
Moroccan Henna,Behr,Mass-Market,False,2,14,1.821e-06,True
Cinnabark,Behr,Mass-Market,False,1,9,0.0,False
Caramel Swirl,Behr,Mass-Market,False,2,13,2.2349999999999998e-06,False
Coco Rum,Behr,Mass-Market,False,2,8,3.68e-06,False
Butter Rum,Behr,Mass-Market,False,2,10,1.4685e-05,False
Soft Chamois,Behr,Mass-Market,False,2,12,2.40975e-05,False
Basketry,Behr,Mass-Market,False,1,8,1.07e-07,False
Teatime,Behr,Mass-Market,False,1,7,2.24e-07,False
Mushroom Bisque,Behr,Mass-Market,False,2,15,2.276e-06,False
Plateau,Behr,Mass-Market,False,1,7,4.07e-06,False
Cafe Cream,Behr,Mass-Market,True,2,10,2.7e-05,False
Porcelain Skin,Behr,Mass-Market,False,2,14,4.2465e-05,False
Porcelain Peach,Behr,Mass-Market,True,2,15,4.76e-06,False
Natural Almond,Behr,Mass-Market,False,2,14,6.6195e-05,False
Sand Motif,Behr,Mass-Market,False,2,10,1.5005000000000001e-05,False
Renoir Bisque,Behr,Mass-Market,False,2,13,4.095e-07,False
Jasper Cane,Behr,Mass-Market,False,2,11,4.82e-06,False
Kenya,Behr,Mass-Market,False,1,5,1.35e-05,False
Olympic Bronze,Behr,Mass-Market,True,2,14,2.335e-05,False
Spice Bazaar,Behr,Mass-Market,False,2,12,5.525e-06,False
Arts And Crafts,Behr,Mass-Market,False,3,15,0.008585156666666666,False
Ancient Root,Behr,Mass-Market,False,2,12,3.68e-05,False
Espresso Beans,Behr,Mass-Market,False,2,14,8.125e-06,False
Aging Barrel,Behr,Mass-Market,False,2,12,1.29e-05,False
Antique Earth,Behr,Mass-Market,False,2,13,6.112e-05,False
Mocha Latte,Behr,Mass-Market,False,2,11,1.4774999999999998e-06,False
Coconut Shell,Behr,Mass-Market,False,2,13,1.6045e-05,False
Ethiopia,Behr,Mass-Market,False,1,8,5.37e-06,False
Studio Taupe,Behr,Mass-Market,True,2,12,2.30235e-05,False
Sculptor Clay,Behr,Mass-Market,False,2,13,1.0845e-05,False
Bleached Linen,Behr,Mass-Market,False,2,14,2.57e-06,False
Heavy Cream,Behr,Mass-Market,True,2,11,6.644999999999999e-05,False
Delicate Lace,Behr,Mass-Market,False,2,13,8.405e-06,False
Almond Wisp,Behr,Mass-Market,False,2,11,1.9345e-06,False
Creamy Mushroom,Behr,Mass-Market,False,2,15,3.4799999999999997e-06,False
Mesa Taupe,Behr,Mass-Market,True,2,10,1.7534999999999998e-06,False
Postmodern Mauve,Behr,Mass-Market,True,2,16,8.565e-07,False
Earthnut,Behr,Mass-Market,False,1,8,0.0,False
Cardamom Spice,Behr,Mass-Market,False,2,14,4.6115e-06,False
Chocolate Swirl,Behr,Mass-Market,False,2,15,1.6175e-05,False
Dark Truffle,Behr,Mass-Market,False,2,12,5.5575e-05,False
Sweet Molasses,Behr,Mass-Market,False,2,14,4.115e-05,False
Curry Powder,Behr,Mass-Market,False,2,12,1.346e-05,False
Saffron Strands,Behr,Mass-Market,False,2,15,2.065e-06,False
Sunburst,Behr,Mass-Market,False,1,8,3.63e-07,False
Pyramid Gold,Behr,Mass-Market,True,2,12,7.680999999999999e-05,False
Cork,Behr,Mass-Market,False,1,4,5.13e-06,False
Honey Locust,Behr,Mass-Market,False,2,12,1.22e-05,False
Jackfruit,Behr,Mass-Market,False,1,9,1.58e-07,False
Pale Honey,Behr,Mass-Market,False,2,10,1.77e-05,False
Polished Pearl,Behr,Mass-Market,False,2,14,9.775e-06,False
Cream Puff,Behr,Mass-Market,True,2,10,2.2624999999999998e-05,False
Hummus,Behr,Mass-Market,False,1,6,1e-06,False
Calla,Behr,Mass-Market,False,1,5,2.29e-07,False
Hawaiian Pineapple,Behr,Mass-Market,False,2,18,4.295e-06,False
Charismatic,Behr,Mass-Market,False,1,11,3.02e-06,False
Romanesque Gold,Behr,Mass-Market,True,2,15,7.42135e-05,False
Cup Of Tea,Behr,Mass-Market,False,3,10,0.008427566666666667,False
Classic Gold,Behr,Mass-Market,True,2,12,0.00010025,False
Lemongrass,Behr,Mass-Market,False,1,10,2.69e-07,False
Chameleon,Behr,Mass-Market,False,1,9,1.26e-06,False
Eden Prairie,Behr,Mass-Market,False,2,12,5.81e-06,False
Moss Stone,Behr,Mass-Market,False,2,10,3.5430000000000005e-05,False
Tree Swing,Behr,Mass-Market,False,2,10,4.635e-05,False
Macchiato,Behr,Mass-Market,False,1,9,2.19e-07,False
Sofisticata,Behr,Mass-Market,False,1,11,0.0,False
Collectible,Behr,Mass-Market,False,1,11,1.38e-06,False
Pure Earth,Behr,Mass-Market,False,2,10,7.935e-05,False
Chateau,Behr,Mass-Market,False,1,7,2e-06,False
Riviera Beach,Behr,Mass-Market,False,2,13,4.2510000000000005e-05,False
Baja,Behr,Mass-Market,False,1,4,1.26e-06,False
Aged Beige,Behr,Mass-Market,True,2,10,1.6800000000000002e-05,False
Roman Plaster,Behr,Mass-Market,False,2,13,1.7495e-05,True
Cotton Knit,Behr,Mass-Market,False,2,11,1.3485e-05,False
Silky White,Behr,Mass-Market,True,2,11,0.00016291,False
Coastal Beige,Behr,Mass-Market,True,2,13,8.750000000000001e-06,False
Apple Core,Behr,Mass-Market,False,2,10,5.5599999999999996e-05,False
Ivory Lace,Behr,Mass-Market,True,2,10,6.845e-06,False
Vintage Linen,Behr,Mass-Market,False,2,13,9.585e-06,False
Wax Sculpture,Behr,Mass-Market,False,2,13,8.32e-06,False
Sand Pearl,Behr,Mass-Market,False,2,10,2.065e-05,False
Crepe,Behr,Mass-Market,False,1,5,7.41e-07,False
Raffia Ribbon,Behr,Mass-Market,False,2,13,3.29e-06,False
Woven Straw,Behr,Mass-Market,False,2,11,6.7e-06,False
Safari Vest,Behr,Mass-Market,False,2,11,4.82e-06,False
Rolling Pebble,Behr,Mass-Market,False,2,14,1.5844999999999998e-05,False
Native Soil,Behr,Mass-Market,False,2,11,3.765e-05,False
Clove Brown,Behr,Mass-Market,True,2,11,5.1406499999999996e-05,False
Olive,Behr,Mass-Market,True,1,5,1.23e-05,False
Gingko Tree,Behr,Mass-Market,False,2,11,3.543015e-05,False
Dry Pasture,Behr,Mass-Market,False,2,11,2.8645e-05,False
Urban Safari,Behr,Mass-Market,False,2,12,2.4485e-05,False
Eco Green,Behr,Mass-Market,True,2,9,7.0065e-05,False
Exploring Khaki,Behr,Mass-Market,True,2,15,6.3e-06,False
Chamois Tan,Behr,Mass-Market,True,2,11,5.2475e-06,False
Kaffir Lime,Behr,Mass-Market,False,2,11,3.722e-06,False
Tea Bag,Behr,Mass-Market,False,2,7,5.769999999999999e-05,False
Rye Bread,Behr,Mass-Market,False,2,9,1.7455e-05,False
Mojito,Behr,Mass-Market,False,1,6,3.39e-07,False
Refreshing Tea,Behr,Mass-Market,False,2,14,3.023e-05,False
Lemon Balm,Behr,Mass-Market,False,2,10,7.19e-06,False
Silky Bamboo,Behr,Mass-Market,False,2,12,3.1450000000000004e-06,False
Stonewashed,Behr,Mass-Market,False,1,11,3.31e-08,False
Coliseum Marble,Behr,Mass-Market,False,2,15,5.3e-06,False
Fortress Stone,Behr,Mass-Market,False,2,14,3.4495e-05,False
Celery Powder,Behr,Mass-Market,False,2,13,9.944999999999999e-06,False
Stone Walls,Behr,Mass-Market,False,2,11,5.24e-05,False
Dusty Olive,Behr,Mass-Market,True,2,11,8.49e-06,False
Mossy Bank,Behr,Mass-Market,False,2,10,7.27185e-05,False
Pier,Behr,Mass-Market,False,1,4,6.61e-06,False
Manuscript,Behr,Mass-Market,False,1,10,8.32e-06,False
Deserted Island,Behr,Mass-Market,False,2,15,5.3185e-05,False
Ivy Topiary,Behr,Mass-Market,False,2,11,3.4799999999999997e-06,False
Alligator Skin,Behr,Mass-Market,False,2,14,4.1695e-05,False
Lucky Bamboo,Behr,Mass-Market,False,2,12,3.1685e-05,False
Retro Avocado,Behr,Mass-Market,False,2,13,4.095000000000001e-06,False
Fresh Olive,Behr,Mass-Market,True,2,11,3.995e-05,False
Natchez Moss,Behr,Mass-Market,False,2,12,4.0835e-06,False
Riesling Grape,Behr,Mass-Market,False,2,14,2.691e-06,False
Fresh Sprout,Behr,Mass-Market,False,2,12,3.4445e-05,False
Tarragon Tease,Behr,Mass-Market,False,2,14,2.096e-06,False
Seedling,Behr,Mass-Market,False,1,8,5.62e-07,False
Wasabi Powder,Behr,Mass-Market,False,2,13,9.1945e-06,False
Wheat Grass,Behr,Mass-Market,False,2,11,1.7100000000000002e-05,False
Prairie House,Behr,Mass-Market,False,2,13,0.000259005,False
Yellow Wax Pepper,Behr,Mass-Market,True,3,17,2.3706666666666664e-05,False
White Cliffs,Behr,Mass-Market,True,2,12,0.00016428500000000002,False
Summer Jasmine,Behr,Mass-Market,False,2,14,8.703500000000001e-05,False
Pale Celery,Behr,Mass-Market,False,2,11,7.045e-06,False
Pale Cucumber,Behr,Mass-Market,False,2,13,7.2850000000000006e-06,False
Cilantro Cream,Behr,Mass-Market,True,2,14,2.1238e-05,False
Organic Field,Behr,Mass-Market,False,2,13,9.955000000000001e-05,False
Dill Seed,Behr,Mass-Market,False,2,9,1.2345e-05,False
Sanctuary,Behr,Mass-Market,False,1,9,8.51e-06,False
Cricket,Behr,Mass-Market,False,1,7,2.45e-05,False
Oregano Spice,Behr,Mass-Market,False,2,13,4.6705e-06,False
Amazon Jungle,Behr,Mass-Market,False,2,13,2.4350000000000002e-05,True
Eastern Bamboo,Behr,Mass-Market,False,2,14,3.2385e-05,False
Mystical Mist,Behr,Mass-Market,False,2,13,4.115e-06,False
Swirling Water,Behr,Mass-Market,False,2,14,0.00016624,False
Patience,Behr,Mass-Market,False,1,8,1.58e-05,False
Timid White,Behr,Mass-Market,True,2,11,0.00016289,False
Crystal Cut,Behr,Mass-Market,False,2,11,9.955000000000001e-05,False
Bit Of Sugar,Behr,Mass-Market,False,3,12,0.008460633333333334,False
Early Crocus,Behr,Mass-Market,False,2,12,0.00013464399999999998,False
Melodic White,Behr,Mass-Market,True,2,13,0.00016287000000000002,False
Opulent Opal,Behr,Mass-Market,False,2,12,1.1965e-06,False
Sweet Roses,Behr,Mass-Market,False,2,11,4.575e-05,False
Prelude To Pink,Behr,Mass-Market,True,3,15,0.008978366666666666,False
Fading Fog,Behr,Mass-Market,False,2,10,6.005e-06,False
Ambience White,Behr,Mass-Market,True,2,14,0.0001624355,False
Nimbus Cloud,Behr,Mass-Market,False,2,12,1.4608499999999999e-05,False
Jet White,Behr,Mass-Market,True,2,9,0.00017175,False
Salmon Sand,Behr,Mass-Market,True,2,11,1.885e-05,False
Clay Ground,Behr,Mass-Market,False,2,11,8.025e-05,False
Chimayo Red,Behr,Mass-Market,True,2,11,0.0001045079,False
Regal Rose,Behr,Mass-Market,True,2,10,3.4145e-05,False
Reddest Red,Behr,Mass-Market,True,2,11,0.00010453795,False
Country Lane Red,Behr,Mass-Market,True,3,16,0.00018273333333333332,False
Oxford,Behr,Mass-Market,False,1,6,2.4e-05,False
Pavillion,Behr,Mass-Market,False,1,9,1.66e-07,False
Stone Wash,Behr,Mass-Market,False,2,10,4.595e-05,False
Autumn Haze,Behr,Mass-Market,False,2,11,1.0415e-05,False
Dune Drift,Behr,Mass-Market,False,2,10,4.26e-06,False
Smoldering Copper,Behr,Mass-Market,True,2,17,9.581e-06,False
Spiced Red,Behr,Mass-Market,True,2,10,0.000105025,False
Iron Oxide,Behr,Mass-Market,False,2,10,2.9785e-05,False
Earth Chicory,Behr,Mass-Market,False,2,13,5.76225e-05,False
Ivory Stone,Behr,Mass-Market,True,2,11,3.5090000000000005e-05,False
Moonglow,Behr,Mass-Market,False,1,8,4.37e-08,False
September Sun,Behr,Mass-Market,False,2,13,0.00011715,False
Terra Sol,Behr,Mass-Market,False,2,9,3.825e-06,False
Albuquerque,Behr,Mass-Market,False,1,11,3.16e-06,False
Terrazzo Brown,Behr,Mass-Market,True,2,14,5.1084999999999996e-05,False
Chalet,Behr,Mass-Market,False,1,6,1.15e-06,False
Manchester Brown,Behr,Mass-Market,True,2,16,6.795e-05,False
Salt Crystal,Behr,Mass-Market,False,2,12,3.245e-05,False
Fireflies,Behr,Mass-Market,False,1,9,7.24e-07,False
Estate Limestone,Behr,Mass-Market,False,2,16,3.586e-05,False
Ranch Tan,Behr,Mass-Market,True,2,9,1.045e-05,False
Light Oak,Behr,Mass-Market,False,2,9,0.00011454999999999999,False
Keystone,Behr,Mass-Market,False,1,8,2.82e-06,False
Barcelona Brown,Behr,Mass-Market,True,2,15,5.9499999999999996e-05,False
Treemoss,Behr,Mass-Market,False,1,8,0.0,False
Natural Spring,Behr,Mass-Market,False,2,14,0.0001061,False
Court Green,Behr,Mass-Market,True,2,11,0.000196,False
Stone Walkway,Behr,Mass-Market,False,2,13,3.2275e-05,False
Golden Sage,Behr,Mass-Market,True,2,11,2.6779999999999998e-05,False
Knotweed,Behr,Mass-Market,False,1,8,1.15e-07,False
Rooftop Garden,Behr,Mass-Market,False,2,14,3.1225e-05,False
Willow Leaf,Behr,Mass-Market,False,2,11,1.075e-05,False
Alpine,Behr,Mass-Market,False,1,6,4.17e-06,True
Frostproof,Behr,Mass-Market,False,1,10,2.4e-08,False
Antiqued Aqua,Behr,Mass-Market,False,2,13,1.3758500000000001e-06,False
Water Surface,Behr,Mass-Market,False,2,13,0.00019930000000000002,False
Eucalyptus,Behr,Mass-Market,False,1,10,1.02e-06,False
Thistle,Behr,Mass-Market,False,1,7,1.74e-06,False
Ivy Wreath,Behr,Mass-Market,False,2,10,4.525e-06,False
Petro Blue,Behr,Mass-Market,True,2,10,6.79355e-05,False
New Forest,Behr,Mass-Market,False,2,10,0.0009150499999999999,False
Mexican Silver,Behr,Mass-Market,True,2,14,4.515e-05,False
Gull Gray,Behr,Mass-Market,True,2,9,1.46e-05,False
Atmosphere,Behr,Mass-Market,False,1,10,2.88e-05,False
Portsmouth Bay,Behr,Mass-Market,False,2,14,2.884e-05,False
Raindance,Behr,Mass-Market,False,1,9,7.24e-08,False
Shaker Blue,Behr,Mass-Market,True,2,11,6.835e-05,False
Harbour (marquee),Behr,Mass-Market,False,2,17,5.5299999999999996e-06,False
Club Navy,Behr,Mass-Market,True,2,9,9.76e-05,False
Warm Ash,Behr,Mass-Market,False,2,8,3.29e-05,False
Moon Rock,Behr,Mass-Market,False,2,9,7.855e-05,False
Water Tower,Behr,Mass-Market,False,2,11,0.00018130000000000002,False
Heather Moor,Behr,Mass-Market,False,2,12,4.825e-06,False
Rich Pewter,Behr,Mass-Market,False,2,11,4.0951499999999996e-05,False
Maximum Gray,Behr,Mass-Market,True,2,12,3.4e-05,False
Napa Wine,Behr,Mass-Market,False,2,9,2.8545000000000002e-05,True
Madison Avenue,Behr,Mass-Market,False,2,14,2.085e-05,False
Pink Prism,Behr,Mass-Market,True,2,10,1.7925e-05,False
New House White,Behr,Mass-Market,True,3,15,0.0008723333333333334,False
Heavenly Aromas,Behr,Mass-Market,False,2,15,3.0885e-06,False
Soft Sunrise,Behr,Mass-Market,False,2,12,2.7255e-05,False
Almond Kiss,Behr,Mass-Market,False,2,11,2.0695e-05,False
Aria Ivory,Behr,Mass-Market,True,2,10,4.765e-06,False
Cotton Sheets,Behr,Mass-Market,False,2,13,1.845e-05,False
Candy Floss,Behr,Mass-Market,False,2,11,1.0505e-05,False
My Sweetheart,Behr,Mass-Market,False,2,13,0.00186275,False
Illuminated,Behr,Mass-Market,False,1,11,3.16e-06,False
Moonlit Beach,Behr,Mass-Market,False,2,13,4.18135e-05,False
Soothing Pink,Behr,Mass-Market,True,2,13,1.7959999999999997e-05,False
Cave Pearl,Behr,Mass-Market,False,2,10,1.48e-05,False
Pink Mirage,Behr,Mass-Market,True,2,11,1.7525e-05,False
Shea,Behr,Mass-Market,False,1,4,2.4e-06,False
Tutti Frutti,Behr,Mass-Market,False,2,12,2.86e-07,False
Orchid Rose,Behr,Mass-Market,True,2,11,3.4049999999999994e-05,False
Strawberry Daiquiri,Behr,Mass-Market,False,2,19,2.7224999999999998e-06,False
Luscious,Behr,Mass-Market,False,1,8,9.77e-07,False
Cherry Cobbler,Behr,Mass-Market,False,2,14,7.8805e-06,False
Ruby Ring,Behr,Mass-Market,False,2,9,3.7075e-05,False
California Poppy,Behr,Mass-Market,False,2,16,5.1945000000000005e-05,False
Licorice Stick,Behr,Mass-Market,False,2,14,2.9104e-05,False
Grenadine,Behr,Mass-Market,False,1,9,1.2e-07,False
Red Hot,Behr,Mass-Market,True,2,7,0.00017700000000000002,False
Glowing Firelight,Behr,Mass-Market,False,2,17,2.8840000000000003e-06,False
Volcanic Blast,Behr,Mass-Market,False,2,14,1.3015e-05,False
Sweet Mandarin,Behr,Mass-Market,False,2,14,4.2304999999999996e-05,False
Startling Orange,Behr,Mass-Market,True,2,16,2.2105e-05,False
Dragon Fire,Behr,Mass-Market,False,2,11,0.00011285,False
Solar Flare,Behr,Mass-Market,False,2,11,1.9135e-05,False
Citrus Blast,Behr,Mass-Market,False,2,12,1.235e-05,False
Summer Citrus,Behr,Mass-Market,False,2,13,8.690000000000001e-05,False
Mango Madness,Behr,Mass-Market,False,2,13,6.480000000000001e-06,False
Orange Peel,Behr,Mass-Market,True,2,11,2.4004999999999998e-05,False
Hawaiian Passion,Behr,Mass-Market,False,2,16,1.6145000000000002e-05,False
Peach Butter,Behr,Mass-Market,True,2,12,1.5495e-05,False
Atomic Tangerine,Behr,Mass-Market,False,2,16,5.2105e-06,False
Instant Delight,Behr,Mass-Market,False,2,15,1.5615e-05,False
Sun Ray,Behr,Mass-Market,False,2,7,7.115e-05,False
Desert Glow,Behr,Mass-Market,False,2,11,1.6615e-05,False
Bright Star,Behr,Mass-Market,False,2,11,9.784999999999999e-05,False
Citrus Splash,Behr,Mass-Market,False,2,13,5.4400000000000004e-06,False
Sunny Summer,Behr,Mass-Market,False,2,12,9.085000000000001e-05,False
Lemon Zest,Behr,Mass-Market,False,2,10,7.075e-06,False
Lime Pop,Behr,Mass-Market,False,2,8,4.067e-05,False
Green Crush,Behr,Mass-Market,True,2,11,7.49e-05,False
Limeade,Behr,Mass-Market,False,1,7,4.68e-08,False
Sparkling Apple,Behr,Mass-Market,False,2,15,3.0565e-05,False
Green Acres,Behr,Mass-Market,True,2,11,7.49e-05,False
Herbal Tea,Behr,Mass-Market,False,2,10,2.7995e-05,False
Mint Sprig,Behr,Mass-Market,True,2,10,4.2945e-06,False
Festive Green,Behr,Mass-Market,True,2,13,6.94e-05,False
Aqua Waters,Behr,Mass-Market,False,2,11,1.5445000000000002e-05,False
Intense Teal,Behr,Mass-Market,True,2,12,1.314e-05,False
Tropical Waters,Behr,Mass-Market,False,2,15,2.165e-05,False
Beach Towel,Behr,Mass-Market,False,2,11,4.5955e-05,False
Blue Luxury,Behr,Mass-Market,True,2,11,7.87e-05,False
Glacier Lake,Behr,Mass-Market,False,2,12,3.57e-05,False
Song Bird,Behr,Mass-Market,False,2,9,0.00011235000000000001,False
Artesian Water,Behr,Mass-Market,False,2,14,0.00016562250000000002,False
Jazz Blue,Behr,Mass-Market,True,2,9,7.77e-05,False
Sapphire Lace,Behr,Mass-Market,False,2,13,4.68e-06,False
Running Water,Behr,Mass-Market,False,2,13,0.0002505,False
Southern Blue,Behr,Mass-Market,True,2,13,0.0001021,False
Deep Azure,Behr,Mass-Market,False,2,10,5.712e-05,False
Gem,Behr,Mass-Market,False,1,3,7.41e-06,False
Wizard,Behr,Mass-Market,False,1,6,8.51e-06,False
Majestic Purple,Behr,Mass-Market,True,2,15,1.2309999999999999e-05,False
Purple Balloon,Behr,Mass-Market,True,2,14,1.4420000000000001e-05,False
Berry Syrup,Behr,Mass-Market,False,2,11,7.540000000000001e-06,False
Wild Grapes,Behr,Mass-Market,False,2,11,3.4235e-05,False
Deep Violet,Behr,Mass-Market,True,2,11,5.9459999999999997e-05,False
Raspberry Mousse,Behr,Mass-Market,False,2,16,2.036e-06,False
Delicious Berry,Behr,Mass-Market,False,2,15,1.5615e-05,False
Wild Raisin,Behr,Mass-Market,False,2,11,3.206e-05,False
Hawaiian Cinder,Behr,Mass-Market,False,2,15,2.851e-06,False
Fireside,Behr,Mass-Market,False,1,8,5.37e-07,False
Tawny Port,Behr,Mass-Market,False,2,10,2.7144499999999997e-05,False
Brown Eyes,Behr,Mass-Market,True,2,10,0.000132,False
Chocolate Sprinkle,Behr,Mass-Market,False,2,18,1.6675e-05,False
Chocolate Coco,Behr,Mass-Market,False,2,14,1.6995e-05,False
Wild Horse,Behr,Mass-Market,False,2,10,6.03e-05,False
Spiceberry,Behr,Mass-Market,False,1,10,0.0,False
Bear Rug,Behr,Mass-Market,False,2,8,2.8275e-05,False
Exotic Flowers,Behr,Mass-Market,False,2,14,2.5915e-05,False
Wine Tasting,Behr,Mass-Market,False,2,12,2.9735000000000002e-05,False
Antique Ruby,Behr,Mass-Market,False,2,12,8.395e-06,False
Red Red Wine,Behr,Mass-Market,True,3,12,0.00015766666666666666,False
Cinnamon Cherry,Behr,Mass-Market,False,2,15,1.0055e-05,False
Chianti,Behr,Mass-Market,False,1,7,3.16e-07,False
Sly Fox,Behr,Mass-Market,False,2,7,2.4105e-05,False
Red Brick,Behr,Mass-Market,True,2,9,0.0001134,False
Awning Red,Behr,Mass-Market,True,2,10,0.0001047505,False
Antique Red,Behr,Mass-Market,True,2,11,0.00010812,False
New Brick,Behr,Mass-Market,False,2,9,0.0008989,False
New Penny,Behr,Mass-Market,False,2,9,0.0008958499999999999,False
Summer Heat,Behr,Mass-Market,False,2,11,0.0001212,False
Ground Nutmeg,Behr,Mass-Market,False,2,13,7.105e-05,False
Falling Leaves,Behr,Mass-Market,False,2,14,5.37e-05,False
Pumpkin Patch,Behr,Mass-Market,False,2,13,1.128e-05,False
Tiger Stripe,Behr,Mass-Market,False,2,12,1.162e-05,False
October,Behr,Mass-Market,False,1,7,0.000129,False
Acorn Spice,Behr,Mass-Market,False,2,11,4.955e-06,False
Exotic Honey,Behr,Mass-Market,False,2,12,1.5765e-05,False
Opulent,Behr,Mass-Market,False,1,7,8.13e-07,False
Autumn Fest,Behr,Mass-Market,False,2,11,1.1665e-05,False
Enchanting Ginger,Behr,Mass-Market,False,2,17,4.96e-06,False
Honeysuckle Blast,Behr,Mass-Market,False,2,17,1.0684e-05,False
Treasures,Behr,Mass-Market,False,1,9,5.01e-06,False
Burmese Gold,Behr,Mass-Market,True,2,12,7.493e-05,False
Leisure,Behr,Mass-Market,False,1,7,8.32e-06,False
Garden Sprout,Behr,Mass-Market,False,2,13,3.0095000000000002e-05,False
Burnished Bronze,Behr,Mass-Market,True,2,16,8.0815e-06,False
Italian Olive,Behr,Mass-Market,True,2,13,2.9e-05,True
Rolling Hills,Behr,Mass-Market,False,2,13,2.9149999999999997e-05,False
Appletini,Behr,Mass-Market,False,1,9,2.57e-08,False
Shamrock,Behr,Mass-Market,False,1,8,7.41e-07,False
Mossy Green,Behr,Mass-Market,True,2,11,6.77185e-05,False
Pine Scent,Behr,Mass-Market,False,2,10,9.605e-06,False
Parsley Sprig,Behr,Mass-Market,False,2,13,1.0645e-06,False
Chopped Chive,Behr,Mass-Market,False,2,13,3.096e-06,False
Precious Emerald,Behr,Mass-Market,True,2,16,1.2689999999999999e-05,False
Forest Rain,Behr,Mass-Market,False,2,11,5.07e-05,False
Billiard Table,Behr,Mass-Market,False,2,14,5.6362e-05,False
Realm,Behr,Mass-Market,False,1,5,1.15e-05,False
Moonlit Pool,Behr,Mass-Market,False,2,12,2.36135e-05,False
Peacock Tail,Behr,Mass-Market,False,2,12,1.2325e-05,False
Tropical Skies,Behr,Mass-Market,False,2,14,1.1615e-05,False
Quiet Storm,Behr,Mass-Market,False,2,11,4.52e-05,False
Sapphire Sparkle,Behr,Mass-Market,False,2,16,2.575e-06,False
Royal Breeze,Behr,Mass-Market,False,2,12,3.902e-05,False
Blueberry Twist,Behr,Mass-Market,False,2,15,9.3e-06,False
Navy Blue,Behr,Mass-Market,True,2,9,8.61e-05,False
Sailboat,Behr,Mass-Market,False,1,8,8.91e-07,False
Sailor,Behr,Mass-Market,False,1,6,6.03e-06,False
Mountain Blueberry,Behr,Mass-Market,False,2,18,2.785e-05,False
Midnight Sky,Behr,Mass-Market,False,2,12,3.6450000000000005e-05,False
Lunar Eclipse,Behr,Mass-Market,False,2,13,6.175e-06,False
Purple Blanket,Behr,Mass-Market,True,2,14,1.63e-05,False
Berry Charm,Behr,Mass-Market,False,2,11,1.1265000000000001e-05,False
Blackberry Harvest,Behr,Mass-Market,False,2,18,7.584999999999999e-06,False
Plum,Behr,Mass-Market,True,1,4,3.55e-06,False
Purple Bloom,Behr,Mass-Market,True,2,12,1.4704999999999999e-05,False
Interlude,Behr,Mass-Market,False,1,9,1.23e-06,False
Burley Wood,Behr,Mass-Market,False,2,11,3.0504e-05,False
Dried Leaf,Behr,Mass-Market,False,2,10,1.38e-05,False
Volcanic Island,Behr,Mass-Market,False,2,15,5.3565e-05,False
Eagle Rock,Behr,Mass-Market,False,2,10,6.025e-05,False
Fedora,Behr,Mass-Market,False,1,6,1.15e-06,False
Mountain Trail,Behr,Mass-Market,False,2,14,4.095e-05,False
Olive Leaf,Behr,Mass-Market,True,2,10,1.445e-05,False
Bridgewood,Behr,Mass-Market,False,1,10,0.0,False
Thorny Branch,Behr,Mass-Market,False,2,13,1.9425500000000002e-05,False
Black Suede,Behr,Mass-Market,True,2,11,0.00014489,False
Spring Bouquet,Behr,Mass-Market,False,2,14,4.2885e-05,False
Romantic Poetry,Behr,Mass-Market,False,2,15,2.6000000000000002e-05,False
Courtly Purple,Behr,Mass-Market,True,2,14,1.06445e-05,False
Ancestry Violet,Behr,Mass-Market,True,2,15,5.04e-06,False
Purple Potion,Behr,Mass-Market,True,2,13,1.1495e-05,False
Blackberry Jam,Behr,Mass-Market,False,2,14,9.635e-06,False
Medieval Wine,Behr,Mass-Market,False,2,13,3.31e-05,False
Secret Scent,Behr,Mass-Market,False,2,12,4.4905000000000005e-05,False
Orchid Haze,Behr,Mass-Market,False,2,11,2.315e-06,False
Queens Violet,Behr,Mass-Market,True,2,13,9.21e-06,False
Highland Thistle,Behr,Mass-Market,False,2,16,3.3750000000000003e-06,False
Garden Plum,Behr,Mass-Market,True,2,11,3.1225e-05,False
Plum Royale,Behr,Mass-Market,True,2,11,2.975e-06,False
Exotic Eggplant,Behr,Mass-Market,False,2,15,4.575e-06,False
Wine Pairing,Behr,Mass-Market,False,2,12,2.949e-05,False
Etiquette,Behr,Mass-Market,False,1,9,2.51e-06,False
Candlelight Dinner,Behr,Mass-Market,False,2,18,3.066e-05,False
Decanting,Behr,Mass-Market,False,1,9,8.13e-08,False
Reserve,Behr,Mass-Market,False,1,7,3.98e-05,False
Full Glass,Behr,Mass-Market,False,2,10,0.00020889999999999998,False
Fine Wine,Behr,Mass-Market,False,2,9,0.00011250000000000001,False
Beloved Pink,Behr,Mass-Market,True,2,12,2.395e-05,False
Shy Smile,Behr,Mass-Market,False,2,9,2.91e-05,False
Ballet Rose,Behr,Mass-Market,True,2,11,3.7504999999999994e-05,False
Cherry Juice,Behr,Mass-Market,False,2,12,1.9e-05,False
Heirloom Rose,Behr,Mass-Market,True,2,13,3.3527499999999994e-05,False
Spiced Potpourri,Behr,Mass-Market,False,2,16,6.474999999999999e-07,False
Cherry Cola,Behr,Mass-Market,False,2,11,1.03e-05,False
Radiant Rose,Behr,Mass-Market,True,2,12,3.4594999999999997e-05,False
Cranapple Cream,Behr,Mass-Market,True,2,15,2.085e-05,False
Berry Crush,Behr,Mass-Market,False,2,11,1.2065e-05,False
Minstrel Rose,Behr,Mass-Market,True,2,13,3.3358499999999996e-05,False
Red Gerbera,Behr,Mass-Market,True,2,11,0.00010452875000000001,False
Moroccan Ruby,Behr,Mass-Market,False,2,13,6.25e-06,True
Deco Red,Behr,Mass-Market,True,2,8,0.000105785,False
Cherubic,Behr,Mass-Market,False,1,8,6.17e-08,False
Tea Room,Behr,Mass-Market,False,2,8,0.00014935,False
Rose Pottery,Behr,Mass-Market,True,2,12,3.5554999999999994e-05,False
Red Clover,Behr,Mass-Market,True,2,10,0.00010564500000000001,False
Vermilion,Behr,Mass-Market,False,1,9,5.62e-07,False
Spiced Berry,Behr,Mass-Market,False,2,12,5.19e-06,False
Fire Roasted,Behr,Mass-Market,False,2,12,0.00010268500000000001,False
Iced Cherry,Behr,Mass-Market,False,2,11,8.99e-06,False
Pink Quartz,Behr,Mass-Market,True,2,11,1.9055e-05,False
Bubble Shell,Behr,Mass-Market,False,2,12,1.95e-05,False
Portuguese Dawn,Behr,Mass-Market,False,2,15,1.465e-05,False
Hot Chili,Behr,Mass-Market,False,2,9,7.5185e-05,False
Red Potato,Behr,Mass-Market,True,2,10,0.00011095,False
Red Chipotle,Behr,Mass-Market,True,2,12,0.00010517500000000001,False
Ole Pink,Behr,Mass-Market,True,2,8,1.9234999999999998e-05,False
Rosewater,Behr,Mass-Market,False,1,9,2.4e-07,False
Castilian Pink,Behr,Mass-Market,True,2,14,1.66815e-05,False
Retro Pink,Behr,Mass-Market,True,2,10,1.9234999999999998e-05,False
Smoke Bush Rose,Behr,Mass-Market,True,3,15,4.793333333333333e-05,False
Red Curry,Behr,Mass-Market,True,2,9,0.00010906,False
Dark Cherry Mocha,Behr,Mass-Market,False,3,17,4.201833333333333e-05,False
Angelico,Behr,Mass-Market,False,1,8,1.35e-07,False
Sunwashed Brick,Behr,Mass-Market,False,2,15,8.9e-06,False
Flowerpot,Behr,Mass-Market,False,1,9,9.55e-08,False
Shiny Kettle,Behr,Mass-Market,False,2,12,5.5299999999999996e-06,False
Auburn Glaze,Behr,Mass-Market,False,2,12,3.5799999999999996e-06,False
Perfect Penny,Behr,Mass-Market,False,2,13,8.485e-05,False
True Copper,Behr,Mass-Market,True,2,11,0.0001348,False
Seaside Villa,Behr,Mass-Market,False,2,13,9.800000000000001e-06,False
Sand Dance,Behr,Mass-Market,False,2,10,5.63e-05,False
Sedona Pink,Behr,Mass-Market,True,2,11,1.67445e-05,False
Spiced Brandy,Behr,Mass-Market,False,2,13,2.145e-06,False
Cocoa Nutmeg,Behr,Mass-Market,False,2,12,2.735e-06,False
Rio Rust,Behr,Mass-Market,True,2,8,1.395e-05,False
Toasted Pecan,Behr,Mass-Market,False,2,13,1.3355e-06,False
Conch Shell,Behr,Mass-Market,False,2,11,1.25585e-05,False
Cinnamon Tea,Behr,Mass-Market,False,2,12,2.9355e-05,False
Iced Copper,Behr,Mass-Market,True,2,11,1.074e-05,False
Chestnut Bisque,Behr,Mass-Market,False,2,15,1.581e-06,False
Minestrone,Behr,Mass-Market,False,1,10,7.76e-08,False
Timeless Copper,Behr,Mass-Market,True,2,15,1.0995e-05,False
Earth Fired Red,Behr,Mass-Market,True,3,15,0.00012223333333333334,False
Nutmeg Frost,Behr,Mass-Market,False,2,12,5.0049999999999995e-06,False
Tapestry Beige,Behr,Mass-Market,True,2,14,1.8699999999999999e-06,False
Sweet Tea,Behr,Mass-Market,False,2,9,6.75e-05,False
Canyon Dusk,Behr,Mass-Market,False,2,11,5.935e-06,False
Cider Spice,Behr,Mass-Market,False,2,11,5.935e-06,False
Cinnamon Crunch,Behr,Mass-Market,False,2,15,4.79e-06,False
October Leaves,Behr,Mass-Market,False,2,14,9.534999999999999e-05,False
Autumn Blush,Behr,Mass-Market,False,2,12,1.0915e-05,False
Artisan Tea,Behr,Mass-Market,False,2,11,2.776e-05,False
Sanderling,Behr,Mass-Market,False,1,10,3.98e-08,False
Potters Clay,Behr,Mass-Market,False,2,12,1.0104e-05,False
Nutshell,Behr,Mass-Market,False,1,8,2.69e-06,False
Baked Sienna,Behr,Mass-Market,True,2,12,4.6265e-06,False
Molasses,Behr,Mass-Market,False,1,8,1e-06,False
Buff Tone,Behr,Mass-Market,False,2,9,1.7395e-05,False
Mesquite Powder,Behr,Mass-Market,False,2,15,9.168499999999999e-06,False
Beech Nut,Behr,Mass-Market,False,2,9,6.429999999999999e-06,False
Granola,Behr,Mass-Market,False,1,7,9.55e-07,False
Sugar Maple,Behr,Mass-Market,False,2,11,2.757e-05,False
Burnt Toffee,Behr,Mass-Market,False,2,12,5.738e-06,False
Toasted Bagel,Behr,Mass-Market,False,2,13,1.665e-06,False
Creme Fraiche,Behr,Mass-Market,False,2,13,7.325e-07,False
Rice Crackers,Behr,Mass-Market,False,2,13,1.916e-05,False
Ash Blonde,Behr,Mass-Market,False,2,10,1.275e-05,False
Pacific Bluffs,Behr,Mass-Market,False,2,14,1.9949999999999997e-05,True
Poncho,Behr,Mass-Market,False,1,6,6.17e-07,False
Ranch Brown,Behr,Mass-Market,True,2,11,5.635e-05,False
Leather Work,Behr,Mass-Market,False,2,12,0.0004672,False
Macaroon Cream,Behr,Mass-Market,True,2,14,2.0906e-05,False
Almond Biscuit,Behr,Mass-Market,False,2,14,3.105e-06,False
Honey Nougat,Behr,Mass-Market,False,2,12,1.1886e-05,False
Fresh Croissant,Behr,Mass-Market,False,2,15,3.41015e-05,False
Roasted Cashew,Behr,Mass-Market,False,2,14,2.966e-06,False
Desert Clay,Behr,Mass-Market,False,2,11,2.23e-05,False
Moroccan Spice,Behr,Mass-Market,False,2,14,5.83e-06,True
Plantation Tan,Behr,Mass-Market,True,2,14,7.725e-06,False
Pumpkin Seed,Behr,Mass-Market,False,2,12,1.508e-05,False
Dusty Gold,Behr,Mass-Market,True,2,10,7.633999999999999e-05,False
Pelican Tan,Behr,Mass-Market,True,2,11,5.685000000000001e-06,False
Almond Roca,Behr,Mass-Market,False,2,11,1.8570000000000002e-06,False
Circus Peanut,Behr,Mass-Market,False,2,13,8.745e-06,False
Nugget Gold,Behr,Mass-Market,True,2,11,7.4725e-05,False
Frosted Toffee,Behr,Mass-Market,False,2,14,9.229999999999999e-07,False
Chai,Behr,Mass-Market,False,1,4,1.95e-06,False
Tostada,Behr,Mass-Market,False,1,7,5.89e-08,False
Praline,Behr,Mass-Market,False,1,7,1.38e-07,False
Gingersnap,Behr,Mass-Market,False,1,10,2.34e-08,False
Almond Brittle,Behr,Mass-Market,False,2,14,2.65e-06,False
Antique Penny,Behr,Mass-Market,False,2,13,9.469999999999999e-06,False
Buckwheat Flour,Behr,Mass-Market,False,2,15,5.3085e-06,False
Beach Grass,Behr,Mass-Market,False,2,11,5.36e-05,False
Practical Tan,Behr,Mass-Market,True,2,13,2.02e-05,False
Real Cork,Behr,Mass-Market,False,2,9,0.000201565,False
Windswept Leaves,Behr,Mass-Market,False,2,16,3.09875e-05,False
Hazel,Behr,Mass-Market,False,1,5,3.47e-06,False
Roasted Squash,Behr,Mass-Market,False,2,14,4.82e-06,False
Vanilla Paste,Behr,Mass-Market,False,2,13,7.525e-06,False
White Bean Hummus,Behr,Mass-Market,True,3,17,0.00011151666666666668,False
Slender Reed,Behr,Mass-Market,False,2,12,7.794999999999999e-06,False
Summerwood,Behr,Mass-Market,False,1,10,0.0,False
Amber Autumn,Behr,Mass-Market,True,2,12,1.3765e-05,False
Golden Rice,Behr,Mass-Market,True,2,11,4.115e-05,False
Wave Of Grain,Behr,Mass-Market,False,3,13,0.0083856,False
French Creme,Behr,Mass-Market,False,2,12,6.216e-05,True
Powdered Gold,Behr,Mass-Market,True,2,13,7.502e-05,False
Almond Cookie,Behr,Mass-Market,False,2,13,7.545e-06,False
Flax Straw,Behr,Mass-Market,False,2,10,5.4449999999999995e-06,False
Spiced Mustard,Behr,Mass-Market,True,2,14,2.975e-06,False
Harvest Time,Behr,Mass-Market,False,2,12,0.00098035,False
Rococo Gold,Behr,Mass-Market,True,2,11,7.41945e-05,False
Writing Paper,Behr,Mass-Market,False,2,13,0.000117,False
Journal White,Behr,Mass-Market,True,2,13,0.00019145000000000002,False
Natural Twine,Behr,Mass-Market,False,2,13,6.49255e-05,False
Perennial Gold,Behr,Mass-Market,True,2,14,7.562e-05,False
Brazilian Citrine,Behr,Mass-Market,False,2,17,8.6045e-06,False
Gold Ink,Behr,Mass-Market,True,2,8,7.984999999999999e-05,False
Siam Gold,Behr,Mass-Market,True,2,9,7.461499999999999e-05,False
Farm House,Behr,Mass-Market,False,2,10,0.0002846,False
Pale Parsnip,Behr,Mass-Market,False,2,12,6.1285e-06,False
Final Straw,Behr,Mass-Market,False,2,11,0.00010038500000000001,False
Oat Field,Behr,Mass-Market,False,2,9,8.7397e-05,False
Ginger Tea,Behr,Mass-Market,False,2,10,3.1105e-05,False
Garden Salt Green,Behr,Mass-Market,True,3,17,7.79e-05,False
African Plain,Behr,Mass-Market,False,2,13,4.65e-05,False
Baby Artichoke,Behr,Mass-Market,False,2,14,9.12685e-05,False
Caraway Seeds,Behr,Mass-Market,False,2,13,9.6845e-06,False
Seasoned Salt,Behr,Mass-Market,False,2,13,2.152e-05,False
Fennell Seed,Behr,Mass-Market,False,2,12,1.18145e-05,False
Dried Chive,Behr,Mass-Market,False,2,11,5.581e-06,False
Dash Of Oregano,Behr,Mass-Market,False,3,15,0.008370210333333334,False
Olive Shade,Behr,Mass-Market,True,2,11,1.34e-05,False
Lychee,Behr,Mass-Market,False,1,6,1.78e-07,False
Green Power,Behr,Mass-Market,True,2,11,0.00023300000000000003,False
Hybrid,Behr,Mass-Market,False,1,6,1.29e-05,False
Back To Nature,Behr,Mass-Market,False,3,14,0.009365166666666666,False
Farm Fresh,Behr,Mass-Market,False,2,10,6.19e-05,False
Fertile Green,Behr,Mass-Market,True,2,13,6.9585e-05,False
Tree Hugger,Behr,Mass-Market,False,2,11,3.55545e-05,False
Climate Change,Behr,Mass-Market,False,2,14,0.00019915,False
Windmill,Behr,Mass-Market,False,1,8,1.45e-06,False
Washed Olive,Behr,Mass-Market,True,2,12,1.2450000000000001e-05,False
Sustainable,Behr,Mass-Market,False,1,11,1.55e-05,False
Green Scene,Behr,Mass-Market,True,2,11,0.00011415000000000001,False
Truly Olive,Behr,Mass-Market,True,2,11,4.32e-05,False
Cedar Glen,Behr,Mass-Market,False,2,10,6.58e-06,False
Yoga Daze,Behr,Mass-Market,False,2,9,8.288000000000001e-06,False
Breathe,Behr,Mass-Market,False,1,7,1.82e-05,False
Balance Green,Behr,Mass-Market,True,2,13,9.625000000000001e-05,False
Meditation Time,Behr,Mass-Market,False,2,15,0.000979455,False
Yogi,Behr,Mass-Market,False,1,4,1.45e-06,False
Secret Meadow,Behr,Mass-Market,False,2,13,4.359e-05,False
Down-to-earth,Behr,Mass-Market,False,1,13,9.94e-05,False
Positive Energy,Behr,Mass-Market,False,2,15,0.00013385,False
Feng Shui,Behr,Mass-Market,False,2,9,1.765e-06,False
Sage Brush,Behr,Mass-Market,True,2,10,1.188e-05,False
Rejuvenation,Behr,Mass-Market,False,1,12,6.17e-07,False
Pesto Paste,Behr,Mass-Market,False,2,11,4.4445e-06,False
Seaweed Salad,Behr,Mass-Market,False,2,13,7.88e-06,False
Outdoor Oasis,Behr,Mass-Market,False,2,13,1.0315e-05,False
Moss Mist,Behr,Mass-Market,False,2,9,6.22e-06,False
Morning Zen,Behr,Mass-Market,False,2,11,0.000109505,False
Urban Nature,Behr,Mass-Market,False,2,12,7.01e-05,False
Bay Water,Behr,Mass-Market,False,2,9,0.00019235,False
Milkweed Pod,Behr,Mass-Market,False,2,12,2.706e-06,False
Ecological,Behr,Mass-Market,False,1,10,6.03e-06,False
Global Green,Behr,Mass-Market,True,2,12,0.00011205,False
Sounds Of Nature,Behr,Mass-Market,False,3,16,0.0084296,False
Spring Valley,Behr,Mass-Market,False,2,13,6.785e-05,False
Creamy Spinach,Behr,Mass-Market,False,2,14,2.8549999999999998e-06,False
Roof Top Garden,Behr,Mass-Market,False,3,15,0.00015546666666666666,False
Laurel Tree,Behr,Mass-Market,False,2,11,3.7535e-05,False
Cliffside Park,Behr,Mass-Market,False,2,14,7.2574e-05,False
Trailing Vine,Behr,Mass-Market,False,2,13,4.46e-06,False
At Ease,Behr,Mass-Market,False,2,7,0.00251595,False
Comforting Green,Behr,Mass-Market,True,2,16,6.9535e-05,False
Healing Aloe,Behr,Mass-Market,False,2,12,9.075e-06,False
Azalea Leaf,Behr,Mass-Market,False,2,11,8.86e-06,False
Gallery Green,Behr,Mass-Market,True,2,13,8.295e-05,False
Tuscan Herbs,Behr,Mass-Market,False,2,12,2.7600000000000003e-06,False
Deep Viridian,Behr,Mass-Market,False,2,13,5.6055e-05,False
River Mist,Behr,Mass-Market,False,2,10,5.584e-05,False
New Moss,Behr,Mass-Market,False,2,8,0.00089388,False
Ponds Edge,Behr,Mass-Market,False,2,10,2.894e-05,False
Copper Patina,Behr,Mass-Market,True,2,13,9.5395e-06,False
Track Green,Behr,Mass-Market,True,2,11,0.00012,False
Greener Pastures,Behr,Mass-Market,False,2,16,1.74e-06,False
Equestrian Green,Behr,Mass-Market,True,2,16,6.829e-05,False
New Day,Behr,Mass-Market,False,2,7,0.0013354999999999999,False
Moon Glass,Behr,Mass-Market,False,2,10,6.045e-05,False
Nile River,Behr,Mass-Market,False,2,10,5.5685e-05,False
Australian Jade,Behr,Mass-Market,True,2,15,4.5564999999999995e-05,False
Sycamore Grove,Behr,Mass-Market,False,2,14,4.7905e-06,False
Pine Brook,Behr,Mass-Market,False,2,10,9.05e-06,False
Secluded Woods,Behr,Mass-Market,False,2,14,1.497e-05,False
Melting Moment,Behr,Mass-Market,False,2,14,9.0155e-05,False
Fresh Tone,Behr,Mass-Market,False,2,10,4.9250000000000004e-05,False
Garden Twilight,Behr,Mass-Market,False,2,15,3.2755e-05,False
Green Meets Blue,Behr,Mass-Market,True,3,16,9.763333333333334e-05,False
Longmeadow,Behr,Mass-Market,False,1,10,8.51e-08,False
Forest Edge,Behr,Mass-Market,False,2,11,5.2550000000000003e-05,False
Blue Fir,Behr,Mass-Market,True,2,8,6.901e-05,False
Sunken Pool,Behr,Mass-Market,False,2,11,2.431e-05,False
Malaysian Mist,Behr,Mass-Market,False,2,14,5.8e-06,False
Aspiring Blue,Behr,Mass-Market,True,2,13,6.9315e-05,False
Tower Bridge,Behr,Mass-Market,False,2,12,4.525e-05,False
Tasmanian Sea,Behr,Mass-Market,False,2,13,5.833e-05,True
Tealish,Behr,Mass-Market,False,1,7,0.0,False
Thermal,Behr,Mass-Market,False,1,7,1.1e-05,False
Beach Foam,Behr,Mass-Market,False,2,10,4.4615e-05,False
Wind Speed,Behr,Mass-Market,False,2,10,8.46e-05,False
Spring Storm,Behr,Mass-Market,False,2,12,6.445e-05,False
Crashing Waves,Behr,Mass-Market,False,2,14,1.516e-05,False
Oarsman Blue,Behr,Mass-Market,True,2,12,6.752505e-05,False
Tornado Season,Behr,Mass-Market,False,2,14,0.000154305,False
Tsunami,Behr,Mass-Market,False,1,7,3.31e-06,False
Air Blue,Behr,Mass-Market,True,2,8,0.00018449999999999999,False
Drip,Behr,Mass-Market,False,1,4,3.8e-06,False
Blue Echo,Behr,Mass-Market,True,2,9,7.3e-05,False
Snowboard,Behr,Mass-Market,False,1,9,1.02e-06,False
Blue Square,Behr,Mass-Market,True,2,11,0.0001021,False
Mammoth Mountain,Behr,Mass-Market,False,2,16,2.8105e-05,False
Deep Breath,Behr,Mass-Market,False,2,11,7.255e-05,False
Cloudy Sky,Behr,Mass-Market,False,2,10,2.8025e-05,False
Gentle Sea,Behr,Mass-Market,False,2,10,6.49e-05,False
Peaceful Blue,Behr,Mass-Market,True,2,13,7.705e-05,False
Dolphin Blue,Behr,Mass-Market,True,2,12,6.984e-05,False
Blueprint,Behr,Mass-Market,False,1,9,3.02e-06,False
Shipwreck,Behr,Mass-Market,False,1,9,1.29e-06,False
Undersea,Behr,Mass-Market,False,1,8,7.24e-07,False
Rain Dance,Behr,Mass-Market,False,2,10,6.82e-05,False
Sea Wind,Behr,Mass-Market,False,2,8,9.21e-05,False
Sydney Harbour,Behr,Mass-Market,False,2,14,2.1725e-05,False
Saga Blue,Behr,Mass-Market,True,2,9,7.120500000000001e-05,False
Blue Moon Bay,Behr,Mass-Market,True,3,13,7.96e-05,False
Poseidon,Behr,Mass-Market,False,1,8,1.26e-06,False
Midnight In The Tropics,Behr,Mass-Market,False,4,23,0.0180804625,False
Permafrost,Behr,Mass-Market,False,1,10,6.17e-07,False
Glacial Stream,Behr,Mass-Market,False,2,14,2.2074999999999998e-05,False
Reef Blue,Behr,Mass-Market,True,2,9,7.088e-05,False
Yacht Blue,Behr,Mass-Market,True,2,10,7.0805e-05,False
Jay Bird,Behr,Mass-Market,False,2,8,3.335e-05,False
Bering Wave,Behr,Mass-Market,False,2,11,2.1238e-05,False
Superior Blue,Behr,Mass-Market,True,2,13,8.19e-05,False
Distant Shore,Behr,Mass-Market,False,2,13,1.845e-05,False
Essex Blue,Behr,Mass-Market,True,2,10,7.166e-05,False
Partly Cloudy,Behr,Mass-Market,False,2,13,1.1775000000000002e-05,False
Chilly Blue,Behr,Mass-Market,True,2,11,6.908e-05,False
Treasure Map,Behr,Mass-Market,False,2,12,3.615e-05,False
Shipyard,Behr,Mass-Market,False,1,8,1.86e-06,False
Infinite Deep Sea,Behr,Mass-Market,False,3,17,8.05e-05,False
Prairie Sky,Behr,Mass-Market,False,2,11,2.8755e-05,False
Boot Cut,Behr,Mass-Market,False,2,8,9.475e-05,False
Ombre Blue,Behr,Mass-Market,True,2,10,6.76945e-05,False
Jean Jacket Blue,Behr,Mass-Market,True,3,16,5.9600000000000005e-05,False
Skinny Jeans,Behr,Mass-Market,False,2,12,1.1035e-05,False
Durango Blue,Behr,Mass-Market,True,2,12,6.7916e-05,False
Dark Denim,Behr,Mass-Market,False,2,10,5.6655e-05,False
Pale Cornflower,Behr,Mass-Market,False,2,15,6.070500000000001e-06,False
Journeys End,Behr,Mass-Market,False,2,12,0.000241585,False
Perfect Landing,Behr,Mass-Market,False,2,15,9.155e-05,False
Private Jet,Behr,Mass-Market,False,2,11,8.725e-05,False
Thundercloud,Behr,Mass-Market,False,1,12,5.25e-08,False
Layers Of Ocean,Behr,Mass-Market,False,3,15,0.0083883,False
Night Flight,Behr,Mass-Market,False,2,12,0.00023970000000000003,False
Soaring Sky,Behr,Mass-Market,False,2,11,2.7625e-05,False
Elevated,Behr,Mass-Market,False,1,8,1.07e-05,False
Aerial View,Behr,Mass-Market,False,2,11,8.1565e-05,False
Jet Set,Behr,Mass-Market,False,2,7,0.00020425,False
Brisk Blue,Behr,Mass-Market,True,2,10,6.829e-05,False
Extreme,Behr,Mass-Market,False,1,7,3.98e-05,False
Dark Navy,Behr,Mass-Market,True,2,9,7.36e-05,False
So Blue-berry,Behr,Mass-Market,True,2,13,0.001659365,False
Violet Vision,Behr,Mass-Market,True,2,13,2.481e-05,False
Meadow Phlox,Behr,Mass-Market,False,2,12,2.102e-06,False
Vintage Ribbon,Behr,Mass-Market,False,2,14,1.078e-05,False
Velvet Curtain,Behr,Mass-Market,False,2,14,6.565000000000001e-06,False
Dangerously Elegant,Behr,Mass-Market,False,2,19,5.93e-06,False
Bossa Nova,Behr,Mass-Market,False,2,10,4.3075e-06,False
Blueberry Whip,Behr,Mass-Market,False,2,14,6.1e-06,False
Powder Lilac,Behr,Mass-Market,True,2,12,9.545e-06,False
Chivalrous,Behr,Mass-Market,False,1,10,3.55e-07,False
Camelot,Behr,Mass-Market,False,1,7,9.33e-07,False
Fantasia,Behr,Mass-Market,False,1,8,8.32e-07,False
Mysterious Night,Behr,Mass-Market,False,2,16,0.0002109,False
Knighthood,Behr,Mass-Market,False,1,10,7.76e-07,False
Courteous,Behr,Mass-Market,False,1,9,1.58e-06,False
Lavender Honor,Behr,Mass-Market,True,2,14,2.5875e-05,False
Noble Purple,Behr,Mass-Market,True,2,12,1.9149999999999998e-05,False
Monarchy,Behr,Mass-Market,False,1,8,4.68e-06,False
Royal Fortune,Behr,Mass-Market,False,2,13,4.54e-05,False
Blue Blood,Behr,Mass-Market,True,2,10,0.0001305,False
Lap Of Luxury,Behr,Mass-Market,False,3,13,0.008379166666666667,False
Misty Lavender,Behr,Mass-Market,True,2,14,2.5999999999999997e-06,False
Magic Scent,Behr,Mass-Market,False,2,11,3.2055000000000004e-05,False
Bohemianism,Behr,Mass-Market,False,1,11,3.09e-08,False
Night Music,Behr,Mass-Market,False,2,11,0.000369,False
Live Jazz,Behr,Mass-Market,False,2,9,0.0001837,False
New Orleans,Behr,Mass-Market,False,2,11,0.0008981,True
Voodoo,Behr,Mass-Market,False,1,6,2.63e-06,False
Forest Berry,Behr,Mass-Market,False,2,12,2.9715e-05,False
Ripe Fig,Behr,Mass-Market,False,2,8,8.64e-06,False
Mixed Berry Jam,Behr,Mass-Market,False,3,15,2.2610000000000002e-05,False
Berry Wine,Behr,Mass-Market,False,2,10,3.2165e-05,False
Cranberry,Behr,Mass-Market,False,1,9,1.48e-06,False
High Drama,Behr,Mass-Market,False,2,10,0.0003044,False
Red Velvet,Behr,Mass-Market,True,2,10,0.00010744500000000001,False
Geranium,Behr,Mass-Market,False,1,8,3.89e-07,False
Tuscan Russet,Behr,Mass-Market,False,2,13,6.66e-07,False
Regency Rose,Behr,Mass-Market,True,2,12,3.394e-05,False
First Waltz,Behr,Mass-Market,False,2,11,0.0006462,False
Bijou Red,Behr,Mass-Market,True,2,9,0.00010465450000000001,False
Cherry Tart,Behr,Mass-Market,False,2,11,8.72e-06,False
Raw Cinnabar,Behr,Mass-Market,False,2,12,1.7035e-05,False
Apple Polish,Behr,Mass-Market,False,2,12,3.85e-05,False
Dozen Roses,Behr,Mass-Market,False,2,11,1.63e-05,False
Polished Leather,Behr,Mass-Market,False,2,16,1.4075e-05,False
Indiscreet,Behr,Mass-Market,False,1,10,2.75e-07,False
Edgy Red,Behr,Mass-Market,True,2,8,0.00010572500000000001,False
Carmine Red,Behr,Mass-Market,True,2,11,0.0001049775,False
Koi,Behr,Mass-Market,False,1,3,1.17e-06,False
Powdered Brick,Behr,Mass-Market,False,2,14,9.92e-06,False
Antique Copper,Behr,Mass-Market,True,2,14,1.2920000000000002e-05,False
Scented Clove,Behr,Mass-Market,False,2,13,1.4065e-06,False
Iced Apricot,Behr,Mass-Market,False,2,12,1.9175e-06,False
Dusty Rosewood,Behr,Mass-Market,False,2,14,2.8285e-06,False
Cafe Ole,Behr,Mass-Market,False,2,8,8.835000000000001e-06,False
Roasted Nuts,Behr,Mass-Market,False,2,12,1.2685000000000001e-05,False
Burnt Terra,Behr,Mass-Market,False,2,11,6.724999999999999e-06,False
Spice Cake,Behr,Mass-Market,False,2,10,2.1305e-05,False
Riviera Clay,Behr,Mass-Market,False,2,12,1.066e-05,False
French Roast,Behr,Mass-Market,False,2,12,6.520500000000001e-05,True
Toffee Bar,Behr,Mass-Market,False,2,10,4.3938e-05,False
Antique Leather,Behr,Mass-Market,False,2,15,1.482e-05,False
Golden Leaf,Behr,Mass-Market,True,2,11,3.17e-05,False
Aged Parchment,Behr,Mass-Market,False,2,14,1.665e-05,False
Hammered Gold,Behr,Mass-Market,True,2,13,7.534499999999999e-05,False
Solar Fusion,Behr,Mass-Market,False,2,12,2.2199999999999998e-05,False
Fortune Cookie,Behr,Mass-Market,False,2,14,1.585e-05,False
Dried Plantain,Behr,Mass-Market,False,2,14,5.734e-06,False
Light Incense,Behr,Mass-Market,False,2,13,0.00010793,False
Artist's Canvas,Behr,Mass-Market,False,2,15,6.215000000000001e-06,False
Pillar White,Behr,Mass-Market,True,2,12,0.00016418500000000001,False
Bone,Behr,Mass-Market,False,1,4,2.95e-05,False
Parachute Silk,Behr,Mass-Market,False,2,14,8.07e-06,False
Gold Plated,Behr,Mass-Market,True,2,11,7.541e-05,False
Cacao,Behr,Mass-Market,False,1,5,7.24e-07,False
Gold Torch,Behr,Mass-Market,True,2,10,7.675e-05,False
Spiced Cashews,Behr,Mass-Market,False,2,14,6.905e-07,False
Straw Basket,Behr,Mass-Market,False,2,12,1.0735e-05,False
Pale Wheat,Behr,Mass-Market,False,2,10,1.11e-05,False
Pine Cone,Behr,Mass-Market,False,2,9,9.679999999999999e-06,False
Canvas Tan,Behr,Mass-Market,True,2,10,9.66e-06,False
Mineral,Behr,Mass-Market,False,1,7,1.07e-05,False
Vast Desert,Behr,Mass-Market,False,2,11,2.8e-05,False
Nile Sand,Behr,Mass-Market,False,2,9,1.5935e-05,False
Sierra Sand,Behr,Mass-Market,False,2,11,1.95e-05,False
Mission Hills,Behr,Mass-Market,False,2,13,5.145e-05,False
Gobi Tan,Behr,Mass-Market,True,2,8,5.2735e-06,False
Cabo,Behr,Mass-Market,False,1,4,9.33e-07,False
Washed Khaki,Behr,Mass-Market,True,2,12,6.85e-06,False
Lemon Drop,Behr,Mass-Market,False,2,10,5.515e-05,False
Yellowstone,Behr,Mass-Market,False,1,11,1.91e-06,False
Caribbean Sunrise,Behr,Mass-Market,False,2,17,9.905000000000001e-06,True
Tangy,Behr,Mass-Market,False,1,5,4.37e-07,False
Egyptian Temple,Behr,Mass-Market,False,2,15,2.22e-05,True
Ground Cumin,Behr,Mass-Market,False,2,12,7.101e-05,False
Bazaar,Behr,Mass-Market,False,1,6,2.34e-06,False
Madagascar,Behr,Mass-Market,False,1,10,2.45e-06,False
Clay Beige,Behr,Mass-Market,True,2,10,1.075e-05,False
Guesthouse,Behr,Mass-Market,False,1,10,7.41e-07,False
Tatami Mat,Behr,Mass-Market,False,2,10,3.547e-06,False
Saturn Gray,Behr,Mass-Market,True,2,11,1.5835e-05,False
Polished,Behr,Mass-Market,False,1,8,5.75e-06,False
Fig Leaf,Behr,Mass-Market,False,2,8,1.4599999999999999e-05,False
Dried Basil,Behr,Mass-Market,False,2,11,7.735e-06,False
Silver Tinsel,Behr,Mass-Market,True,2,13,3.25235e-05,False
Silver Moon,Behr,Mass-Market,True,2,11,5.735e-05,False
Silver Sage,Behr,Mass-Market,True,2,11,3.568e-05,False
Blue Cascade,Behr,Mass-Market,True,2,12,6.8975e-05,False
Melody,Behr,Mass-Market,False,1,6,6.46e-06,False
Nostalgic,Behr,Mass-Market,False,1,9,2.82e-06,False
Sausalito Port,Behr,Mass-Market,False,2,14,2.6945499999999998e-05,False
Signature Blue,Behr,Mass-Market,True,2,14,7.64e-05,False
Lunar Shadow,Behr,Mass-Market,False,2,12,1.6695000000000002e-05,False
Grape CrÃˆme,Behr,Mass-Market,False,2,12,2.505e-06,False
Mauve Morning,Behr,Mass-Market,True,2,13,0.0001072565,False
White Opal,Behr,Mass-Market,True,2,10,0.00016279,False
Victorian,Behr,Mass-Market,False,1,9,1.32e-05,False
Legacy,Behr,Mass-Market,False,1,6,2.34e-05,False
Contessa,Behr,Mass-Market,False,1,8,3.09e-07,False
Silver Sateen,Behr,Mass-Market,True,2,13,3.23346e-05,False
Burnished Metal,Behr,Mass-Market,False,2,15,3.3231499999999995e-05,False
Pewter Ring,Behr,Mass-Market,False,2,11,3.2601499999999996e-05,False
Cathedral Grey,Behr,Mass-Market,True,2,14,1.9985e-05,False
Ashes,Behr,Mass-Market,False,1,5,8.51e-06,False
Billowy Clouds,Behr,Mass-Market,False,2,14,7.29065e-06,False
Soft Lace,Behr,Mass-Market,False,2,9,2.7255e-05,False
Victorian Pearl,Behr,Mass-Market,False,2,15,1.35e-05,False
Popped Corn,Behr,Mass-Market,False,2,11,1.129e-05,False
Divine Pleasure W-b-210,Behr,Mass-Market,False,3,23,1.9226666666666667e-05,False
Vanilla Delight,Behr,Mass-Market,False,2,15,8.125000000000001e-06,False
Magnolia Blossom,Behr,Mass-Market,False,2,16,2.895e-06,False
Glow (w-b-310),Behr,Mass-Market,False,2,14,5.1650000000000005e-06,False
White Corn,Behr,Mass-Market,True,2,10,0.00016975,False
Vermont Cream,Behr,Mass-Market,True,2,13,2.431e-05,True
Star Shine,Behr,Mass-Market,False,2,10,8.49e-05,False
White Hydrangea,Behr,Mass-Market,True,2,15,0.000162117,False
Frosted Juniper,Behr,Mass-Market,False,2,15,1.24e-06,False
Glacial Tint,Behr,Mass-Market,False,2,12,2.055e-06,False
Luster White,Behr,Mass-Market,True,2,12,0.000162456,False
Soft Breeze,Behr,Mass-Market,False,2,11,2.757e-05,False
Frosty Morning,Behr,Mass-Market,False,2,14,0.00010779,False
Almond Cream,Behr,Mass-Market,True,2,12,2.2545e-05,False
Oyster,Behr,Mass-Market,False,1,6,3.47e-06,False
China Cup,Behr,Mass-Market,False,2,9,0.0001275,True
Soft Muslin,Behr,Mass-Market,False,2,11,2.41685e-05,False
Bleached Shell,Behr,Mass-Market,False,2,14,1.2785e-05,False
Pot Of Cream,Behr,Mass-Market,True,3,12,0.008388933333333333,False
Camembert,Behr,Mass-Market,False,1,9,1.78e-07,False
Vanilla Custard,Behr,Mass-Market,False,2,15,4.2e-06,False
Eggshell Cream(w-d-300),Behr,Mass-Market,True,2,23,1.1975e-06,False
Cotton Fluff,Behr,Mass-Market,False,2,12,1.1989999999999999e-05,False
Canyon Cloud,Behr,Mass-Market,False,2,12,1.896e-05,False
Beach White,Behr,Mass-Market,True,2,11,0.00020360000000000002,False
Cascade White,Behr,Mass-Market,True,2,13,0.000163475,False
Waterfall Mist,Behr,Mass-Market,False,2,14,4.075e-06,False
Clear View,Behr,Mass-Market,False,2,10,0.00016649999999999998,False
Bridal Veil,Behr,Mass-Market,False,2,11,3.865e-06,False
White Glove,Behr,Mass-Market,True,2,11,0.000164685,False
Pale Bud,Behr,Mass-Market,False,2,8,1.2e-05,False
Powdered Snow,Behr,Mass-Market,False,2,13,2.387e-05,False
Creamy White,Behr,Mass-Market,True,2,12,0.00016334500000000002,False
Innocence,Behr,Mass-Market,False,1,9,6.76e-06,False
Belgian Cream,Behr,Mass-Market,True,2,13,2.4154999999999998e-05,False
Chamois Cloth,Behr,Mass-Market,False,2,13,5.4974999999999995e-06,False
Natural Linen,Behr,Mass-Market,False,2,13,6.6535e-05,False
Nude W-f-210,Behr,Mass-Market,False,2,12,6.52e-06,False
Cinnamon Cake (w-f-220),Behr,Mass-Market,False,3,23,1.3983333333333332e-05,False
Cotton Whisper,Behr,Mass-Market,False,2,14,1.395e-05,False
Swan Wing,Behr,Mass-Market,False,2,9,2.381e-05,False
Ostrich,Behr,Mass-Market,False,1,7,1.12e-06,False
Silver Sky,Behr,Mass-Market,True,2,10,5.855e-05,False
Ash White,Behr,Mass-Market,True,2,9,0.00016925000000000002,False
Snow Fall,Behr,Mass-Market,False,2,9,9.035e-05,False
White Fur,Behr,Mass-Market,True,2,9,0.00016735,False
Moon Rise,Behr,Mass-Market,False,2,9,5.735e-05,False
Hushed White,Behr,Mass-Market,True,2,12,0.0001624255,False
Silver Leaf,Behr,Mass-Market,True,2,11,4.06e-05,False
Spinning Silk,Behr,Mass-Market,False,2,13,1.1225e-05,False
Night Blooming Jasmine,Behr,Mass-Market,False,3,22,0.00013773666666666668,False
Khaki Shade,Behr,Mass-Market,True,2,11,7.8e-06,False
YL-W12,Behr,Mass-Market,False,1,6,3.91e-08,False
Sentimental Beige,Behr,Mass-Market,True,2,17,2.695e-06,False
YL-W14,Behr,Mass-Market,False,1,6,3.91e-08,False
YL-W15,Behr,Mass-Market,False,1,6,3.91e-08,False
Spanish Lace,Behr,Mass-Market,False,2,12,3.0155e-05,True
Honied White,Behr,Mass-Market,True,2,12,0.000162,False
YL-W4,Behr,Mass-Market,False,1,5,9.74e-08,False
YL-W5,Behr,Mass-Market,False,1,5,8.67e-08,False
YL-W6,Behr,Mass-Market,False,1,5,5.94e-08,False
Smooth Silk,Behr,Mass-Market,False,2,11,1.9e-05,False
Yucca White,Behr,Mass-Market,True,2,11,0.0001622235,False
Spun Cotton,Behr,Mass-Market,False,2,11,1.3539999999999999e-05,False
Mulberry Silk,Sherwin Williams,Mass-Market,False,2,13,7.155e-06,False
Chelsea Mauve,Sherwin Williams,Mass-Market,True,2,13,1.14565e-05,False
Cabbage Rose,Sherwin Williams,Mass-Market,True,2,12,3.4825e-05,False
Rose Brocade,Sherwin Williams,Mass-Market,True,2,12,3.32635e-05,False
Deepest Mauve,Sherwin Williams,Mass-Market,True,2,13,3.2015e-06,False
Toile Red,Sherwin Williams,Mass-Market,True,2,9,0.0001045362,False
Decorous Amber,Sherwin Williams,Mass-Market,True,2,14,4.71275e-06,False
Cajun Red,Sherwin Williams,Mass-Market,True,2,9,0.0001049885,False
Eastlake Gold,Sherwin Williams,Mass-Market,True,2,13,7.41345e-05,False
Wickerwork,Sherwin Williams,Mass-Market,False,1,10,2.95e-08,False
Crewel Tan,Sherwin Williams,Mass-Market,True,2,10,5.11735e-06,False
Empire Gold,Sherwin Williams,Mass-Market,True,2,11,9.135e-05,False
Majolica Green,Sherwin Williams,Mass-Market,True,2,14,6.75525e-05,False
Sheraton Sage,Sherwin Williams,Mass-Market,True,2,13,3.8055e-06,False
Gallery Green,Sherwin Williams,Mass-Market,True,2,13,8.295e-05,False
Billiard Green,Sherwin Williams,Mass-Market,True,2,14,6.7862e-05,False
Calico,Sherwin Williams,Mass-Market,False,1,6,7.59e-07,False
Teal Stencil,Sherwin Williams,Mass-Market,True,2,12,1.236e-06,False
Festoon Aqua,Sherwin Williams,Mass-Market,False,2,12,1.39385e-06,False
Peacock Plume,Sherwin Williams,Mass-Market,False,2,13,2.1499999999999997e-06,False
Queen Anne Lilac,Sherwin Williams,Mass-Market,True,3,16,3.153e-05,False
Patchwork Plum,Sherwin Williams,Mass-Market,True,2,14,2.405e-06,False
Pewter Tankard,Sherwin Williams,Mass-Market,False,2,14,4.16e-07,False
Curio Gray,Sherwin Williams,Mass-Market,True,2,10,1.42345e-05,False
Rosedust,Sherwin Williams,Mass-Market,False,1,8,0.0,False
Rachel Pink,Sherwin Williams,Mass-Market,True,2,11,2.3599999999999998e-05,False
Aristocrat Peach,Sherwin Williams,Mass-Market,True,2,16,3.4335000000000002e-06,False
Caen Stone,Sherwin Williams,Mass-Market,False,2,10,3.17685e-05,False
Acanthus,Sherwin Williams,Mass-Market,False,1,8,1.2e-07,False
Colonial Yellow,Sherwin Williams,Mass-Market,True,2,15,3.19e-05,False
Dutch Tile Blue,Sherwin Williams,Mass-Market,True,3,15,5.5316666666666665e-05,True
Needlepoint Navy,Sherwin Williams,Mass-Market,True,2,16,1.87e-05,False
Rembrandt Ruby,Sherwin Williams,Mass-Market,False,2,14,5.375e-06,False
Roycroft Rose,Sherwin Williams,Mass-Market,True,2,13,3.3064399999999995e-05,False
Indian White,Sherwin Williams,Mass-Market,True,2,12,0.00020265000000000002,True
Buckram Binding,Sherwin Williams,Mass-Market,False,2,15,6.9275e-06,False
Morris Room Grey,Sherwin Williams,Mass-Market,True,3,16,9.643333333333332e-05,False
Library Pewter,Sherwin Williams,Mass-Market,False,2,14,3.6501499999999996e-05,False
Portrait Tone,Sherwin Williams,Mass-Market,False,2,13,2.375e-05,False
Roycroft Adobe,Sherwin Williams,Mass-Market,False,2,14,1.7094e-06,False
Dard Hunter Green,Sherwin Williams,Mass-Market,True,3,17,5.2839e-05,False
Ruskin Room Green,Sherwin Williams,Mass-Market,True,3,17,0.000126957,False
Peristyle Brass,Sherwin Williams,Mass-Market,False,2,15,5.6275e-06,False
Hubbard Squash,Sherwin Williams,Mass-Market,False,2,14,3.18e-06,False
Antiquarian Brown,Sherwin Williams,Mass-Market,True,2,17,5.1322999999999996e-05,False
White Hyacinth,Sherwin Williams,Mass-Market,True,2,14,0.0001622685,False
Studio Blue Green,Sherwin Williams,Mass-Market,True,3,17,0.00010523333333333335,False
Bunglehouse Blue,Sherwin Williams,Mass-Market,True,2,16,6.75e-05,False
Silver Gray,Sherwin Williams,Mass-Market,True,2,11,4.64e-05,False
Classic Light Buff,Sherwin Williams,Mass-Market,False,3,18,9.013e-05,False
Classic Ivory,Sherwin Williams,Mass-Market,True,2,13,2.979e-05,False
Pearl Gray,Sherwin Williams,Mass-Market,True,2,10,2.1000000000000002e-05,False
Porcelain,Sherwin Williams,Mass-Market,False,1,9,3.63e-06,False
Twilight Gray,Sherwin Williams,Mass-Market,True,2,13,1.7405e-05,False
Light French Gray,Sherwin Williams,Mass-Market,True,3,17,0.00012173333333333333,True
Classic Sand,Sherwin Williams,Mass-Market,False,2,12,4e-05,False
Chinese Red,Sherwin Williams,Mass-Market,True,2,11,0.0001555,True
Jazz Age Coral,Sherwin Williams,Mass-Market,True,3,14,7.888e-05,False
Frostwork,Sherwin Williams,Mass-Market,False,1,9,0.0,False
Alexandrite,Sherwin Williams,Mass-Market,False,1,11,6.76e-08,False
Salon Rose,Sherwin Williams,Mass-Market,True,2,10,3.6754999999999996e-05,False
Studio Mauve,Sherwin Williams,Mass-Market,True,2,12,2.31065e-05,False
Blue Sky,Sherwin Williams,Mass-Market,True,2,8,9.375e-05,False
Blue Peacock,Sherwin Williams,Mass-Market,True,2,12,6.887500000000001e-05,False
Vogue Green,Sherwin Williams,Mass-Market,True,2,11,7.0065e-05,False
Cascade Green,Sherwin Williams,Mass-Market,True,2,13,6.8975e-05,False
Belvedere Cream,Sherwin Williams,Mass-Market,True,2,15,2.1158499999999997e-05,False
Copen Blue,Sherwin Williams,Mass-Market,True,2,10,6.75141e-05,False
Rose Tan,Sherwin Williams,Mass-Market,True,2,8,3.815e-05,False
Pink Shadow,Sherwin Williams,Mass-Market,True,2,11,3.0299999999999998e-05,False
Orchid,Sherwin Williams,Mass-Market,False,1,6,2e-06,False
Deep Maroon,Sherwin Williams,Mass-Market,True,2,11,5.712e-05,False
Chartreuse,Sherwin Williams,Mass-Market,True,1,10,2.75e-07,False
Radiant Lilac,Sherwin Williams,Mass-Market,True,2,13,2.19e-06,False
Holiday Turquoise,Sherwin Williams,Mass-Market,True,2,17,2.392e-05,False
Appleblossom,Sherwin Williams,Mass-Market,False,1,12,0.0,False
Classic French Gray,Sherwin Williams,Mass-Market,True,3,19,6.790000000000001e-05,True
Sunbeam Yellow,Sherwin Williams,Mass-Market,True,2,14,2.4723499999999998e-05,False
Pinky Beige,Sherwin Williams,Mass-Market,True,2,11,2.225e-06,False
Pink Flamingo,Sherwin Williams,Mass-Market,True,2,13,1.7125e-05,False
Skyline Steel,Sherwin Williams,Mass-Market,False,2,13,2.7195e-05,False
Venetian Yellow,Sherwin Williams,Mass-Market,True,2,15,2.55e-05,False
Icy Lemonade,Sherwin Williams,Mass-Market,False,2,12,3.11e-06,False
Pineapple Cream,Sherwin Williams,Mass-Market,True,2,15,2.2749999999999997e-05,False
Merlot,Sherwin Williams,Mass-Market,False,1,6,5.62e-07,False
Rockweed,Sherwin Williams,Mass-Market,False,1,8,0.0,False
Charcoal Blue,Sherwin Williams,Mass-Market,True,2,13,6.94e-05,False
Mineral Gray,Sherwin Williams,Mass-Market,True,2,12,1.945e-05,False
Rookwood Dark Red,Sherwin Williams,Mass-Market,True,3,17,0.00010636666666666667,False
Rookwood Red,Sherwin Williams,Mass-Market,True,2,12,0.00010455000000000001,False
Rookwood Terra Cotta,Sherwin Williams,Mass-Market,False,3,20,1.186e-06,False
Renwick Rose Beige,Sherwin Williams,Mass-Market,True,3,18,2.2778e-05,False
Renwick Beige,Sherwin Williams,Mass-Market,True,2,13,1.117e-06,False
Rookwood Brown,Sherwin Williams,Mass-Market,True,2,14,5.105e-05,False
Rookwood Medium Brown,Sherwin Williams,Mass-Market,True,3,21,4.76e-05,False
Rookwood Dark Brown,Sherwin Williams,Mass-Market,True,3,19,7.07e-05,False
Rookwood Shutter Green,Sherwin Williams,Mass-Market,True,3,22,4.6040000000000006e-05,False
Rookwood Sash Green,Sherwin Williams,Mass-Market,True,3,19,4.56e-05,False
Rookwood Blue Green,Sherwin Williams,Mass-Market,True,3,19,9.003333333333333e-05,False
Rookwood Jade,Sherwin Williams,Mass-Market,True,2,13,3.065e-06,False
Downing Straw,Sherwin Williams,Mass-Market,False,2,13,6.259999999999999e-06,False
Rookwood Antique Gold,Sherwin Williams,Mass-Market,True,3,21,5.1779999999999996e-05,False
Renwick Olive,Sherwin Williams,Mass-Market,True,2,13,6.267e-06,False
Rookwood Dark Green,Sherwin Williams,Mass-Market,True,3,19,8.17e-05,False
Rookwood Amber,Sherwin Williams,Mass-Market,True,2,14,4.715000000000001e-06,False
Renwick Heather,Sherwin Williams,Mass-Market,False,2,15,3.822e-06,False
Downing Slate,Sherwin Williams,Mass-Market,True,2,13,4.68e-06,False
Downing Earth,Sherwin Williams,Mass-Market,False,2,13,5.8875e-05,False
Downing Stone,Sherwin Williams,Mass-Market,False,2,13,3.2925e-05,False
Downing Sand,Sherwin Williams,Mass-Market,False,2,12,1.5125e-05,False
Rookwood Clay,Sherwin Williams,Mass-Market,False,2,13,9.8e-06,False
Renwick Golden Oak,Sherwin Williams,Mass-Market,True,3,18,2.0711333333333333e-05,False
Colonial Revival Green Stone,Sherwin Williams,Mass-Market,True,4,28,5.53525e-05,False
Colonial Revival Stone,Sherwin Williams,Mass-Market,False,3,22,2.8803333333333336e-05,False
Colonial Revival Tan,Sherwin Williams,Mass-Market,True,3,20,1.1170000000000001e-05,False
Classical White,Sherwin Williams,Mass-Market,True,2,15,0.0001711,False
Classical Gold,Sherwin Williams,Mass-Market,True,2,14,8.31e-05,False
Colonial Revival Gray,Sherwin Williams,Mass-Market,True,3,21,1.717e-05,False
Roycroft Vellum,Sherwin Williams,Mass-Market,False,2,15,1.919e-07,False
Birdseye Maple,Sherwin Williams,Mass-Market,False,2,14,3.6785e-06,False
Craftsman Brown,Sherwin Williams,Mass-Market,True,2,15,5.183e-05,False
Quartersawn Oak,Sherwin Williams,Mass-Market,False,2,15,7.55585e-06,False
Aurora Brown,Sherwin Williams,Mass-Market,True,2,12,5.3685e-05,False
Polished Mahogany,Sherwin Williams,Mass-Market,False,2,17,3.85e-06,False
Roycroft Copper Red,Sherwin Williams,Mass-Market,True,3,19,7.587626666666667e-05,False
Hammered Silver,Sherwin Williams,Mass-Market,True,2,15,3.3645e-05,False
Weathered Shingle,Sherwin Williams,Mass-Market,False,2,17,1.1825000000000001e-06,False
Roycroft Suede,Sherwin Williams,Mass-Market,False,2,14,9.044e-07,False
Roycroft Brass,Sherwin Williams,Mass-Market,False,2,14,5.6144e-06,False
Roycroft Mist Gray,Sherwin Williams,Mass-Market,True,3,18,1.0969599999999999e-05,False
Bunglehouse Gray,Sherwin Williams,Mass-Market,True,2,16,1.41e-05,False
Roycroft Bronze Green,Sherwin Williams,Mass-Market,True,3,21,5.027626666666667e-05,False
Roycroft Bottle Green,Sherwin Williams,Mass-Market,True,3,21,5.74096e-05,False
Roycroft Pewter,Sherwin Williams,Mass-Market,False,2,15,3.159e-07,False
Westchester Gray,Sherwin Williams,Mass-Market,True,2,16,1.484e-05,False
Chelsea Gray,Sherwin Williams,Mass-Market,True,2,12,2.53e-05,False
Sage Green Light,Sherwin Williams,Mass-Market,True,3,16,0.00011858666666666666,False
New Colonial Yellow,Sherwin Williams,Mass-Market,True,3,19,0.0006146,False
Caribbean Coral,Sherwin Williams,Mass-Market,True,2,15,1.022e-05,True
Sycamore Tan,Sherwin Williams,Mass-Market,True,2,12,5.535500000000001e-06,False
Fairfax Brown,Sherwin Williams,Mass-Market,True,2,13,5.2654999999999996e-05,False
Peace Yellow,Sherwin Williams,Mass-Market,True,2,12,7.7e-05,False
Harvest Gold,Sherwin Williams,Mass-Market,True,2,12,7.934999999999999e-05,False
Beige,Sherwin Williams,Mass-Market,True,1,5,2e-06,False
Sage,Sherwin Williams,Mass-Market,True,1,4,6.76e-06,False
Avocado,Sherwin Williams,Mass-Market,False,1,7,2.82e-06,False
Powder Blue,Sherwin Williams,Mass-Market,True,2,11,7.64e-05,False
Classical Yellow,Sherwin Williams,Mass-Market,True,2,16,3.36e-05,False
Snowfall,Sherwin Williams,Mass-Market,False,1,8,1.66e-06,False
Grayish,Sherwin Williams,Mass-Market,False,1,7,4.17e-07,False
Essential Gray,Sherwin Williams,Mass-Market,True,2,14,3.445e-05,False
Proper Gray,Sherwin Williams,Mass-Market,True,2,11,4.0350000000000005e-05,False
Mink,Sherwin Williams,Mass-Market,False,1,4,1.41e-06,False
Folkstone,Sherwin Williams,Mass-Market,False,1,9,2.75e-08,False
Black Bean,Sherwin Williams,Mass-Market,True,2,10,0.000148775,False
Smart White,Sherwin Williams,Mass-Market,True,2,11,0.00019580000000000002,False
Individual White,Sherwin Williams,Mass-Market,True,2,16,0.000212,False
Imagine,Sherwin Williams,Mass-Market,False,1,7,8.32e-05,False
Flexible Gray,Sherwin Williams,Mass-Market,True,2,13,2.085e-05,False
Chinchilla,Sherwin Williams,Mass-Market,False,1,10,3.72e-07,False
Browse Brown,Sherwin Williams,Mass-Market,True,2,12,5.2945e-05,False
Bitter Chocolate,Sherwin Williams,Mass-Market,False,2,16,2.355e-05,False
Vaguely Mauve,Sherwin Williams,Mass-Market,True,2,13,1.7315e-06,False
Chaise Mauve,Sherwin Williams,Mass-Market,True,2,12,4.75e-07,False
Intuitive,Sherwin Williams,Mass-Market,False,1,9,3.72e-06,False
Enigma,Sherwin Williams,Mass-Market,False,1,6,1.74e-06,False
Poetry Plum,Sherwin Williams,Mass-Market,True,2,11,1.4325e-05,False
Marooned,Sherwin Williams,Mass-Market,False,1,8,4.37e-07,False
Dreamy White,Sherwin Williams,Mass-Market,True,2,12,0.00016285,False
Breathless,Sherwin Williams,Mass-Market,False,1,10,1.55e-06,False
Insightful Rose,Sherwin Williams,Mass-Market,True,2,15,3.4334999999999996e-05,False
Dressy Rose,Sherwin Williams,Mass-Market,True,2,11,3.3184499999999994e-05,False
Socialite,Sherwin Williams,Mass-Market,False,1,9,7.76e-07,False
River Rouge,Sherwin Williams,Mass-Market,False,2,11,5.5785e-05,False
Cordovan,Sherwin Williams,Mass-Market,False,1,8,5.89e-08,False
Cultured Pearl,Sherwin Williams,Mass-Market,False,2,14,7.9e-06,False
White Truffle,Sherwin Williams,Mass-Market,True,2,13,0.000162575,False
Artistic Taupe,Sherwin Williams,Mass-Market,True,2,14,7.5735e-06,False
Glamour,Sherwin Williams,Mass-Market,False,1,7,3.24e-06,False
Dutch Cocoa,Sherwin Williams,Mass-Market,False,2,11,1.5035000000000001e-05,True
Bateau Brown,Sherwin Williams,Mass-Market,True,2,12,5.1056e-05,False
Arresting Auburn,Sherwin Williams,Mass-Market,False,2,16,4.2049999999999996e-06,False
Gauzy White,Sherwin Williams,Mass-Market,True,2,11,0.0001620725,False
Angora,Sherwin Williams,Mass-Market,False,1,6,3.89e-07,False
Temperate Taupe,Sherwin Williams,Mass-Market,True,2,15,1.2435e-06,False
Truly Taupe,Sherwin Williams,Mass-Market,True,2,11,3.72235e-05,False
Poised Taupe,Sherwin Williams,Mass-Market,True,2,12,1.5185e-06,False
Less Brown,Sherwin Williams,Mass-Market,True,2,10,0.00020549999999999998,False
Otter,Sherwin Williams,Mass-Market,False,1,5,2.34e-06,False
Hush White,Sherwin Williams,Mass-Market,True,2,10,0.000163475,False
Unfussy Beige,Sherwin Williams,Mass-Market,True,2,13,1.02685e-06,False
Doeskin,Sherwin Williams,Mass-Market,False,1,7,1.23e-08,False
Emerging Taupe,Sherwin Williams,Mass-Market,True,2,14,7.9235e-06,False
Swing Brown,Sherwin Williams,Mass-Market,True,2,11,6.195e-05,False
Hot Cocoa,Sherwin Williams,Mass-Market,False,2,9,7.4685e-05,False
Terra Brun,Sherwin Williams,Mass-Market,False,2,10,1.5445e-06,False
Gorgeous White,Sherwin Williams,Mass-Market,True,2,14,0.0001732,False
Abalone Shell,Sherwin Williams,Mass-Market,False,2,13,1.24785e-05,False
Sashay Sand,Sherwin Williams,Mass-Market,False,2,11,1.38085e-05,False
Sandbank,Sherwin Williams,Mass-Market,False,1,8,1.17e-07,False
Reddened Earth,Sherwin Williams,Mass-Market,False,2,14,5.75675e-05,False
Canyon Clay,Sherwin Williams,Mass-Market,False,2,11,1.431e-05,False
Fiery Brown,Sherwin Williams,Mass-Market,True,2,11,5.286e-05,False
Polite White,Sherwin Williams,Mass-Market,True,2,12,0.00016616,False
Malted Milk,Sherwin Williams,Mass-Market,False,2,11,2.2967e-05,False
Likeable Sand,Sherwin Williams,Mass-Market,False,2,13,1.4275e-05,False
Interface Tan,Sherwin Williams,Mass-Market,True,2,13,1.17e-05,False
Moroccan Brown,Sherwin Williams,Mass-Market,True,2,14,5.2475e-05,True
Tanbark,Sherwin Williams,Mass-Market,False,1,7,1.17e-08,False
Rugged Brown,Sherwin Williams,Mass-Market,True,2,12,5.299e-05,False
Nice White,Sherwin Williams,Mass-Market,True,2,10,0.000279,False
Reticence,Sherwin Williams,Mass-Market,False,1,9,3.98e-07,False
Bona Fide Beige,Sherwin Williams,Mass-Market,True,3,15,1.8966666666666666e-06,False
Sand Trap,Sherwin Williams,Mass-Market,False,2,9,2.4449999999999998e-05,False
Mocha,Sherwin Williams,Mass-Market,False,1,5,9.55e-07,False
Brevity Brown,Sherwin Williams,Mass-Market,True,2,13,5.1353999999999997e-05,False
French Roast,Sherwin Williams,Mass-Market,False,2,12,6.520500000000001e-05,True
Heron Plume,Sherwin Williams,Mass-Market,False,2,11,1.39e-06,False
Popular Gray,Sherwin Williams,Mass-Market,True,2,12,7.26e-05,False
Versatile Gray,Sherwin Williams,Mass-Market,True,2,14,1.6385e-05,False
Perfect Greige,Sherwin Williams,Mass-Market,False,2,14,7.9012e-05,False
Spalding Gray,Sherwin Williams,Mass-Market,True,2,13,1.4556000000000001e-05,False
Garret Gray,Sherwin Williams,Mass-Market,True,2,11,1.4497e-05,False
Turkish Coffee,Sherwin Williams,Mass-Market,False,2,14,4.575e-05,False
Everyday White,Sherwin Williams,Mass-Market,True,2,14,0.00017675000000000001,False
Realist Beige,Sherwin Williams,Mass-Market,True,2,13,1.91e-06,False
Diverse Beige,Sherwin Williams,Mass-Market,True,2,13,9.7e-06,False
Utterly Beige,Sherwin Williams,Mass-Market,True,2,13,6.2499999999999995e-06,False
Down Home,Sherwin Williams,Mass-Market,False,2,9,0.0007025,False
Cobble Brown,Sherwin Williams,Mass-Market,True,2,12,5.12625e-05,False
Sable,Sherwin Williams,Mass-Market,False,1,5,9.77e-07,False
Modest White,Sherwin Williams,Mass-Market,True,2,12,0.00016735,False
Simplify Beige,Sherwin Williams,Mass-Market,True,2,14,2.44e-06,False
Sand Dune,Sherwin Williams,Mass-Market,False,2,9,1.4705e-05,False
Trusty Tan,Sherwin Williams,Mass-Market,True,2,10,5.635e-06,False
Nuthatch,Sherwin Williams,Mass-Market,False,1,8,1e-07,False
Grounded,Sherwin Williams,Mass-Market,False,1,8,6.92e-06,False
Java,Sherwin Williams,Mass-Market,False,1,4,1e-05,False
Reliable White,Sherwin Williams,Mass-Market,True,2,14,0.00017175,False
Lightweight Beige,Sherwin Williams,Mass-Market,True,2,17,4.015e-06,False
Familiar Beige,Sherwin Williams,Mass-Market,True,2,14,2.135e-05,False
Sensational Sand,Sherwin Williams,Mass-Market,False,2,16,1.5405e-05,False
Toasty,Sherwin Williams,Mass-Market,False,1,6,5.25e-07,False
Jute Brown,Sherwin Williams,Mass-Market,True,2,10,5.13085e-05,False
Sturdy Brown,Sherwin Williams,Mass-Market,True,2,12,5.2375e-05,False
Pacer White,Sherwin Williams,Mass-Market,True,2,11,0.0001622565,False
Sand Dollar,Sherwin Williams,Mass-Market,False,2,11,3.32e-05,False
Practical Beige,Sherwin Williams,Mass-Market,True,2,15,1.61e-05,False
Sands of Time,Sherwin Williams,Mass-Market,False,3,13,0.00901882,False
Portabello,Sherwin Williams,Mass-Market,False,1,10,1.41e-08,False
Tea Chest,Sherwin Williams,Mass-Market,False,2,9,4.34e-05,False
Kaffee,Sherwin Williams,Mass-Market,False,1,6,4.68e-08,False
Divine White,Sherwin Williams,Mass-Market,True,2,12,0.0001707,False
Kilim Beige,Sherwin Williams,Mass-Market,True,2,11,1.03305e-06,False
Nomadic Desert,Sherwin Williams,Mass-Market,False,2,14,1.3225e-05,False
Latte,Sherwin Williams,Mass-Market,False,1,5,2e-06,False
Hopsack,Sherwin Williams,Mass-Market,False,1,7,0.0,False
Steady Brown,Sherwin Williams,Mass-Market,True,2,12,6.12e-05,False
Coconut Husk,Sherwin Williams,Mass-Market,False,2,12,4.141e-06,False
Biscuit,Sherwin Williams,Mass-Market,False,1,7,2.82e-06,False
Interactive Cream,Sherwin Williams,Mass-Market,True,2,17,2.66e-05,False
Bagel,Sherwin Williams,Mass-Market,False,1,5,1.51e-06,False
Totally Tan,Sherwin Williams,Mass-Market,True,2,11,3.8900000000000004e-05,False
Tatami Tan,Sherwin Williams,Mass-Market,True,2,10,5.1870000000000005e-06,False
Smokey Topaz,Sherwin Williams,Mass-Market,False,2,12,1.3005e-06,False
Leather Bound,Sherwin Williams,Mass-Market,False,2,13,2.56e-05,False
Antique White,Sherwin Williams,Mass-Market,True,2,13,0.00016562,False
Believable Buff,Sherwin Williams,Mass-Market,False,2,15,2.92e-06,False
Whole Wheat,Sherwin Williams,Mass-Market,False,2,11,0.0001491,False
Camelback,Sherwin Williams,Mass-Market,False,1,9,1.74e-07,False
Baguette,Sherwin Williams,Mass-Market,False,1,8,6.61e-07,False
Cardboard,Sherwin Williams,Mass-Market,False,1,9,4.57e-06,False
Craft Paper,Sherwin Williams,Mass-Market,False,2,11,6.85e-05,False
Navajo White,Sherwin Williams,Mass-Market,True,2,12,0.00016289,False
Ivoire,Sherwin Williams,Mass-Market,False,1,6,5.75e-07,False
Blonde,Sherwin Williams,Mass-Market,False,1,6,1.1e-05,False
Restrained Gold,Sherwin Williams,Mass-Market,True,2,15,7.5375e-05,False
Mannered Gold,Sherwin Williams,Mass-Market,True,2,13,7.455e-05,False
Chamois,Sherwin Williams,Mass-Market,False,1,7,2.95e-07,False
Relic Bronze,Sherwin Williams,Mass-Market,True,2,12,9.070000000000001e-06,False
Muslin,Sherwin Williams,Mass-Market,False,1,6,4.37e-07,False
Netsuke,Sherwin Williams,Mass-Market,False,1,7,5.01e-08,False
Ecru,Sherwin Williams,Mass-Market,False,1,4,6.31e-08,False
Harmonic Tan,Sherwin Williams,Mass-Market,True,2,12,6.17e-06,False
Burlap,Sherwin Williams,Mass-Market,False,1,6,4.9e-07,False
Artifact,Sherwin Williams,Mass-Market,False,1,8,2.57e-06,False
Mossy Gold,Sherwin Williams,Mass-Market,True,2,10,7.42185e-05,False
Moderate White,Sherwin Williams,Mass-Market,True,2,14,0.00017130000000000002,False
Softer Tan,Sherwin Williams,Mass-Market,True,2,10,6.835e-06,False
Macadamia,Sherwin Williams,Mass-Market,False,1,9,3.39e-07,False
Basket Beige,Sherwin Williams,Mass-Market,True,2,12,6.85e-06,False
Dapper Tan,Sherwin Williams,Mass-Market,True,2,10,5.5065000000000006e-06,False
Thatch Brown,Sherwin Williams,Mass-Market,True,2,12,5.12565e-05,False
Umber,Sherwin Williams,Mass-Market,True,1,5,2.45e-07,False
Panda White,Sherwin Williams,Mass-Market,True,2,11,0.00016423500000000002,False
Wool Skein,Sherwin Williams,Mass-Market,False,2,10,4.1745000000000004e-06,False
Relaxed Khaki,Sherwin Williams,Mass-Market,True,2,13,5.65e-06,False
Universal Khaki,Sherwin Williams,Mass-Market,True,2,15,1.6e-05,False
Quiver Tan,Sherwin Williams,Mass-Market,True,2,10,5.446e-06,False
Superior Bronze,Sherwin Williams,Mass-Market,True,2,15,2.23e-05,False
Protégé Bronze,Sherwin Williams,Mass-Market,True,2,14,8.1875e-06,False
Nacre,Sherwin Williams,Mass-Market,False,1,5,4.79e-08,False
Rice Grain,Sherwin Williams,Mass-Market,False,2,10,2.5300000000000002e-05,False
Ramie,Sherwin Williams,Mass-Market,False,1,5,4.17e-08,False
Favorite Tan,Sherwin Williams,Mass-Market,True,2,12,5.1750000000000004e-05,False
Sawdust,Sherwin Williams,Mass-Market,False,1,7,7.08e-07,False
High Tea,Sherwin Williams,Mass-Market,False,2,8,0.00030785,False
Best Bronze,Sherwin Williams,Mass-Market,True,2,11,0.0003539,False
Nonchalant White,Sherwin Williams,Mass-Market,True,2,16,0.000162275,False
Ancient Marble,Sherwin Williams,Mass-Market,False,2,14,2.851e-05,False
Grassland,Sherwin Williams,Mass-Market,False,1,9,1.1e-06,False
Svelte Sage,Sherwin Williams,Mass-Market,True,2,11,3.4629999999999997e-06,False
Connected Gray,Sherwin Williams,Mass-Market,True,2,14,3.805e-05,False
Eclipse,Sherwin Williams,Mass-Market,False,1,7,6.46e-06,False
Garden Gate,Sherwin Williams,Mass-Market,False,2,11,4.4200000000000004e-05,False
Moderne White,Sherwin Williams,Mass-Market,True,2,13,0.0001621775,False
Sedate Gray,Sherwin Williams,Mass-Market,True,2,11,1.43875e-05,False
Techno Gray,Sherwin Williams,Mass-Market,True,2,11,1.5645e-05,False
Chatroom,Sherwin Williams,Mass-Market,False,1,8,3.8e-07,False
Hardware,Sherwin Williams,Mass-Market,False,1,8,2e-05,False
Cocoon,Sherwin Williams,Mass-Market,False,1,6,1.2e-06,False
Andiron,Sherwin Williams,Mass-Market,False,1,7,0.0,False
Sagey,Sherwin Williams,Mass-Market,False,1,5,0.0,False
Liveable Green,Sherwin Williams,Mass-Market,True,2,14,6.765450000000001e-05,False
Softened Green,Sherwin Williams,Mass-Market,True,2,14,6.837e-05,False
Clary Sage,Sherwin Williams,Mass-Market,True,2,10,3.6815e-06,False
Artichoke,Sherwin Williams,Mass-Market,False,1,9,5.37e-07,False
Oakmoss,Sherwin Williams,Mass-Market,False,1,7,3.24e-08,False
Secret Garden,Sherwin Williams,Mass-Market,False,2,13,7.105e-05,False
Ethereal White,Sherwin Williams,Mass-Market,True,2,14,0.00016279,False
Conservative Gray,Sherwin Williams,Mass-Market,True,2,17,3.445e-05,False
Austere Gray,Sherwin Williams,Mass-Market,True,2,12,1.46e-05,False
Escape Gray,Sherwin Williams,Mass-Market,True,2,11,3.595e-05,False
Dried Thyme,Sherwin Williams,Mass-Market,False,2,11,6.085e-06,False
Rosemary,Sherwin Williams,Mass-Market,False,1,8,3.72e-06,False
Shade‐Grown,Sherwin Williams,Mass-Market,False,1,11,1.1e-05,False
Opaline,Sherwin Williams,Mass-Market,False,1,7,4.68e-08,False
Filmy Green,Sherwin Williams,Mass-Market,True,2,11,6.75675e-05,False
Contented,Sherwin Williams,Mass-Market,False,1,9,9.12e-07,False
Coastal Plain,Sherwin Williams,Mass-Market,False,2,13,2.12e-05,False
Privilege Green,Sherwin Williams,Mass-Market,True,2,15,7.54e-05,False
Basil,Sherwin Williams,Mass-Market,False,1,5,4.47e-06,False
Rock Garden,Sherwin Williams,Mass-Market,False,2,11,8.295e-05,False
Frosty White,Sherwin Williams,Mass-Market,True,2,12,0.00016279,False
Aloof Gray,Sherwin Williams,Mass-Market,True,2,10,1.4588500000000001e-05,False
Sensible Hue,Sherwin Williams,Mass-Market,False,2,12,6.3200000000000005e-06,False
Rare Gray,Sherwin Williams,Mass-Market,True,2,9,4.355e-05,False
Link Gray,Sherwin Williams,Mass-Market,True,2,9,6.295e-05,False
Thunderous,Sherwin Williams,Mass-Market,False,1,10,5.89e-07,False
Cast Iron,Sherwin Williams,Mass-Market,False,2,9,5.8349999999999995e-05,False
Spare White,Sherwin Williams,Mass-Market,True,2,11,0.00017155,False
Sea Salt,Sherwin Williams,Mass-Market,False,2,8,7.74e-05,False
Comfort Gray,Sherwin Williams,Mass-Market,True,2,12,2.695e-05,False
Oyster Bay,Sherwin Williams,Mass-Market,False,2,10,2.8584999999999998e-05,False
Retreat,Sherwin Williams,Mass-Market,False,1,7,1.35e-05,False
Pewter Green,Sherwin Williams,Mass-Market,True,2,12,6.78015e-05,False
Ripe Olive,Sherwin Williams,Mass-Market,True,2,10,8.49e-06,False
Window Pane,Sherwin Williams,Mass-Market,False,2,11,3.2165e-05,False
Rainwashed,Sherwin Williams,Mass-Market,False,1,10,0.0,False
Quietude,Sherwin Williams,Mass-Market,False,1,8,7.41e-08,False
Halcyon Green,Sherwin Williams,Mass-Market,True,2,13,6.77235e-05,False
Underseas,Sherwin Williams,Mass-Market,False,1,9,0.0,False
Rocky River,Sherwin Williams,Mass-Market,False,2,11,6.075e-05,False
Jasper,Sherwin Williams,Mass-Market,False,1,6,3.89e-06,False
Topsail,Sherwin Williams,Mass-Market,False,1,7,1.51e-07,False
Tradewind,Sherwin Williams,Mass-Market,False,1,9,2.34e-08,False
Rain,Sherwin Williams,Mass-Market,False,1,4,5.13e-05,False
Interesting Aqua,Sherwin Williams,Mass-Market,False,2,16,5.1345000000000004e-05,False
Moody Blue,Sherwin Williams,Mass-Market,True,2,10,7.0005e-05,False
Riverway,Sherwin Williams,Mass-Market,False,1,8,2.14e-08,False
Still Water,Sherwin Williams,Mass-Market,False,2,11,0.0005815,False
Mountain Air,Sherwin Williams,Mass-Market,False,2,12,0.00014385,False
Sleepy Blue,Sherwin Williams,Mass-Market,True,2,11,6.9895e-05,False
Languid Blue,Sherwin Williams,Mass-Market,True,2,12,6.76735e-05,False
Meditative,Sherwin Williams,Mass-Market,False,1,10,7.24e-07,False
Refuge,Sherwin Williams,Mass-Market,False,1,6,8.13e-06,False
Tempe Star,Sherwin Williams,Mass-Market,False,2,10,7.801e-05,False
Rainstorm,Sherwin Williams,Mass-Market,False,1,9,4.17e-07,False
Rock Candy,Sherwin Williams,Mass-Market,False,2,10,6.324999999999999e-05,False
Misty,Sherwin Williams,Mass-Market,False,1,5,2.45e-06,False
Samovar Silver,Sherwin Williams,Mass-Market,True,2,14,3.233795e-05,False
Uncertain Gray,Sherwin Williams,Mass-Market,True,2,14,1.8985000000000002e-05,False
Foggy Day,Sherwin Williams,Mass-Market,False,2,9,0.000446275,False
Grays Harbor,Sherwin Williams,Mass-Market,False,2,12,7.388e-06,False
Dark Night,Sherwin Williams,Mass-Market,False,2,10,0.0002585,False
Icicle,Sherwin Williams,Mass-Market,False,1,6,2.69e-07,False
Upward,Sherwin Williams,Mass-Market,False,1,6,5.13e-06,False
Windy Blue,Sherwin Williams,Mass-Market,True,2,10,6.936e-05,False
Aleutian,Sherwin Williams,Mass-Market,False,1,8,3.16e-07,False
Bracing Blue,Sherwin Williams,Mass-Market,True,2,12,6.816e-05,False
Distance,Sherwin Williams,Mass-Market,False,1,8,7.08e-05,False
Naval,Sherwin Williams,Mass-Market,False,1,5,1.74e-05,False
Quicksilver,Sherwin Williams,Mass-Market,False,1,11,7.24e-07,False
North Star,Sherwin Williams,Mass-Market,False,2,10,0.000187,False
Krypton,Sherwin Williams,Mass-Market,False,1,7,5.89e-07,False
Jubilee,Sherwin Williams,Mass-Market,False,1,7,2.75e-06,False
Storm Cloud,Sherwin Williams,Mass-Market,False,2,11,3.725e-05,False
Granite Peak,Sherwin Williams,Mass-Market,False,2,12,2.0569999999999998e-05,False
Outerspace,Sherwin Williams,Mass-Market,False,1,10,4.68e-08,False
Ice Cube,Sherwin Williams,Mass-Market,False,2,8,5.3305000000000005e-05,False
Olympus White,Sherwin Williams,Mass-Market,True,2,13,0.00016289,False
Lazy Gray,Sherwin Williams,Mass-Market,True,2,9,2.28e-05,False
Morning Fog,Sherwin Williams,Mass-Market,False,2,11,0.00011097,False
Serious Gray,Sherwin Williams,Mass-Market,True,2,12,7.71e-05,False
Gibraltar,Sherwin Williams,Mass-Market,False,1,9,2.24e-06,False
Tricorn Black,Sherwin Williams,Mass-Market,True,2,13,0.000144019,False
Spatial White,Sherwin Williams,Mass-Market,True,2,13,0.000164875,False
Unique Gray,Sherwin Williams,Mass-Market,True,2,11,4.2199999999999996e-05,False
Swanky Gray,Sherwin Williams,Mass-Market,True,2,11,1.4323500000000001e-05,False
Mysterious Mauve,Sherwin Williams,Mass-Market,True,2,16,7.6565e-06,False
Exclusive Plum,Sherwin Williams,Mass-Market,True,2,14,1.9925e-05,False
Midnight,Sherwin Williams,Mass-Market,False,1,8,2.04e-05,False
Quixotic Plum,Sherwin Williams,Mass-Market,True,2,13,1.882e-06,False
Sensitive Tint,Sherwin Williams,Mass-Market,False,2,14,1.523e-05,False
Veiled Violet,Sherwin Williams,Mass-Market,True,2,13,4.37e-06,False
Beguiling Mauve,Sherwin Williams,Mass-Market,True,2,15,4.34e-07,False
Soulmate,Sherwin Williams,Mass-Market,False,1,8,8.32e-07,False
Expressive Plum,Sherwin Williams,Mass-Market,True,2,15,3.1199999999999998e-06,False
Plum Brown,Sherwin Williams,Mass-Market,True,2,10,5.2775e-05,False
Destiny,Sherwin Williams,Mass-Market,False,1,7,1.55e-05,False
Fashionable Gray,Sherwin Williams,Mass-Market,True,2,16,1.6335000000000002e-05,False
Mystical Shade,Sherwin Williams,Mass-Market,False,2,14,9.024999999999999e-06,False
Special Gray,Sherwin Williams,Mass-Market,True,2,12,0.0001236,False
Cloak Gray,Sherwin Williams,Mass-Market,True,2,10,1.596e-05,False
Black Swan,Sherwin Williams,Mass-Market,True,2,10,0.00014746,False
Wallflower,Sherwin Williams,Mass-Market,False,1,10,3.16e-07,False
Mauve Finery,Sherwin Williams,Mass-Market,True,2,12,4.005e-07,False
Thistle,Sherwin Williams,Mass-Market,False,1,7,1.74e-06,False
Plum Dandy,Sherwin Williams,Mass-Market,True,2,10,2.665e-06,False
Grape Harvest,Sherwin Williams,Mass-Market,False,2,13,7.855e-06,False
Mature Grape,Sherwin Williams,Mass-Market,False,2,12,1.2055e-05,False
Rosebud,Sherwin Williams,Mass-Market,False,1,7,5.75e-07,False
Delightful,Sherwin Williams,Mass-Market,False,1,10,5.89e-06,False
Rosé,Sherwin Williams,Mass-Market,False,1,4,5.75e-07,False
Moss Rose,Sherwin Williams,Mass-Market,True,2,9,3.693e-05,False
Berry Bush,Sherwin Williams,Mass-Market,False,2,10,2.0115e-05,False
Fabulous Grape,Sherwin Williams,Mass-Market,False,2,14,8.505e-06,False
Demure,Sherwin Williams,Mass-Market,False,1,6,3.63e-07,False
Fading Rose,Sherwin Williams,Mass-Market,True,2,11,3.5084999999999994e-05,False
Rose Embroidery,Sherwin Williams,Mass-Market,True,2,15,3.3919999999999994e-05,False
Concerto,Sherwin Williams,Mass-Market,False,1,8,1.82e-06,False
Aged Wine,Sherwin Williams,Mass-Market,False,2,9,4.33e-05,False
Burgundy,Sherwin Williams,Mass-Market,True,1,8,2.88e-06,False
Innocence,Sherwin Williams,Mass-Market,False,1,9,6.76e-06,False
Rose Colored,Sherwin Williams,Mass-Market,True,2,12,4.0799999999999996e-05,False
Pressed Flower,Sherwin Williams,Mass-Market,False,2,14,1.975e-05,False
Rambling Rose,Sherwin Williams,Mass-Market,True,2,13,3.386e-05,False
Cordial,Sherwin Williams,Mass-Market,False,1,7,1.26e-06,False
Fine Wine,Sherwin Williams,Mass-Market,False,2,9,0.00011250000000000001,False
Charming Pink,Sherwin Williams,Mass-Market,True,2,13,2.24e-05,False
Lotus Flower,Sherwin Williams,Mass-Market,False,2,12,1.5234999999999999e-05,False
Memorable Rose,Sherwin Williams,Mass-Market,True,2,14,3.7715e-05,False
Redbud,Sherwin Williams,Mass-Market,False,1,6,6.03e-08,False
Kirsch Red,Sherwin Williams,Mass-Market,True,2,10,0.000104641,False
Luxurious Red,Sherwin Williams,Mass-Market,True,2,13,0.00010627500000000001,False
Rosy Outlook,Sherwin Williams,Mass-Market,False,2,12,6.805e-06,False
Gracious Rose,Sherwin Williams,Mass-Market,True,2,13,3.4995e-05,False
Resounding Rose,Sherwin Williams,Mass-Market,True,2,15,3.3585e-05,False
Reddish,Sherwin Williams,Mass-Market,False,1,7,2.45e-06,False
Bravado Red,Sherwin Williams,Mass-Market,True,2,11,0.0001048155,False
Red Bay,Sherwin Williams,Mass-Market,True,2,7,0.00013135,False
Intimate White,Sherwin Williams,Mass-Market,True,2,14,0.00016775,False
Romance,Sherwin Williams,Mass-Market,False,1,7,2.09e-05,False
Mellow Coral,Sherwin Williams,Mass-Market,True,2,12,4.665e-06,False
Constant Coral,Sherwin Williams,Mass-Market,True,2,14,2.097e-05,False
Henna Shade,Sherwin Williams,Mass-Market,False,2,11,7.596e-06,False
Bold Brick,Sherwin Williams,Mass-Market,False,2,10,1.7999999999999997e-05,False
Fireweed,Sherwin Williams,Mass-Market,False,1,8,4.27e-08,False
Faint Coral,Sherwin Williams,Mass-Market,True,2,11,6.635e-06,False
Quaint Peche,Sherwin Williams,Mass-Market,False,2,12,9.545e-07,False
Smoky Salmon,Sherwin Williams,Mass-Market,True,2,12,6.17e-06,False
Coral Island,Sherwin Williams,Mass-Market,True,2,12,5.462e-05,False
Foxy,Sherwin Williams,Mass-Market,False,1,4,1e-06,False
Flower Pot,Sherwin Williams,Mass-Market,False,2,10,2.57e-05,False
Fired Brick,Sherwin Williams,Mass-Market,False,2,11,3.025e-05,False
Nearly Peach,Sherwin Williams,Mass-Market,True,2,12,5.2945e-05,False
Spun Sugar,Sherwin Williams,Mass-Market,False,2,10,2.629e-05,False
Warming Peach,Sherwin Williams,Mass-Market,True,2,13,8.545e-06,False
Persimmon,Sherwin Williams,Mass-Market,False,1,9,3.47e-07,False
Baked Clay,Sherwin Williams,Mass-Market,False,2,10,1.391e-05,False
Red Cent,Sherwin Williams,Mass-Market,True,2,8,0.0001383,False
Spicy Hue,Sherwin Williams,Mass-Market,False,2,9,4.7e-06,False
Alluring White,Sherwin Williams,Mass-Market,True,2,14,0.000162525,False
Peach Fuzz,Sherwin Williams,Mass-Market,True,2,10,3.52e-06,False
Sumptuous Peach,Sherwin Williams,Mass-Market,True,2,15,3.4700000000000002e-06,False
Fame Orange,Sherwin Williams,Mass-Market,True,2,11,3.18e-05,False
Chrysanthemum,Sherwin Williams,Mass-Market,False,1,13,3.72e-07,False
Reynard,Sherwin Williams,Mass-Market,False,1,7,2.4e-07,False
Pennywise,Sherwin Williams,Mass-Market,False,1,9,2.19e-07,False
Intricate Ivory,Sherwin Williams,Mass-Market,True,2,15,5.315e-06,False
Sweet Orange,Sherwin Williams,Mass-Market,True,2,12,6.15e-05,False
Soft Apricot,Sherwin Williams,Mass-Market,False,2,12,2.44275e-05,False
Chivalry Copper,Sherwin Williams,Mass-Market,True,2,15,9.9e-06,False
Armagnac,Sherwin Williams,Mass-Market,False,1,8,1.29e-07,False
Truepenny,Sherwin Williams,Mass-Market,False,1,9,0.0,False
Copper Mountain,Sherwin Williams,Mass-Market,True,2,15,3.615e-05,False
Choice Cream,Sherwin Williams,Mass-Market,True,2,12,8.085e-05,False
Creamery,Sherwin Williams,Mass-Market,False,1,8,4.68e-07,False
Sociable,Sherwin Williams,Mass-Market,False,1,8,9.33e-07,False
Folksy Gold,Sherwin Williams,Mass-Market,True,2,11,7.41345e-05,False
Autumnal,Sherwin Williams,Mass-Market,False,1,8,5.75e-07,False
Tigereye,Sherwin Williams,Mass-Market,False,1,8,0.0,False
Gingery,Sherwin Williams,Mass-Market,False,1,7,4.57e-08,False
Eggwhite,Sherwin Williams,Mass-Market,False,1,8,0.0,False
Cachet Cream,Sherwin Williams,Mass-Market,True,2,12,2.09785e-05,False
Ambitious Amber,Sherwin Williams,Mass-Market,True,2,15,9.12e-06,False
Viva Gold,Sherwin Williams,Mass-Market,True,2,9,7.5095e-05,False
Bakelite Gold,Sherwin Williams,Mass-Market,True,2,13,7.41095e-05,False
Tassel,Sherwin Williams,Mass-Market,False,1,6,4.9e-07,False
Saucy Gold,Sherwin Williams,Mass-Market,True,2,10,7.4397e-05,False
Vanillin,Sherwin Williams,Mass-Market,False,1,8,8.13e-08,False
Inviting Ivory,Sherwin Williams,Mass-Market,True,2,14,7.16e-06,False
Harvester,Sherwin Williams,Mass-Market,False,1,9,7.41e-07,False
Torchlight,Sherwin Williams,Mass-Market,False,1,10,2.75e-07,False
Honeycomb,Sherwin Williams,Mass-Market,False,1,9,8.71e-07,False
Gold Coast,Sherwin Williams,Mass-Market,True,2,10,0.00011104999999999999,False
Butterscotch,Sherwin Williams,Mass-Market,False,1,12,3.89e-07,False
Crisp Linen,Sherwin Williams,Mass-Market,False,2,11,4.540000000000001e-06,False
Jersey Cream,Sherwin Williams,Mass-Market,True,2,12,4.37e-05,False
Humble Gold,Sherwin Williams,Mass-Market,True,2,11,8.044999999999999e-05,False
Anjou Pear,Sherwin Williams,Mass-Market,False,2,10,1.661e-06,False
Ceremonial Gold,Sherwin Williams,Mass-Market,True,2,15,7.5545e-05,False
Golden Rule,Sherwin Williams,Mass-Market,True,2,11,6.695e-05,False
Cut the Mustard,Sherwin Williams,Mass-Market,True,3,15,0.017959633333333332,False
Dover White,Sherwin Williams,Mass-Market,True,2,11,0.00016386000000000002,False
Napery,Sherwin Williams,Mass-Market,False,1,6,1.05e-08,False
Compatible Cream,Sherwin Williams,Mass-Market,True,2,16,2.5515e-05,False
Golden Fleece,Sherwin Williams,Mass-Market,True,2,13,2.4545e-05,False
Butternut,Sherwin Williams,Mass-Market,False,1,9,4.57e-07,False
Bosc Pear,Sherwin Williams,Mass-Market,False,2,9,1.5104e-06,False
Gallant Gold,Sherwin Williams,Mass-Market,True,2,12,7.481e-05,False
Vital Yellow,Sherwin Williams,Mass-Market,True,2,12,3.65e-05,False
Convivial Yellow,Sherwin Williams,Mass-Market,True,2,16,2.46225e-05,False
Sequin,Sherwin Williams,Mass-Market,False,1,6,3.63e-07,False
Alchemy,Sherwin Williams,Mass-Market,False,1,7,1.62e-06,False
Different Gold,Sherwin Williams,Mass-Market,True,2,14,0.0002685,False
Nankeen,Sherwin Williams,Mass-Market,False,1,7,1.58e-08,False
Sconce Gold,Sherwin Williams,Mass-Market,True,2,11,7.40535e-05,False
Chamomile,Sherwin Williams,Mass-Market,False,1,9,4.17e-07,False
Lucent Yellow,Sherwin Williams,Mass-Market,True,2,13,2.46815e-05,False
Independent Gold,Sherwin Williams,Mass-Market,True,2,16,0.00011654999999999999,False
Antiquity,Sherwin Williams,Mass-Market,False,1,9,2.69e-06,False
Escapade Gold,Sherwin Williams,Mass-Market,True,2,13,7.41655e-05,False
Grandiose,Sherwin Williams,Mass-Market,False,1,9,9.33e-07,False
Fervent Brass,Sherwin Williams,Mass-Market,False,2,13,6.1499999999999996e-06,False
Ionic Ivory,Sherwin Williams,Mass-Market,True,2,11,4.35e-06,False
Ancestral Gold,Sherwin Williams,Mass-Market,True,2,14,7.534499999999999e-05,False
Wheat Grass,Sherwin Williams,Mass-Market,False,2,11,1.7100000000000002e-05,False
Edgy Gold,Sherwin Williams,Mass-Market,True,2,9,7.5225e-05,False
Brassy,Sherwin Williams,Mass-Market,False,1,6,2.34e-07,False
Bengal Grass,Sherwin Williams,Mass-Market,False,2,12,1.4395e-05,False
Eminent Bronze,Sherwin Williams,Mass-Market,True,2,14,9.715000000000001e-06,False
Restoration Ivory,Sherwin Williams,Mass-Market,True,2,17,9.990000000000001e-06,False
Rice Paddy,Sherwin Williams,Mass-Market,False,2,10,1.9835000000000002e-05,False
Hearts of Palm,Sherwin Williams,Mass-Market,False,3,14,0.0083815,False
Sassy Green,Sherwin Williams,Mass-Market,True,2,11,6.831e-05,False
Tupelo Tree,Sherwin Williams,Mass-Market,False,2,11,3.5599e-05,False
Rural Green,Sherwin Williams,Mass-Market,True,2,11,8.695e-05,False
Saguaro,Sherwin Williams,Mass-Market,False,1,7,1.32e-07,False
Queen Anne's Lace,Sherwin Williams,Mass-Market,False,3,17,2.6583666666666668e-05,False
Celery,Sherwin Williams,Mass-Market,False,1,6,2.09e-06,False
Shagreen,Sherwin Williams,Mass-Market,False,1,8,3.39e-08,False
Ryegrass,Sherwin Williams,Mass-Market,False,1,8,9.77e-08,False
Tansy Green,Sherwin Williams,Mass-Market,True,2,11,6.7574e-05,False
Relentless Olive,Sherwin Williams,Mass-Market,True,2,16,7.77e-06,False
Basque Green,Sherwin Williams,Mass-Market,True,2,12,6.8255e-05,False
Sprout,Sherwin Williams,Mass-Market,False,1,6,1.29e-06,False
Honeydew,Sherwin Williams,Mass-Market,False,1,8,2.51e-07,False
Baize Green,Sherwin Williams,Mass-Market,True,2,11,6.753380000000001e-05,False
Great Green,Sherwin Williams,Mass-Market,True,2,11,0.000447,False
Leapfrog,Sherwin Williams,Mass-Market,False,1,8,3.72e-07,False
Garden Spot,Sherwin Williams,Mass-Market,False,2,11,6.825e-05,False
Inverness,Sherwin Williams,Mass-Market,False,1,9,2e-06,False
Spinach White,Sherwin Williams,Mass-Market,True,2,13,0.00016351,False
Gratifying Green,Sherwin Williams,Mass-Market,True,2,16,6.8085e-05,False
Bonsai Tint,Sherwin Williams,Mass-Market,False,2,11,1.1385e-06,False
Haven,Sherwin Williams,Mass-Market,False,1,5,1.35e-05,False
Dill,Sherwin Williams,Mass-Market,False,1,4,1.29e-06,False
Greenfield,Sherwin Williams,Mass-Market,False,1,10,1.45e-06,False
Courtyard,Sherwin Williams,Mass-Market,False,1,9,4.47e-06,False
White Mint,Sherwin Williams,Mass-Market,True,2,10,0.00016616,False
Supreme Green,Sherwin Williams,Mass-Market,True,2,13,9.2e-05,False
Relish,Sherwin Williams,Mass-Market,False,1,6,2.09e-06,False
Lounge Green,Sherwin Williams,Mass-Market,True,2,12,7.166e-05,False
Garden Grove,Sherwin Williams,Mass-Market,False,2,12,3.3805e-05,False
Arugula,Sherwin Williams,Mass-Market,False,1,7,2.88e-07,False
Evergreens,Sherwin Williams,Mass-Market,False,1,10,2.14e-07,False
Topiary Tint,Sherwin Williams,Mass-Market,False,2,12,9.3e-07,False
Easy Green,Sherwin Williams,Mass-Market,True,2,10,0.000165,False
Nurture Green,Sherwin Williams,Mass-Market,True,2,13,6.852e-05,False
Inland,Sherwin Williams,Mass-Market,False,1,6,6.76e-06,False
Cilantro,Sherwin Williams,Mass-Market,False,1,8,7.76e-07,False
Shamrock,Sherwin Williams,Mass-Market,False,1,8,7.41e-07,False
Fleeting Green,Sherwin Williams,Mass-Market,True,2,14,6.8545e-05,False
Slow Green,Sherwin Williams,Mass-Market,True,2,10,0.00010290000000000001,False
Kind Green,Sherwin Williams,Mass-Market,True,2,10,0.00020850000000000003,False
Restful,Sherwin Williams,Mass-Market,False,1,7,5.62e-07,False
Jadite,Sherwin Williams,Mass-Market,False,1,6,0.0,False
Kale Green,Sherwin Williams,Mass-Market,True,2,10,6.87e-05,False
Isle of Pines,Sherwin Williams,Mass-Market,False,3,13,0.008369836666666667,False
Green Trance,Sherwin Williams,Mass-Market,True,2,12,6.9045e-05,False
Breaktime,Sherwin Williams,Mass-Market,False,1,9,1.74e-08,False
Aloe,Sherwin Williams,Mass-Market,False,1,4,1.15e-06,False
Spearmint,Sherwin Williams,Mass-Market,False,1,9,2.09e-07,False
Grandview,Sherwin Williams,Mass-Market,False,1,9,3.02e-07,False
Kendal Green,Sherwin Williams,Mass-Market,True,2,12,6.7838e-05,False
Hunt Club,Sherwin Williams,Mass-Market,False,2,9,9.444999999999999e-05,False
Waterscape,Sherwin Williams,Mass-Market,False,1,10,2.04e-08,False
Hazel,Sherwin Williams,Mass-Market,False,1,5,3.47e-06,False
Composed,Sherwin Williams,Mass-Market,False,1,8,1.86e-05,False
Surf Green,Sherwin Williams,Mass-Market,True,2,10,7.112e-05,False
Raging Sea,Sherwin Williams,Mass-Market,False,2,10,5.9735e-05,False
Country Squire,Sherwin Williams,Mass-Market,False,2,14,0.000151955,False
Glimmer,Sherwin Williams,Mass-Market,False,1,7,1.29e-06,False
Tidewater,Sherwin Williams,Mass-Market,False,1,9,3.8e-07,False
Watery,Sherwin Williams,Mass-Market,False,1,6,1.55e-06,False
Drizzle,Sherwin Williams,Mass-Market,False,1,7,1.41e-06,False
Lagoon,Sherwin Williams,Mass-Market,False,1,6,2.69e-06,False
Green Bay,Sherwin Williams,Mass-Market,True,2,9,9.435e-05,False
Cape Verde,Sherwin Williams,Mass-Market,False,2,10,1.0975e-05,False
Meander Blue,Sherwin Williams,Mass-Market,True,2,12,6.7745e-05,False
Raindrop,Sherwin Williams,Mass-Market,False,1,8,2.09e-07,False
Reflecting Pool,Sherwin Williams,Mass-Market,False,2,15,2.7655e-05,False
Cloudburst,Sherwin Williams,Mass-Market,False,1,10,6.92e-08,False
Grand Canal,Sherwin Williams,Mass-Market,False,2,11,4.895e-05,False
Really Teal,Sherwin Williams,Mass-Market,True,2,11,0.00046739000000000004,False
Open Air,Sherwin Williams,Mass-Market,False,2,8,0.000268,False
Jetstream,Sherwin Williams,Mass-Market,False,1,9,1e-07,False
Ebbtide,Sherwin Williams,Mass-Market,False,1,7,0.0,False
Lakeshore,Sherwin Williams,Mass-Market,False,1,9,5.01e-07,False
Great Falls,Sherwin Williams,Mass-Market,False,2,11,0.00040085,False
Oceanside,Sherwin Williams,Mass-Market,False,1,9,4.68e-07,False
Blue Horizon,Sherwin Williams,Mass-Market,True,2,12,7.335e-05,False
Byte Blue,Sherwin Williams,Mass-Market,True,2,9,6.8205e-05,False
Stream,Sherwin Williams,Mass-Market,False,1,6,4.17e-05,False
Open Seas,Sherwin Williams,Mass-Market,False,2,9,0.000155255,False
Manitou Blue,Sherwin Williams,Mass-Market,True,2,12,6.76225e-05,False
Loch Blue,Sherwin Williams,Mass-Market,True,2,9,6.891e-05,False
Bosporus,Sherwin Williams,Mass-Market,False,1,8,1.23e-07,False
Sky High,Sherwin Williams,Mass-Market,False,2,8,0.00030725,False
Atmospheric,Sherwin Williams,Mass-Market,False,1,11,6.92e-06,False
Vast Sky,Sherwin Williams,Mass-Market,False,2,8,4.17e-05,False
Resolute Blue,Sherwin Williams,Mass-Market,True,2,13,6.816e-05,False
Secure Blue,Sherwin Williams,Mass-Market,True,2,11,8.935e-05,False
Georgian Bay,Sherwin Williams,Mass-Market,False,2,12,2.847e-05,False
Loyal Blue,Sherwin Williams,Mass-Market,True,2,10,7.54e-05,False
Snowdrop,Sherwin Williams,Mass-Market,False,1,8,1.66e-07,False
Balmy,Sherwin Williams,Mass-Market,False,1,5,5.01e-07,False
Take Five,Sherwin Williams,Mass-Market,False,2,9,0.000557,False
Respite,Sherwin Williams,Mass-Market,False,1,7,1.51e-06,False
Leisure Blue,Sherwin Williams,Mass-Market,True,2,12,7.166e-05,False
Down Pour,Sherwin Williams,Mass-Market,False,2,9,0.0003858,False
Regatta,Sherwin Williams,Mass-Market,False,1,7,7.41e-07,False
Hinting Blue,Sherwin Williams,Mass-Market,True,2,12,6.813e-05,False
Honest Blue,Sherwin Williams,Mass-Market,True,2,11,9.435e-05,False
Notable Hue,Sherwin Williams,Mass-Market,False,2,11,7.3949999999999995e-06,False
Sporty Blue,Sherwin Williams,Mass-Market,True,2,11,6.813e-05,False
Denim,Sherwin Williams,Mass-Market,False,1,5,3.31e-06,False
Commodore,Sherwin Williams,Mass-Market,False,1,9,2.34e-06,False
Rarified Air,Sherwin Williams,Mass-Market,False,2,12,0.00011704355,False
Icelandic,Sherwin Williams,Mass-Market,False,1,9,1.82e-06,False
Blissful Blue,Sherwin Williams,Mass-Market,True,2,13,6.8e-05,False
Cosmos,Sherwin Williams,Mass-Market,False,1,6,3.24e-06,False
Scanda,Sherwin Williams,Mass-Market,False,1,6,0.0,False
Revel Blue,Sherwin Williams,Mass-Market,True,2,10,6.8145e-05,False
Indigo,Sherwin Williams,Mass-Market,True,1,6,2.04e-06,False
Mild Blue,Sherwin Williams,Mass-Market,True,2,9,7.395e-05,False
Icy,Sherwin Williams,Mass-Market,False,1,3,3.47e-06,False
Solitude,Sherwin Williams,Mass-Market,False,1,8,2.63e-06,False
Searching Blue,Sherwin Williams,Mass-Market,True,2,14,7.895e-05,False
Luxe Blue,Sherwin Williams,Mass-Market,True,2,9,6.79885e-05,False
Dignified,Sherwin Williams,Mass-Market,False,1,9,1.91e-06,False
Starry Night,Sherwin Williams,Mass-Market,False,2,12,0.000204205,False
Daydream,Sherwin Williams,Mass-Market,False,1,8,9.55e-07,False
Vesper Violet,Sherwin Williams,Mass-Market,True,2,13,3.601e-06,False
Soulful Blue,Sherwin Williams,Mass-Market,True,2,12,6.8175e-05,False
Mesmerize,Sherwin Williams,Mass-Market,False,1,9,9.33e-08,False
Majestic Purple,Sherwin Williams,Mass-Market,True,2,15,1.2309999999999999e-05,False
Silver Peony,Sherwin Williams,Mass-Market,True,2,12,3.2486e-05,False
Grape Mist,Sherwin Williams,Mass-Market,False,2,10,4.845e-06,False
Ash Violet,Sherwin Williams,Mass-Market,True,2,10,1.071e-05,False
Mythical,Sherwin Williams,Mass-Market,False,1,8,2.75e-06,False
Purple Passage,Sherwin Williams,Mass-Market,True,2,14,1.975e-05,False
Dewberry,Sherwin Williams,Mass-Market,False,1,8,8.71e-08,False
Lite Lavender,Sherwin Williams,Mass-Market,True,2,13,3.0700000000000003e-06,False
Enchant,Sherwin Williams,Mass-Market,False,1,7,3.72e-07,False
Obi Lilac,Sherwin Williams,Mass-Market,True,2,9,1.765e-06,False
Wood Violet,Sherwin Williams,Mass-Market,True,2,11,3.361e-05,False
Plummy,Sherwin Williams,Mass-Market,False,1,6,5.13e-08,False
Concord Grape,Sherwin Williams,Mass-Market,False,2,13,3.98e-06,False
Teaberry,Sherwin Williams,Mass-Market,False,1,8,0.0,False
Irresistible,Sherwin Williams,Mass-Market,False,1,12,2.95e-06,False
Rosebay,Sherwin Williams,Mass-Market,False,1,7,1.38e-08,False
Red Clover,Sherwin Williams,Mass-Market,True,2,10,0.00010564500000000001,False
Grandeur Plum,Sherwin Williams,Mass-Market,True,2,13,2.605e-06,False
Framboise,Sherwin Williams,Mass-Market,False,1,9,3.55e-08,False
Lighthearted Pink,Sherwin Williams,Mass-Market,True,2,17,1.6912e-05,False
Childlike,Sherwin Williams,Mass-Market,False,1,9,8.71e-07,False
Haute Pink,Sherwin Williams,Mass-Market,True,2,10,1.734e-05,False
Cyclamen,Sherwin Williams,Mass-Market,False,1,8,1.23e-07,False
Ruby Shade,Sherwin Williams,Mass-Market,False,2,10,1.2025000000000001e-05,False
Juneberry,Sherwin Williams,Mass-Market,False,1,9,0.0,False
Priscilla,Sherwin Williams,Mass-Market,False,1,9,1.32e-06,False
Azalea Flower,Sherwin Williams,Mass-Market,False,2,13,1.371e-05,False
Jaipur Pink,Sherwin Williams,Mass-Market,True,2,11,1.7179999999999998e-05,False
Tuberose,Sherwin Williams,Mass-Market,False,1,8,4.37e-08,False
Gala Pink,Sherwin Williams,Mass-Market,True,2,9,1.889e-05,False
Cerise,Sherwin Williams,Mass-Market,False,1,6,1.2e-07,False
Impatiens Petal,Sherwin Williams,Mass-Market,False,2,15,5.9355e-07,False
In the Pink,Sherwin Williams,Mass-Market,True,3,11,0.024111033333333334,False
Cheery,Sherwin Williams,Mass-Market,False,1,6,1.02e-06,False
Coming up Roses,Sherwin Williams,Mass-Market,False,3,15,0.0009037333333333334,False
Heartfelt,Sherwin Williams,Mass-Market,False,1,9,2.51e-06,False
Valentine,Sherwin Williams,Mass-Market,False,1,9,5.89e-06,False
Alyssum,Sherwin Williams,Mass-Market,False,1,7,4.17e-08,False
Loveable,Sherwin Williams,Mass-Market,False,1,8,5.62e-07,False
Amaryllis,Sherwin Williams,Mass-Market,False,1,9,1.38e-07,False
Grenadine,Sherwin Williams,Mass-Market,False,1,9,1.2e-07,False
Coral Bells,Sherwin Williams,Mass-Market,True,2,11,7.59e-06,False
Poinsettia,Sherwin Williams,Mass-Market,False,1,10,1.32e-07,False
Bella Pink,Sherwin Williams,Mass-Market,True,2,10,1.9299999999999998e-05,False
Hopeful,Sherwin Williams,Mass-Market,False,1,7,6.17e-06,False
Dishy Coral,Sherwin Williams,Mass-Market,True,2,11,3.65015e-06,False
Begonia,Sherwin Williams,Mass-Market,False,1,7,1.35e-07,False
Enticing Red,Sherwin Williams,Mass-Market,True,2,12,0.00010516,False
Tanager,Sherwin Williams,Mass-Market,False,1,7,8.51e-08,False
Oleander,Sherwin Williams,Mass-Market,False,1,8,1.51e-07,False
Youthful Coral,Sherwin Williams,Mass-Market,True,2,14,5.52e-06,False
Charisma,Sherwin Williams,Mass-Market,False,1,8,2.19e-06,False
Coral Reef,Sherwin Williams,Mass-Market,True,2,10,7e-06,False
Red Tomato,Sherwin Williams,Mass-Market,True,2,10,0.00010804,False
Rave Red,Sherwin Williams,Mass-Market,True,2,8,0.000106155,False
Koral Kicks,Sherwin Williams,Mass-Market,False,2,11,5.8637499999999996e-06,False
Jovial,Sherwin Williams,Mass-Market,False,1,6,5.5e-07,False
Ravishing Coral,Sherwin Williams,Mass-Market,True,2,15,3.865e-06,False
Lei Flower,Sherwin Williams,Mass-Market,False,2,10,1.3889999999999999e-05,False
Quite Coral,Sherwin Williams,Mass-Market,True,2,11,0.00010112,False
Peppery,Sherwin Williams,Mass-Market,False,1,7,2.29e-07,False
Blushing,Sherwin Williams,Mass-Market,False,1,8,1.2e-06,False
Cosmetic Peach,Sherwin Williams,Mass-Market,True,2,14,5.51e-06,False
Sockeye,Sherwin Williams,Mass-Market,False,1,7,2e-07,False
Rejuvenate,Sherwin Williams,Mass-Market,False,1,10,4.68e-07,False
Emotional,Sherwin Williams,Mass-Market,False,1,9,4.57e-05,False
Hearty Orange,Sherwin Williams,Mass-Market,True,2,13,2.2049999999999997e-05,False
Peach Blossom,Sherwin Williams,Mass-Market,True,2,13,5.03e-06,False
Certain Peach,Sherwin Williams,Mass-Market,True,2,13,7.544500000000001e-05,False
Sunset,Sherwin Williams,Mass-Market,False,1,6,1.1e-05,False
Emberglow,Sherwin Williams,Mass-Market,False,1,9,0.0,False
Robust Orange,Sherwin Williams,Mass-Market,True,2,13,2.5205e-05,False
Jalapeño,Sherwin Williams,Mass-Market,False,1,8,3.47e-07,False
Naive Peach,Sherwin Williams,Mass-Market,True,2,11,5.755e-06,False
Neighborly Peach,Sherwin Williams,Mass-Market,True,2,16,3.062e-06,False
Inventive Orange,Sherwin Williams,Mass-Market,True,2,16,2.176e-05,False
Copper Harbor,Sherwin Williams,Mass-Market,True,2,13,1.635e-05,False
Determined Orange,Sherwin Williams,Mass-Market,True,2,17,4.2699999999999994e-05,False
Husky Orange,Sherwin Williams,Mass-Market,True,2,12,2.1825e-05,False
Flattering Peach,Sherwin Williams,Mass-Market,True,2,16,4.385e-06,False
Avid Apricot,Sherwin Williams,Mass-Market,False,2,12,2.0574999999999998e-06,False
Tangerine,Sherwin Williams,Mass-Market,False,1,9,8.71e-07,False
Outgoing Orange,Sherwin Williams,Mass-Market,True,2,15,2.2794999999999998e-05,False
Rhumba Orange,Sherwin Williams,Mass-Market,True,2,13,2.0878749999999997e-05,False
Yam,Sherwin Williams,Mass-Market,False,1,3,1.1e-06,False
Champagne,Sherwin Williams,Mass-Market,False,1,9,7.94e-06,False
Flan,Sherwin Williams,Mass-Market,False,1,4,3.02e-07,False
Delicious Melon,Sherwin Williams,Mass-Market,False,2,15,1.1995e-05,False
Surprise Amber,Sherwin Williams,Mass-Market,True,2,14,3.2765e-05,False
Adventure Orange,Sherwin Williams,Mass-Market,True,2,16,3.5249999999999996e-05,False
Serape,Sherwin Williams,Mass-Market,False,1,6,3.55e-08,False
Amber Wave,Sherwin Williams,Mass-Market,True,2,10,2.5515e-05,False
Welcome White,Sherwin Williams,Mass-Market,True,2,13,0.00021085,False
Captivating Cream,Sherwin Williams,Mass-Market,True,2,17,2.1589999999999998e-05,False
Honey Blush,Sherwin Williams,Mass-Market,False,2,11,1.3515e-05,False
Papaya,Sherwin Williams,Mass-Market,False,1,6,7.41e-07,False
Summer Day,Sherwin Williams,Mass-Market,False,2,10,0.0005304999999999999,False
Saffron Thread,Sherwin Williams,Mass-Market,False,2,14,1.4560000000000001e-05,False
Marigold,Sherwin Williams,Mass-Market,False,1,8,5.62e-07,False
Gardenia,Sherwin Williams,Mass-Market,False,1,8,2.69e-07,False
Enjoyable Yellow,Sherwin Williams,Mass-Market,True,2,16,2.8565e-05,False
Afterglow,Sherwin Williams,Mass-Market,False,1,9,4.37e-07,False
Sunrise,Sherwin Williams,Mass-Market,False,1,7,6.61e-06,False
Yarrow,Sherwin Williams,Mass-Market,False,1,6,3.39e-07,False
Gold Crest,Sherwin Williams,Mass-Market,True,2,10,7.623499999999999e-05,False
Curry,Sherwin Williams,Mass-Market,False,1,5,9.12e-06,False
Morning Sun,Sherwin Williams,Mass-Market,False,2,11,0.00015365,False
Banana Cream,Sherwin Williams,Mass-Market,True,2,12,2.5849999999999998e-05,False
Jonquil,Sherwin Williams,Mass-Market,False,1,7,4.37e-08,False
Afternoon,Sherwin Williams,Mass-Market,False,1,9,5.25e-05,False
Butterfield,Sherwin Williams,Mass-Market,False,1,11,6.76e-07,False
Goldenrod,Sherwin Williams,Mass-Market,False,1,9,1.7e-07,False
Sunflower,Sherwin Williams,Mass-Market,False,1,9,2.29e-06,False
Full Moon,Sherwin Williams,Mass-Market,False,2,9,0.00019854999999999997,False
Friendly Yellow,Sherwin Williams,Mass-Market,True,2,15,4.635e-05,False
Butter Up,Sherwin Williams,Mass-Market,False,2,9,0.00123755,False
June Day,Sherwin Williams,Mass-Market,False,2,8,0.0005265,False
Bee,Sherwin Williams,Mass-Market,False,1,3,1.23e-05,False
Brittlebush,Sherwin Williams,Mass-Market,False,1,11,0.0,False
Trinket,Sherwin Williams,Mass-Market,False,1,7,5.01e-07,False
Lemon Chiffon,Sherwin Williams,Mass-Market,False,2,13,6.6084999999999995e-06,False
Lantern Light,Sherwin Williams,Mass-Market,False,2,13,0.000109035,False
Solaria,Sherwin Williams,Mass-Market,False,1,7,3.55e-08,False
Overjoy,Sherwin Williams,Mass-Market,False,1,7,0.0,False
Gambol Gold,Sherwin Williams,Mass-Market,True,2,11,7.403085e-05,False
Glitzy Gold,Sherwin Williams,Mass-Market,True,2,11,7.4117e-05,False
Auric,Sherwin Williams,Mass-Market,False,1,5,1.17e-07,False
Lily,Sherwin Williams,Mass-Market,False,1,4,8.91e-06,False
Glad Yellow,Sherwin Williams,Mass-Market,True,2,11,6.42e-05,False
Midday,Sherwin Williams,Mass-Market,False,1,6,2.34e-06,False
Quilt Gold,Sherwin Williams,Mass-Market,True,2,10,7.489e-05,False
Nugget,Sherwin Williams,Mass-Market,False,1,6,1.45e-06,False
Kingdom Gold,Sherwin Williams,Mass-Market,True,2,12,9.485e-05,False
Crispy Gold,Sherwin Williams,Mass-Market,True,2,11,7.517e-05,False
Daybreak,Sherwin Williams,Mass-Market,False,1,8,1.07e-06,False
Moonraker,Sherwin Williams,Mass-Market,False,1,9,1.29e-07,False
Lively Yellow,Sherwin Williams,Mass-Market,True,2,13,2.812e-05,False
Frolic,Sherwin Williams,Mass-Market,False,1,6,4.79e-07,False
Hep Green,Sherwin Williams,Mass-Market,True,2,9,6.7862e-05,False
High Strung,Sherwin Williams,Mass-Market,False,2,11,0.00028202,False
Offbeat Green,Sherwin Williams,Mass-Market,True,2,13,6.77945e-05,False
Springtime,Sherwin Williams,Mass-Market,False,1,10,1.12e-06,False
Gleeful,Sherwin Williams,Mass-Market,False,1,7,2.69e-07,False
Mélange Green,Sherwin Williams,Mass-Market,True,2,13,6.754885e-05,False
Parakeet,Sherwin Williams,Mass-Market,False,1,8,3.02e-07,False
Luau Green,Sherwin Williams,Mass-Market,True,2,10,6.76145e-05,False
Verdant,Sherwin Williams,Mass-Market,False,1,7,5.01e-07,False
Lime Granita,Sherwin Williams,Mass-Market,False,2,12,3.64235e-06,False
Dancing Green,Sherwin Williams,Mass-Market,True,2,13,8.33e-05,False
Lime Rickey,Sherwin Williams,Mass-Market,False,2,11,3.8335e-06,False
Overt Green,Sherwin Williams,Mass-Market,True,2,11,6.852e-05,False
Gecko,Sherwin Williams,Mass-Market,False,1,5,8.13e-07,False
Paradise,Sherwin Williams,Mass-Market,False,1,8,1.45e-05,False
Cucumber,Sherwin Williams,Mass-Market,False,1,8,2.57e-06,False
Jardin,Sherwin Williams,Mass-Market,False,1,6,5.62e-07,False
Mesclun Green,Sherwin Williams,Mass-Market,True,2,13,6.75066e-05,False
Pickle,Sherwin Williams,Mass-Market,False,1,6,2.45e-06,False
Talipot Palm,Sherwin Williams,Mass-Market,False,2,12,8.5e-06,False
Houseplant,Sherwin Williams,Mass-Market,False,1,10,1.2e-07,False
Lacewing,Sherwin Williams,Mass-Market,False,1,8,3.47e-08,False
Romaine,Sherwin Williams,Mass-Market,False,1,7,4.37e-07,False
Picnic,Sherwin Williams,Mass-Market,False,1,6,6.31e-06,False
Organic Green,Sherwin Williams,Mass-Market,True,2,13,8.005e-05,False
Grasshopper,Sherwin Williams,Mass-Market,False,1,11,1.07e-06,False
Espalier,Sherwin Williams,Mass-Market,False,1,8,3.02e-08,False
Jocular Green,Sherwin Williams,Mass-Market,True,2,13,6.7581e-05,False
Kiwi,Sherwin Williams,Mass-Market,False,1,4,2.14e-06,False
Vegan,Sherwin Williams,Mass-Market,False,1,5,8.91e-06,False
Eco Green,Sherwin Williams,Mass-Market,True,2,9,7.0065e-05,False
Kilkenny,Sherwin Williams,Mass-Market,False,1,8,5.37e-07,False
Derbyshire,Sherwin Williams,Mass-Market,False,1,10,2.04e-06,False
Mint Condition,Sherwin Williams,Mass-Market,True,2,14,4.036e-05,False
Reclining Green,Sherwin Williams,Mass-Market,True,2,15,6.79065e-05,False
Lark Green,Sherwin Williams,Mass-Market,True,2,10,6.819e-05,False
Julep,Sherwin Williams,Mass-Market,False,1,5,1.62e-07,False
Argyle,Sherwin Williams,Mass-Market,False,1,6,9.12e-07,False
Greens,Sherwin Williams,Mass-Market,False,1,6,7.24e-06,False
Embellished Blue,Sherwin Williams,Mass-Market,True,2,16,6.8115e-05,False
Waterfall,Sherwin Williams,Mass-Market,False,1,9,3.47e-06,False
Refresh,Sherwin Williams,Mass-Market,False,1,7,4.47e-06,False
Larchmere,Sherwin Williams,Mass-Market,False,1,9,0.0,False
Jargon Jade,Sherwin Williams,Mass-Market,True,2,11,3.885e-06,False
Ionian,Sherwin Williams,Mass-Market,False,1,6,4.17e-07,False
Starboard,Sherwin Williams,Mass-Market,False,1,9,1.48e-06,False
Tame Teal,Sherwin Williams,Mass-Market,True,2,9,2.705e-06,False
Aqueduct,Sherwin Williams,Mass-Market,False,1,8,8.51e-07,False
Cooled Blue,Sherwin Williams,Mass-Market,True,2,11,6.9685e-05,False
Rivulet,Sherwin Williams,Mass-Market,False,1,7,9.77e-08,False
Thermal Spring,Sherwin Williams,Mass-Market,False,2,14,4.71e-05,False
Poseidon,Sherwin Williams,Mass-Market,False,1,8,1.26e-06,False
Swimming,Sherwin Williams,Mass-Market,False,1,8,2.69e-05,False
Spa,Sherwin Williams,Mass-Market,False,1,3,9.12e-06,False
Mariner,Sherwin Williams,Mass-Market,False,1,7,1.07e-06,False
Aquarium,Sherwin Williams,Mass-Market,False,1,8,3.63e-06,False
Gulfstream,Sherwin Williams,Mass-Market,False,1,10,3.98e-07,False
Maxi Teal,Sherwin Williams,Mass-Market,True,2,9,1.8e-06,False
Bathe Blue,Sherwin Williams,Mass-Market,True,2,10,6.833e-05,False
Cay,Sherwin Williams,Mass-Market,False,1,3,5.37e-07,False
Rapture Blue,Sherwin Williams,Mass-Market,True,2,12,6.824e-05,False
Freshwater,Sherwin Williams,Mass-Market,False,1,10,3.31e-06,False
Briny,Sherwin Williams,Mass-Market,False,1,5,1.58e-07,False
Blue Nile,Sherwin Williams,Mass-Market,True,2,9,6.9685e-05,False
Aviary Blue,Sherwin Williams,Mass-Market,True,2,11,6.765450000000001e-05,False
Liquid Blue,Sherwin Williams,Mass-Market,True,2,11,7.975e-05,False
Nautilus,Sherwin Williams,Mass-Market,False,1,8,7.41e-07,False
Jamaica Bay,Sherwin Williams,Mass-Market,False,2,11,3.1009999999999996e-05,False
Cruising,Sherwin Williams,Mass-Market,False,1,8,3.31e-06,False
Amalfi,Sherwin Williams,Mass-Market,False,1,6,3.39e-07,False
Bravo Blue,Sherwin Williams,Mass-Market,True,2,10,7.044500000000001e-05,False
Quench Blue,Sherwin Williams,Mass-Market,True,2,11,6.7888e-05,False
Cloudless,Sherwin Williams,Mass-Market,False,1,9,2.88e-07,False
Fountain,Sherwin Williams,Mass-Market,False,1,8,8.13e-06,False
Capri,Sherwin Williams,Mass-Market,False,1,5,1.15e-06,False
Blue Mosque,Sherwin Williams,Mass-Market,True,2,11,7.138e-05,False
Adriatic Sea,Sherwin Williams,Mass-Market,False,2,12,5.79255e-05,False
Minor Blue,Sherwin Williams,Mass-Market,True,2,10,8.835e-05,False
Bluebell,Sherwin Williams,Mass-Market,False,1,8,3.39e-07,False
Flyway,Sherwin Williams,Mass-Market,False,1,6,9.12e-08,False
Major Blue,Sherwin Williams,Mass-Market,True,2,10,0.0001675,False
Blue Plate,Sherwin Williams,Mass-Market,True,2,10,8.525e-05,False
Jay Blue,Sherwin Williams,Mass-Market,True,2,8,7.950000000000001e-05,False
Iceberg,Sherwin Williams,Mass-Market,False,1,7,2.24e-06,False
Soar,Sherwin Williams,Mass-Market,False,1,4,2.45e-06,False
Something Blue,Sherwin Williams,Mass-Market,True,2,14,0.0003905,False
Regale Blue,Sherwin Williams,Mass-Market,True,2,11,6.7593e-05,False
Jacaranda,Sherwin Williams,Mass-Market,False,1,9,1.48e-07,False
Danube,Sherwin Williams,Mass-Market,False,1,6,1.38e-06,False
Dignity Blue,Sherwin Williams,Mass-Market,True,2,12,7.275e-05,False
Rhythmic Blue,Sherwin Williams,Mass-Market,True,2,13,6.8725e-05,False
Wondrous Blue,Sherwin Williams,Mass-Market,True,2,13,6.816e-05,False
Celestial,Sherwin Williams,Mass-Market,False,1,9,3.39e-06,False
Lobelia,Sherwin Williams,Mass-Market,False,1,7,1.2e-07,False
Lupine,Sherwin Williams,Mass-Market,False,1,6,1.58e-07,False
Honorable Blue,Sherwin Williams,Mass-Market,True,2,14,7.073e-05,False
Wishful Blue,Sherwin Williams,Mass-Market,True,2,12,6.8145e-05,False
Breathtaking,Sherwin Williams,Mass-Market,False,1,12,3.98e-06,False
Awesome Violet,Sherwin Williams,Mass-Market,True,2,14,4.506e-05,False
Dahlia,Sherwin Williams,Mass-Market,False,1,6,7.24e-07,False
Gentian,Sherwin Williams,Mass-Market,False,1,7,1.38e-07,False
Valiant Violet,Sherwin Williams,Mass-Market,True,2,14,4.4799999999999995e-06,False
Inspired Lilac,Sherwin Williams,Mass-Market,True,2,14,2.1995000000000002e-05,False
Potentially Purple,Sherwin Williams,Mass-Market,True,2,18,2.27e-05,False
Wisteria,Sherwin Williams,Mass-Market,False,1,8,3.72e-07,False
Brave Purple,Sherwin Williams,Mass-Market,True,2,12,2.115e-05,False
Forget‐Me‐Not,Sherwin Williams,Mass-Market,False,1,13,0.000108,False
Izmir Purple,Sherwin Williams,Mass-Market,True,2,12,1.05975e-05,False
Elation,Sherwin Williams,Mass-Market,False,1,7,5.01e-07,False
Rhapsody Lilac,Sherwin Williams,Mass-Market,True,2,14,1.155e-06,False
Magical,Sherwin Williams,Mass-Market,False,1,7,1.66e-05,False
Kismet,Sherwin Williams,Mass-Market,False,1,6,2.09e-07,False
Clematis,Sherwin Williams,Mass-Market,False,1,8,2.4e-07,False
Impulsive Purple,Sherwin Williams,Mass-Market,True,2,16,1.138e-05,False
Spangle,Sherwin Williams,Mass-Market,False,1,7,5.25e-08,False
Euphoric Lilac,Sherwin Williams,Mass-Market,True,2,14,9.99e-07,False
Novel Lilac,Sherwin Williams,Mass-Market,True,2,11,2.1995000000000002e-05,False
Baroness,Sherwin Williams,Mass-Market,False,1,8,2.4e-06,False
Vigorous Violet,Sherwin Williams,Mass-Market,True,2,15,4.9e-06,False
Kimono Violet,Sherwin Williams,Mass-Market,True,2,13,3.9055e-06,False
Exuberant Pink,Sherwin Williams,Mass-Market,True,2,14,1.70165e-05,False
Dynamo,Sherwin Williams,Mass-Market,False,1,6,1.45e-06,False
Forward Fuchsia,Sherwin Williams,Mass-Market,False,2,15,6.6245e-05,False
Hot,Sherwin Williams,Mass-Market,False,1,3,0.000145,False
Dragon Fruit,Sherwin Williams,Mass-Market,False,2,12,3.1450000000000006e-05,False
Eros Pink,Sherwin Williams,Mass-Market,True,2,9,1.7049999999999998e-05,False
Radish,Sherwin Williams,Mass-Market,False,1,6,6.03e-07,False
Cherries Jubilee,Sherwin Williams,Mass-Market,False,2,16,2.305e-06,False
Heartthrob,Sherwin Williams,Mass-Market,False,1,10,2.75e-07,False
Real Red,Sherwin Williams,Mass-Market,True,2,8,0.0003035,False
Stop,Sherwin Williams,Mass-Market,False,1,4,0.000331,False
Positive Red,Sherwin Williams,Mass-Market,True,2,12,0.00015335000000000001,False
Comical Coral,Sherwin Williams,Mass-Market,True,2,13,4.47e-06,False
Cayenne,Sherwin Williams,Mass-Market,False,1,7,8.91e-07,False
Raucous Orange,Sherwin Williams,Mass-Market,True,2,14,2.1180499999999998e-05,False
Obstinate Orange,Sherwin Williams,Mass-Market,True,2,16,2.1118499999999998e-05,False
Knockout Orange,Sherwin Williams,Mass-Market,True,2,15,2.2885e-05,False
Invigorate,Sherwin Williams,Mass-Market,False,1,10,2.09e-07,False
Navel,Sherwin Williams,Mass-Market,False,1,5,8.91e-07,False
Osage Orange,Sherwin Williams,Mass-Market,True,2,12,2.12755e-05,False
Carnival,Sherwin Williams,Mass-Market,False,1,8,7.24e-06,False
Solé,Sherwin Williams,Mass-Market,False,1,4,1.86e-08,False
Optimistic Yellow,Sherwin Williams,Mass-Market,True,2,17,2.8205e-05,False
Daffodil,Sherwin Williams,Mass-Market,False,1,8,3.63e-07,False
Decisive Yellow,Sherwin Williams,Mass-Market,True,2,15,2.7655e-05,False
Cheerful,Sherwin Williams,Mass-Market,False,1,8,3.98e-06,False
Gusto Gold,Sherwin Williams,Mass-Market,True,2,10,7.45e-05,False
Goldfinch,Sherwin Williams,Mass-Market,False,1,9,2.69e-07,False
Forsythia,Sherwin Williams,Mass-Market,False,1,9,8.91e-08,False
Fun Yellow,Sherwin Williams,Mass-Market,True,2,10,0.0001245,False
Lemon Twist,Sherwin Williams,Mass-Market,False,2,11,1.4599999999999999e-05,False
Daisy,Sherwin Williams,Mass-Market,False,1,5,6.03e-06,False
Confident Yellow,Sherwin Williams,Mass-Market,True,2,16,3.795e-05,False
Funky Yellow,Sherwin Williams,Mass-Market,True,2,12,2.6634999999999998e-05,False
Eye Catching,Sherwin Williams,Mass-Market,False,2,12,6.0400000000000004e-05,False
Citronella,Sherwin Williams,Mass-Market,False,1,10,8.32e-08,False
Humorous Green,Sherwin Williams,Mass-Market,True,2,14,6.949e-05,False
Center Stage,Sherwin Williams,Mass-Market,False,2,12,0.0001405,False
Electric Lime,Sherwin Williams,Mass-Market,False,2,13,2.987e-05,False
Direct Green,Sherwin Williams,Mass-Market,True,2,12,0.00010815,False
Envy,Sherwin Williams,Mass-Market,False,1,4,6.92e-06,False
Lucky Green,Sherwin Williams,Mass-Market,True,2,11,9.695e-05,False
Greenbelt,Sherwin Williams,Mass-Market,False,1,9,5.89e-07,False
Green Vibes,Sherwin Williams,Mass-Market,True,2,11,6.9275e-05,False
Tantalizing Teal,Sherwin Williams,Mass-Market,True,2,16,1.1465e-06,False
Nifty Turquoise,Sherwin Williams,Mass-Market,True,2,15,1.81e-06,False
Splashy,Sherwin Williams,Mass-Market,False,1,7,1.91e-07,False
Intense Teal,Sherwin Williams,Mass-Market,True,2,12,1.314e-05,False
Calypso,Sherwin Williams,Mass-Market,False,1,7,7.24e-07,False
Undercool,Sherwin Williams,Mass-Market,False,1,9,0.0,False
Dynamic Blue,Sherwin Williams,Mass-Market,True,2,12,7.77e-05,False
Blue Chip,Sherwin Williams,Mass-Market,True,2,9,7.77e-05,False
Hyper Blue,Sherwin Williams,Mass-Market,True,2,10,6.995e-05,False
Blueblood,Sherwin Williams,Mass-Market,False,1,9,3.55e-08,False
Frank Blue,Sherwin Williams,Mass-Market,True,2,10,9.559999999999999e-05,False
Hyacinth Tint,Sherwin Williams,Mass-Market,False,2,13,1.0985e-06,False
Morning Glory,Sherwin Williams,Mass-Market,False,2,13,0.00011845,False
Free Spirit,Sherwin Williams,Mass-Market,False,2,11,0.00024435,False
Passionate Purple,Sherwin Williams,Mass-Market,True,2,17,1.66e-05,False
African Violet,Sherwin Williams,Mass-Market,True,2,14,3.6509999999999994e-05,False
Fully Purple,Sherwin Williams,Mass-Market,True,2,12,4.9250000000000004e-05,False
Jitterbug Jade,Sherwin Williams,Mass-Market,True,2,14,3.0735e-06,False
Bohemian Black,Sherwin Williams,Mass-Market,True,2,14,0.00014558,False
Domino,Sherwin Williams,Mass-Market,False,1,6,1.7e-06,False
Caviar,Sherwin Williams,Mass-Market,False,1,6,1.41e-06,False
Black Magic,Sherwin Williams,Mass-Market,True,2,11,0.00017275,False
Inkwell,Sherwin Williams,Mass-Market,False,1,7,1.41e-07,False
Black of Night,Sherwin Williams,Mass-Market,True,3,14,0.008598333333333335,False
Greenblack,Sherwin Williams,Mass-Market,False,1,10,0.0,False
Ibis White,Sherwin Williams,Mass-Market,True,2,10,0.00016233800000000002,False
Marshmallow,Sherwin Williams,Mass-Market,False,1,11,1.41e-06,False
Downy,Sherwin Williams,Mass-Market,False,1,5,3.98e-07,False
Toque White,Sherwin Williams,Mass-Market,True,2,11,0.0001620675,False
Snowbound,Sherwin Williams,Mass-Market,False,1,9,1.07e-07,False
Pure White,Sherwin Williams,Mass-Market,True,2,10,0.00018385,False
Extra White,Sherwin Williams,Mass-Market,True,2,11,0.00020975,False
Ceiling Bright White,Sherwin Williams,Mass-Market,True,3,20,0.00012660000000000001,False
Alabaster,Sherwin Williams,Mass-Market,False,1,9,5.13e-07,False
Pearly White,Sherwin Williams,Mass-Market,True,2,12,0.0001623705,False
White Duck,Sherwin Williams,Mass-Market,True,2,10,0.00017010000000000001,False
Natural Choice,Sherwin Williams,Mass-Market,False,2,14,0.0001245,False
Creamy,Sherwin Williams,Mass-Market,False,1,6,2.69e-06,False
Ivory Lace,Sherwin Williams,Mass-Market,True,2,10,6.845e-06,False
Eider White,Sherwin Williams,Mass-Market,True,2,11,0.00016206450000000002,False
Repose Gray,Sherwin Williams,Mass-Market,True,2,11,1.4381e-05,False
Mindful Gray,Sherwin Williams,Mass-Market,True,2,12,1.5645e-05,False
Dorian Gray,Sherwin Williams,Mass-Market,True,2,11,1.484e-05,False
Dovetail,Sherwin Williams,Mass-Market,False,1,8,2.69e-07,False
Gauntlet Gray,Sherwin Williams,Mass-Market,True,2,13,1.479e-05,False
Black Fox,Sherwin Williams,Mass-Market,True,2,9,0.00016685000000000002,False
Simple White,Sherwin Williams,Mass-Market,True,2,12,0.000222,False
Alpaca,Sherwin Williams,Mass-Market,False,1,6,6.31e-07,False
Requisite Gray,Sherwin Williams,Mass-Market,True,2,14,1.497e-05,False
Functional Gray,Sherwin Williams,Mass-Market,True,2,15,2.28e-05,False
Backdrop,Sherwin Williams,Mass-Market,False,1,8,3.8e-06,False
Griffin,Sherwin Williams,Mass-Market,False,1,7,7.94e-06,False
Well‐Bred Brown,Sherwin Williams,Mass-Market,True,2,15,5.4065e-05,False
Incredible White,Sherwin Williams,Mass-Market,True,2,16,0.00018335,False
Agreeable Gray,Sherwin Williams,Mass-Market,True,2,14,1.4875e-05,False
Anew Gray,Sherwin Williams,Mass-Market,True,2,9,1.489e-05,False
Mega Greige,Sherwin Williams,Mass-Market,False,2,11,5.262e-06,False
Warm Stone,Sherwin Williams,Mass-Market,False,2,10,5.72e-05,False
Brainstorm Bronze,Sherwin Williams,Mass-Market,True,2,17,8.254000000000001e-06,False
Status Bronze,Sherwin Williams,Mass-Market,True,2,13,4.495e-05,False
Aesthetic White,Sherwin Williams,Mass-Market,True,2,15,0.00016725,False
Accessible Beige,Sherwin Williams,Mass-Market,True,2,16,8.55e-06,False
Balanced Beige,Sherwin Williams,Mass-Market,True,2,14,8.55e-06,False
Tony Taupe,Sherwin Williams,Mass-Market,True,2,10,2.20235e-05,False
Virtual Taupe,Sherwin Williams,Mass-Market,True,2,13,1.06235e-05,False
Smokehouse,Sherwin Williams,Mass-Market,False,1,10,2.69e-07,False
Van Dyke Brown,Sherwin Williams,Mass-Market,True,3,14,5.4879999999999996e-05,False
Shoji White,Sherwin Williams,Mass-Market,True,2,11,0.000162093,False
Worldly Gray,Sherwin Williams,Mass-Market,True,2,12,1.5195000000000001e-05,False
Amazing Gray,Sherwin Williams,Mass-Market,True,2,12,7.71e-05,False
Intellectual Gray,Sherwin Williams,Mass-Market,True,2,17,2.4100000000000003e-05,False
Anonymous,Sherwin Williams,Mass-Market,False,1,9,1.48e-05,False
Porpoise,Sherwin Williams,Mass-Market,False,1,8,3.63e-07,False
Urbane Bronze,Sherwin Williams,Mass-Market,True,2,13,8.044000000000001e-06,False
Nuance,Sherwin Williams,Mass-Market,False,1,6,1.23e-06,False
Useful Gray,Sherwin Williams,Mass-Market,True,2,11,4.0350000000000005e-05,False
Analytical Gray,Sherwin Williams,Mass-Market,True,2,15,1.6785e-05,False
Gray Area,Sherwin Williams,Mass-Market,True,2,9,0.0001581,False
Adaptive Shade,Sherwin Williams,Mass-Market,False,2,14,9.285e-06,False
Suitable Brown,Sherwin Williams,Mass-Market,True,2,14,6.3e-05,False
Enduring Bronze,Sherwin Williams,Mass-Market,True,2,15,1.024e-05,False
Reserved White,Sherwin Williams,Mass-Market,True,2,14,0.00016955,False
Silver Strand,Sherwin Williams,Mass-Market,True,2,13,3.4695e-05,False
Magnetic Gray,Sherwin Williams,Mass-Market,True,2,13,2.15e-05,False
Unusual Gray,Sherwin Williams,Mass-Market,True,2,12,2.82e-05,False
Attitude Gray,Sherwin Williams,Mass-Market,True,2,13,3.3100000000000005e-05,False
Night Owl,Sherwin Williams,Mass-Market,False,2,9,0.00020720500000000002,False
Rock Bottom,Sherwin Williams,Mass-Market,False,2,11,8.81e-05,False
Nebulous White,Sherwin Williams,Mass-Market,True,2,14,0.00016228100000000001,False
Passive,Sherwin Williams,Mass-Market,False,1,7,1.07e-05,False
Argos,Sherwin Williams,Mass-Market,False,1,5,1.1e-06,False
Gray Matters,Sherwin Williams,Mass-Market,True,2,12,4.0350000000000005e-05,False
Cityscape,Sherwin Williams,Mass-Market,False,1,9,4.27e-07,False
Grizzle Gray,Sherwin Williams,Mass-Market,True,2,12,1.413015e-05,False
Iron Ore,Sherwin Williams,Mass-Market,False,2,8,3.38e-05,False
Site White,Sherwin Williams,Mass-Market,True,2,10,0.000245,False
Gray Screen,Sherwin Williams,Mass-Market,True,2,11,4.95e-05,False
Online,Sherwin Williams,Mass-Market,False,1,6,0.000155,False
Network Gray,Sherwin Williams,Mass-Market,True,2,12,6.66e-05,False
Software,Sherwin Williams,Mass-Market,False,1,8,5.89e-05,False
Web Gray,Sherwin Williams,Mass-Market,True,2,8,4.16e-05,False
Cyberspace,Sherwin Williams,Mass-Market,False,1,10,9.77e-07,False
Original White,Sherwin Williams,Mass-Market,True,2,14,0.0002345,False
Minute Mauve,Sherwin Williams,Mass-Market,True,2,12,4.80065e-05,False
Ponder,Sherwin Williams,Mass-Market,False,1,6,2.24e-06,False
Quest Gray,Sherwin Williams,Mass-Market,True,2,10,2.34e-05,False
Sensuous Gray,Sherwin Williams,Mass-Market,True,2,13,1.4408500000000001e-05,False
Stunning Shade,Sherwin Williams,Mass-Market,False,2,14,1.6550000000000002e-05,False
Darkroom,Sherwin Williams,Mass-Market,False,1,8,4.57e-07,False
Arcade White,Sherwin Williams,Mass-Market,True,2,12,0.000164685,False
Futon,Sherwin Williams,Mass-Market,False,1,5,3.63e-07,False
White Flour,Sherwin Williams,Mass-Market,True,2,11,0.00016700000000000002,False
Whitetail,Sherwin Williams,Mass-Market,False,1,9,1.32e-07,False
Cotton White,Sherwin Williams,Mass-Market,True,2,12,0.0001732,False
Paperwhite,Sherwin Williams,Mass-Market,False,1,10,1.45e-07,False
Honied White,Sherwin Williams,Mass-Market,True,2,12,0.000162,False
Threshold Taupe,Sherwin Williams,Mass-Market,True,2,15,5.5235e-06,False
Dry Dock,Sherwin Williams,Mass-Market,False,2,8,3.2385e-05,False
Sticks & Stones,Sherwin Williams,Mass-Market,False,3,15,1.1400000000000001e-05,False
Keystone Gray,Sherwin Williams,Mass-Market,True,2,13,1.551e-05,False
Manor House,Sherwin Williams,Mass-Market,False,2,11,0.00025973,False
Loggia,Sherwin Williams,Mass-Market,False,1,6,1.58e-07,False
Stone Lion,Sherwin Williams,Mass-Market,False,2,10,4.045e-05,False
Tavern Taupe,Sherwin Williams,Mass-Market,True,2,12,1.9485e-06,False
Tiki Hut,Sherwin Williams,Mass-Market,False,2,8,4.09e-06,False
Chateau Brown,Sherwin Williams,Mass-Market,True,2,13,5.2e-05,False
Bungalow Beige,Sherwin Williams,Mass-Market,True,2,14,2.0950000000000003e-06,False
Pavilion Beige,Sherwin Williams,Mass-Market,True,2,14,3.085e-06,False
Sanderling,Sherwin Williams,Mass-Market,False,1,10,3.98e-08,False
Foothills,Sherwin Williams,Mass-Market,False,1,9,1.45e-06,False
Homestead Brown,Sherwin Williams,Mass-Market,True,2,15,5.2545e-05,False
Kestrel White,Sherwin Williams,Mass-Market,True,2,13,0.0001621475,False
China Doll,Sherwin Williams,Mass-Market,False,2,10,6.875e-05,True
Beach House,Sherwin Williams,Mass-Market,False,2,11,0.0002981,False
Mexican Sand,Sherwin Williams,Mass-Market,False,2,12,2.6600000000000003e-05,False
Plantation Shutters,Sherwin Williams,Mass-Market,False,2,19,3.365e-06,False
Dormer Brown,Sherwin Williams,Mass-Market,True,2,12,5.12625e-05,False
Meadowlark,Sherwin Williams,Mass-Market,False,1,10,1.17e-07,False
Burnished Brandy,Sherwin Williams,Mass-Market,False,2,16,1.8015e-06,False
Dhurrie Beige,Sherwin Williams,Mass-Market,True,2,13,1e-06,False
Tree Branch,Sherwin Williams,Mass-Market,False,2,11,5.44e-05,False
Maison Blanche,Sherwin Williams,Mass-Market,False,2,14,1.815e-06,False
Nantucket Dune,Sherwin Williams,Mass-Market,False,2,14,1.301e-06,True
Windsor Greige,Sherwin Williams,Mass-Market,False,2,14,2.697e-06,False
Sand Beach,Sherwin Williams,Mass-Market,False,2,10,5.5350000000000004e-05,False
Barcelona Beige,Sherwin Williams,Mass-Market,True,2,15,9.5e-06,False
Canvas Tan,Sherwin Williams,Mass-Market,True,2,10,9.66e-06,False
Urban Putty,Sherwin Williams,Mass-Market,False,2,11,2.2738e-05,False
Khaki Shade,Sherwin Williams,Mass-Market,True,2,11,7.8e-06,False
Outerbanks,Sherwin Williams,Mass-Market,False,1,10,0.0,False
Sandy Ridge,Sherwin Williams,Mass-Market,False,2,11,1.435e-05,False
Bittersweet Stem,Sherwin Williams,Mass-Market,False,2,16,1.0870000000000001e-05,False
Irish Cream,Sherwin Williams,Mass-Market,True,2,11,3.82e-05,False
Tamarind,Sherwin Williams,Mass-Market,False,1,8,3.89e-07,False
Cork Wedge,Sherwin Williams,Mass-Market,False,2,10,4.6499999999999995e-06,False
Artisan Tan,Sherwin Williams,Mass-Market,True,2,11,6.01e-06,False
Grecian Ivory,Sherwin Williams,Mass-Market,True,2,13,3.684e-06,True
Naturel,Sherwin Williams,Mass-Market,False,1,7,1.74e-07,False
Avenue Tan,Sherwin Williams,Mass-Market,True,2,10,1.855e-05,False
Fenland,Sherwin Williams,Mass-Market,False,1,7,7.94e-08,False
Pier,Sherwin Williams,Mass-Market,False,1,4,6.61e-06,False
Prairie Grass,Sherwin Williams,Mass-Market,False,2,13,1.4505000000000001e-05,False
Sandbar,Sherwin Williams,Mass-Market,False,1,7,2.04e-07,False
Portico,Sherwin Williams,Mass-Market,False,1,7,5.5e-07,False
Studio Taupe,Sherwin Williams,Mass-Market,True,2,12,2.30235e-05,False
Resort Tan,Sherwin Williams,Mass-Market,True,2,10,1.6800000000000002e-05,False
Greek Villa,Sherwin Williams,Mass-Market,False,2,11,2.37e-05,False
Bauhaus Buff,Sherwin Williams,Mass-Market,False,2,12,2.144e-06,False
Fragile Beauty,Sherwin Williams,Mass-Market,False,2,14,3.172e-05,False
Steamed Milk,Sherwin Williams,Mass-Market,False,2,12,2.3945e-05,False
Patience,Sherwin Williams,Mass-Market,False,1,8,1.58e-05,False
Crème,Sherwin Williams,Mass-Market,False,1,5,6.17e-07,False
Summer White,Sherwin Williams,Mass-Market,True,2,12,0.00024700000000000004,False
Medici Ivory,Sherwin Williams,Mass-Market,True,2,12,4.04e-06,False
Décor White,Sherwin Williams,Mass-Market,True,2,11,0.0001622035,False
Impressive Ivory,Sherwin Williams,Mass-Market,True,2,16,1.829e-05,False
Lemon Meringue,Sherwin Williams,Mass-Market,False,2,14,6.6084999999999995e-06,False
Roman Column,Sherwin Williams,Mass-Market,False,2,12,2.65e-05,True
Restful White,Sherwin Williams,Mass-Market,True,2,13,0.00016228100000000001,False
Polar Bear,Sherwin Williams,Mass-Market,False,2,10,3.021e-05,False
Oyster Bar,Sherwin Williams,Mass-Market,False,2,10,4.5285000000000004e-05,False
Westhighland White,Sherwin Williams,Mass-Market,True,2,18,0.000162,False
Natural Tan,Sherwin Williams,Mass-Market,True,2,11,6.96e-05,False
Neutral Ground,Sherwin Williams,Mass-Market,False,2,14,7.92e-05,False
Stucco,Sherwin Williams,Mass-Market,False,1,6,7.94e-07,False
Egret White,Sherwin Williams,Mass-Market,True,2,11,0.0001621045,False
Casa Blanca,Sherwin Williams,Mass-Market,False,2,11,2.2235e-06,False
Lotus Pod,Sherwin Williams,Mass-Market,False,2,9,4.6499999999999995e-06,False
Eaglet Beige,Sherwin Williams,Mass-Market,True,2,12,1.02395e-06,False
Echelon Ecru,Sherwin Williams,Mass-Market,False,2,12,4.5705e-07,False
Chopsticks,Sherwin Williams,Mass-Market,False,1,10,8.51e-07,False
Blackberry,Sherwin Williams,Mass-Market,False,1,10,4.47e-06,False
Borscht,Sherwin Williams,Mass-Market,False,1,7,1.82e-07,False
Alaea,Sherwin Williams,Mass-Market,False,1,5,0.0,False
Carnelian,Sherwin Williams,Mass-Market,False,1,9,1.48e-07,False
Salute,Sherwin Williams,Mass-Market,False,1,6,5.13e-06,False
Wild Currant,Sherwin Williams,Mass-Market,False,2,12,3.1712000000000004e-05,False
Red Theatre,Sherwin Williams,Mass-Market,True,2,11,0.00012105,False
Sun Dried Tomato,Sherwin Williams,Mass-Market,False,3,16,3.712666666666667e-05,False
Stolen Kiss,Sherwin Williams,Mass-Market,False,2,11,3.185e-05,False
Antique Red,Sherwin Williams,Mass-Market,True,2,11,0.00010812,False
Show Stopper,Sherwin Williams,Mass-Market,False,2,12,0.000240115,False
Habanero Chile,Sherwin Williams,Mass-Market,False,2,14,5.867e-06,False
Red Barn,Sherwin Williams,Mass-Market,True,2,8,0.00010938500000000001,False
Crabby Apple,Sherwin Williams,Mass-Market,False,2,12,2.8894e-05,False
Rustic Red,Sherwin Williams,Mass-Market,True,2,10,0.00010567000000000001,False
Carriage Door,Sherwin Williams,Mass-Market,False,2,13,6.354e-05,False
Sommelier,Sherwin Williams,Mass-Market,False,1,9,3.02e-07,False
Only Natural,Sherwin Williams,Mass-Market,False,2,12,0.0007245,False
Sierra Redwood,Sherwin Williams,Mass-Market,False,2,14,6.58e-06,False
Brick Paver,Sherwin Williams,Mass-Market,False,2,11,8.9575e-06,False
Bolero,Sherwin Williams,Mass-Market,False,1,6,3.09e-07,False
Dockside Blue,Sherwin Williams,Mass-Market,True,2,13,6.7607e-05,False
Indigo Batik,Sherwin Williams,Mass-Market,True,2,12,1.1935e-06,False
Poolhouse,Sherwin Williams,Mass-Market,False,1,9,1.35e-08,False
Smoky Blue,Sherwin Williams,Mass-Market,True,2,10,6.857e-05,False
Gale Force,Sherwin Williams,Mass-Market,False,2,10,8.708500000000001e-05,False
Blue Cruise,Sherwin Williams,Mass-Market,True,2,11,7.58e-05,False
Santorini Blue,Sherwin Williams,Mass-Market,True,2,14,6.77085e-05,False
Adrift,Sherwin Williams,Mass-Market,False,1,6,1.15e-06,False
Georgian Revival Blue,Sherwin Williams,Mass-Market,True,3,21,4.8916666666666665e-05,False
Turkish Tile,Sherwin Williams,Mass-Market,False,2,12,1.2175e-05,False
Tranquil Aqua,Sherwin Williams,Mass-Market,False,2,13,2.035e-06,False
Mountain Stream,Sherwin Williams,Mass-Market,False,2,15,4.7699999999999994e-05,False
Aqua‐Sphere,Sherwin Williams,Mass-Market,False,1,11,2.02e-06,False
St. Bart's,Sherwin Williams,Mass-Market,False,2,10,7.9141e-05,False
Sea Serpent,Sherwin Williams,Mass-Market,False,2,11,5.894e-05,False
Breezy,Sherwin Williams,Mass-Market,False,1,6,1.32e-06,False
Mediterranean,Sherwin Williams,Mass-Market,False,1,13,9.77e-06,True
Deep Sea Dive,Sherwin Williams,Mass-Market,False,3,13,8.006666666666667e-05,False
Labradorite,Sherwin Williams,Mass-Market,False,1,11,1e-07,False
Seaworthy,Sherwin Williams,Mass-Market,False,1,9,2.29e-07,False
Silvermist,Sherwin Williams,Mass-Market,False,1,10,0.0,False
Homburg Gray,Sherwin Williams,Mass-Market,True,2,12,1.4166000000000001e-05,False
Cascades,Sherwin Williams,Mass-Market,False,1,8,9.77e-07,False
Slate Tile,Sherwin Williams,Mass-Market,True,2,10,5.93e-06,False
Mount Etna,Sherwin Williams,Mass-Market,False,2,10,1.49735e-05,False
Zurich White,Sherwin Williams,Mass-Market,True,2,12,0.000163945,False
White Heron,Sherwin Williams,Mass-Market,True,2,11,0.00016261500000000001,False
Windfresh White,Sherwin Williams,Mass-Market,True,2,15,0.000162,False
Grapy,Sherwin Williams,Mass-Market,False,1,5,0.0,False
Raisin,Sherwin Williams,Mass-Market,False,1,6,1.02e-06,False
City Loft,Sherwin Williams,Mass-Market,False,2,9,0.00020512000000000001,False
Modern Gray,Sherwin Williams,Mass-Market,True,2,11,7.26e-05,False
Taupe Tone,Sherwin Williams,Mass-Market,True,2,10,1.56235e-05,False
Pediment,Sherwin Williams,Mass-Market,False,1,8,2.04e-07,False
Palisade,Sherwin Williams,Mass-Market,False,1,8,3.24e-07,False
Origami White,Sherwin Williams,Mass-Market,True,2,13,0.0001624355,False
Oyster White,Sherwin Williams,Mass-Market,True,2,12,0.000163735,False
Jogging Path,Sherwin Williams,Mass-Market,False,2,12,2.685e-05,False
Ethereal Mood,Sherwin Williams,Mass-Market,False,2,13,1.454e-05,False
Fawn Brindle,Sherwin Williams,Mass-Market,False,2,12,6.42e-07,False
Colonnade Gray,Sherwin Williams,Mass-Market,True,2,14,1.4228500000000001e-05,False
Pavestone,Sherwin Williams,Mass-Market,False,1,9,0.0,False
Pussywillow,Sherwin Williams,Mass-Market,False,1,11,0.0,False
Gateway Gray,Sherwin Williams,Mass-Market,True,2,12,1.7480000000000002e-05,False
Thunder Gray,Sherwin Williams,Mass-Market,True,2,12,2.1000000000000002e-05,False
First Star,Sherwin Williams,Mass-Market,False,2,10,0.0007224999999999999,False
Crushed Ice,Sherwin Williams,Mass-Market,False,2,11,5.5350000000000004e-05,False
Big Chill,Sherwin Williams,Mass-Market,False,2,9,0.00024155,False
Silverplate,Sherwin Williams,Mass-Market,False,1,11,3.09e-08,False
Ellie Gray,Sherwin Williams,Mass-Market,True,2,10,1.6185000000000002e-05,False
Front Porch,Sherwin Williams,Mass-Market,False,2,11,9.904e-05,False
Mineral Deposit,Sherwin Williams,Mass-Market,False,2,15,1.405e-05,False
Silverpointe,Sherwin Williams,Mass-Market,False,1,12,0.0,False
Lattice,Sherwin Williams,Mass-Market,False,1,7,2.29e-06,False
Stamped Concrete,Sherwin Williams,Mass-Market,False,2,16,1.565e-05,False
Rhinestone,Sherwin Williams,Mass-Market,False,1,10,3.98e-07,False
Tinsmith,Sherwin Williams,Mass-Market,False,1,8,3.98e-08,False
Gray Clouds,Sherwin Williams,Mass-Market,True,2,11,2.135e-05,False
Gris,Sherwin Williams,Mass-Market,False,1,4,4.17e-07,False
Earl Grey,Sherwin Williams,Mass-Market,True,2,9,2.2649999999999998e-05,False
Reflection,Sherwin Williams,Mass-Market,False,1,10,1.48e-05,False
Evening Shadow,Sherwin Williams,Mass-Market,False,2,14,4.995e-05,False
Monorail Silver,Sherwin Williams,Mass-Market,True,2,15,3.2545e-05,False
Steely Gray,Sherwin Williams,Mass-Market,True,2,11,1.44305e-05,False
Wall Street,Sherwin Williams,Mass-Market,False,2,11,0.0001505,False
Fleur de Sel,Sherwin Williams,Mass-Market,False,3,12,5.720666666666667e-05,False
Zircon,Sherwin Williams,Mass-Market,False,1,6,3.98e-07,False
March Wind,Sherwin Williams,Mass-Market,False,2,10,0.00012560000000000002,False
Summit Gray,Sherwin Williams,Mass-Market,True,2,11,2.4100000000000003e-05,False
Gray Shingle,Sherwin Williams,Mass-Market,True,2,12,1.45775e-05,False
On the Rocks,Sherwin Williams,Mass-Market,False,3,12,0.020618,False
Knitting Needles,Sherwin Williams,Mass-Market,False,2,16,3.915000000000001e-06,False
Pewter Cast,Sherwin Williams,Mass-Market,False,2,11,3.1151499999999995e-05,False
Peppercorn,Sherwin Williams,Mass-Market,False,1,10,1.86e-07,False
Sealskin,Sherwin Williams,Mass-Market,False,1,8,4.07e-08,False
Paper Lantern,Sherwin Williams,Mass-Market,False,2,13,6.0535e-05,False
Gold Vessel,Sherwin Williams,Mass-Market,True,2,11,8.329999999999999e-05,False
Cottage Cream,Sherwin Williams,Mass-Market,True,2,13,2.5849999999999998e-05,False
Golden Gate,Sherwin Williams,Mass-Market,True,2,11,3.815e-05,False
Lanyard,Sherwin Williams,Mass-Market,False,1,7,4.47e-07,False
Tea Light,Sherwin Williams,Mass-Market,False,2,9,0.00013385,False
Bee's Wax,Sherwin Williams,Mass-Market,False,2,9,4.359e-06,False
Buff,Sherwin Williams,Mass-Market,False,1,4,3.89e-06,False
Concord Buff,Sherwin Williams,Mass-Market,False,2,12,3.4200000000000003e-06,False
White Raisin,Sherwin Williams,Mass-Market,True,2,12,0.00016251000000000001,False
Hinoki,Sherwin Williams,Mass-Market,False,1,6,2.95e-08,False
August Moon,Sherwin Williams,Mass-Market,False,2,11,8.805e-05,False
Sundew,Sherwin Williams,Mass-Market,False,1,6,4.07e-08,False
Row House Tan,Sherwin Williams,Mass-Market,True,3,13,0.00018766666666666668,False
Townhall Tan,Sherwin Williams,Mass-Market,True,2,12,5.183e-06,False
Biltmore Buff,Sherwin Williams,Mass-Market,False,2,13,2.1225e-06,False
Cupola Yellow,Sherwin Williams,Mass-Market,True,2,13,2.47395e-05,False
Stonebriar,Sherwin Williams,Mass-Market,False,1,10,1.05e-08,False
Dromedary Camel,Sherwin Williams,Mass-Market,False,2,15,2.2424999999999997e-06,False
Mesa Tan,Sherwin Williams,Mass-Market,True,2,8,6.68e-06,False
Toasted Pine Nut,Sherwin Williams,Mass-Market,False,3,16,8.473333333333334e-06,False
Safari,Sherwin Williams,Mass-Market,False,1,6,4.27e-06,False
Straw Harvest,Sherwin Williams,Mass-Market,False,2,13,1.0235e-05,False
Rustic City,Sherwin Williams,Mass-Market,False,2,11,0.00020467,False
Olde World Gold,Sherwin Williams,Mass-Market,True,3,15,0.0003082103333333333,False
Cavern Clay,Sherwin Williams,Mass-Market,False,2,11,1.035e-05,False
Spiced Cider,Sherwin Williams,Mass-Market,False,2,12,2.1049999999999998e-06,False
Earthen Jug,Sherwin Williams,Mass-Market,False,2,11,1.346e-06,False
Tower Tan,Sherwin Williams,Mass-Market,True,2,9,2.09e-05,False
Wheat Penny,Sherwin Williams,Mass-Market,False,2,11,1.095e-05,False
Copper Wire,Sherwin Williams,Mass-Market,True,2,11,2.275e-05,False
Copper Pot,Sherwin Williams,Mass-Market,True,2,10,2.1850000000000003e-05,False
Brandywine,Sherwin Williams,Mass-Market,False,1,10,2.82e-07,False
Pueblo,Sherwin Williams,Mass-Market,False,1,6,1.7e-06,False
Townhouse Tan,Sherwin Williams,Mass-Market,True,2,13,5.675000000000001e-06,False
Tawny Tan,Sherwin Williams,Mass-Market,True,2,9,5.394500000000001e-06,False
Oak Barrel,Sherwin Williams,Mass-Market,False,2,10,1.4950000000000001e-05,False
Pottery Urn,Sherwin Williams,Mass-Market,False,2,11,3.3750000000000003e-06,False
Croissant,Sherwin Williams,Mass-Market,False,1,9,6.03e-07,False
Ligonier Tan,Sherwin Williams,Mass-Market,True,2,12,5.1354e-06,False
Oak Creek,Sherwin Williams,Mass-Market,False,2,9,1.925e-05,False
Fresco Cream,Sherwin Williams,Mass-Market,True,2,12,2.1465e-05,False
Deer Valley,Sherwin Williams,Mass-Market,False,2,11,3.285e-05,False
Crescent Cream,Sherwin Williams,Mass-Market,True,2,14,2.2709999999999998e-05,False
Travertine,Sherwin Williams,Mass-Market,False,1,10,2.09e-07,False
Colony Buff,Sherwin Williams,Mass-Market,False,2,11,8.545e-06,False
Canoe,Sherwin Williams,Mass-Market,False,1,5,3.16e-06,False
Yearling,Sherwin Williams,Mass-Market,False,1,8,4.79e-07,False
Lemon Verbena,Sherwin Williams,Mass-Market,False,2,13,6.4e-06,False
Koi Pond,Sherwin Williams,Mass-Market,False,2,8,5.36e-06,False
Green Sprout,Sherwin Williams,Mass-Market,True,2,12,6.8145e-05,False
Edamame,Sherwin Williams,Mass-Market,False,1,7,1.41e-07,False
Forestwood,Sherwin Williams,Mass-Market,False,1,10,0.0,False
San Antonio Sage,Sherwin Williams,Mass-Market,True,3,16,3.828666666666667e-05,False
Lemongrass,Sherwin Williams,Mass-Market,False,1,10,2.69e-07,False
Bamboo Shoot,Sherwin Williams,Mass-Market,False,2,12,2.9085e-05,False
Olive Grove,Sherwin Williams,Mass-Market,True,2,11,1.0505e-05,False
Palm Leaf,Sherwin Williams,Mass-Market,False,2,9,1.6800000000000002e-05,False
Garden Sage,Sherwin Williams,Mass-Market,True,2,11,3.283e-05,False
Meadow Trail,Sherwin Williams,Mass-Market,False,2,12,1.609e-05,False
Cargo Pants,Sherwin Williams,Mass-Market,False,2,11,2.285e-05,False
Herbal Wash,Sherwin Williams,Mass-Market,False,2,11,1.5545e-05,False
Messenger Bag,Sherwin Williams,Mass-Market,False,2,13,3.5304999999999995e-05,False
Willow Tree,Sherwin Williams,Mass-Market,False,2,11,3.785e-05,False
Agate Green,Sherwin Williams,Mass-Market,True,2,11,6.7823e-05,False
Mountain Road,Sherwin Williams,Mass-Market,False,2,13,0.00011385,False
Zeus,Sherwin Williams,Mass-Market,False,1,4,3.47e-06,False
Muddled Basil,Sherwin Williams,Mass-Market,False,2,13,2.6055000000000003e-06,False
Rushing River,Sherwin Williams,Mass-Market,False,2,13,5.7954999999999997e-05,False
Recycled Glass,Sherwin Williams,Mass-Market,False,2,14,3.7215e-05,False
Green Earth,Sherwin Williams,Mass-Market,True,2,11,0.000125,False
Laurel Woods,Sherwin Williams,Mass-Market,False,2,12,1.6235e-05,False
Olympic Range,Sherwin Williams,Mass-Market,False,2,13,8.145e-05,False
High Reflective White,Sherwin Williams,Mass-Market,True,3,21,0.0002966,False
Shell White,Sherwin Williams,Mass-Market,True,2,11,0.00017425,False
Audrey's Blush,Sherwin Williams,Mass-Market,False,2,14,1.8795e-06,False
Carley's Rose,Sherwin Williams,Mass-Market,True,2,13,3.305e-05,False
Rita's Rouge,Sherwin Williams,Mass-Market,False,2,12,2.429e-06,False
Coral Rose,Sherwin Williams,Mass-Market,True,2,10,3.667e-05,False
Coral Clay,Sherwin Williams,Mass-Market,True,2,10,1.3369999999999999e-05,False
Rojo Dust,Sherwin Williams,Mass-Market,False,2,9,1.3306000000000001e-05,False
Melón Meloso,Sherwin Williams,Mass-Market,False,2,12,0.0,False
Bellini Fizz,Sherwin Williams,Mass-Market,False,2,12,6.809999999999999e-07,False
Subdued Sienna,Sherwin Williams,Mass-Market,True,2,14,1.6365e-06,False
Windswept Canyon,Sherwin Williams,Mass-Market,False,2,16,4.6975e-06,False
Sun Bleached Ochre,Sherwin Williams,Mass-Market,True,3,18,3.1620000000000006e-05,False
Polvo de Oro,Sherwin Williams,Mass-Market,False,3,12,5.694293333333334e-05,False
Olden Amber,Sherwin Williams,Mass-Market,True,2,11,5.011e-06,False
Pollen Powder,Sherwin Williams,Mass-Market,False,2,13,1.0375e-05,False
They call it Mellow,Sherwin Williams,Mass-Market,False,4,19,0.0030990225,False
La Luna Amarilla,Sherwin Williams,Mass-Market,False,3,16,3.87349e-05,False
Sunny Veranda,Sherwin Williams,Mass-Market,False,2,13,6.238e-06,False
Honey Bees,Sherwin Williams,Mass-Market,False,2,10,1.626e-05,False
Golden Plumeria,Sherwin Williams,Mass-Market,True,2,15,2.342685e-05,False
Rayo de Sol,Sherwin Williams,Mass-Market,False,3,11,5.839166666666667e-05,False
Naples Yellow,Sherwin Williams,Mass-Market,True,2,13,2.6634999999999998e-05,False
Yellow Bird,Sherwin Williams,Mass-Market,True,2,11,4.585e-05,False
Dakota Wheat,Sherwin Williams,Mass-Market,False,2,12,1.125e-05,False
Vintage Gold,Sherwin Williams,Mass-Market,True,2,12,8.154999999999999e-05,False
Coriander Powder,Sherwin Williams,Mass-Market,False,2,16,9.345499999999999e-06,False
Tarnished Trumpet,Sherwin Williams,Mass-Market,False,2,17,2.3455e-06,False
Pale Moss,Sherwin Williams,Mass-Market,False,2,9,9.88e-06,False
Dusted Olive,Sherwin Williams,Mass-Market,True,2,12,6.795e-06,False
Cool Avocado,Sherwin Williams,Mass-Market,False,2,12,7.191000000000001e-05,False
Limón Fresco,Sherwin Williams,Mass-Market,False,2,12,6.575500000000001e-07,False
Primavera,Sherwin Williams,Mass-Market,False,1,9,2.75e-07,False
Stay in Lime,Sherwin Williams,Mass-Market,False,3,12,0.0062737466666666665,False
Oh Pistachio,Sherwin Williams,Mass-Market,False,2,12,0.0001347875,False
Seawashed Glass,Sherwin Williams,Mass-Market,False,2,15,3.54e-05,False
Frosted Emerald,Sherwin Williams,Mass-Market,True,2,15,2.525e-06,False
Retro Mint,Sherwin Williams,Mass-Market,True,2,10,6.845e-06,False
Baby Bok Choy,Sherwin Williams,Mass-Market,False,3,13,6.112666666666667e-05,False
Cucuzza Verde,Sherwin Williams,Mass-Market,False,2,13,9.75e-07,False
Broccoflower,Sherwin Williams,Mass-Market,False,1,12,0.0,False
Reseda Green,Sherwin Williams,Mass-Market,True,2,12,6.75645e-05,False
Parisian Patina,Sherwin Williams,Mass-Market,False,2,15,1.1945e-06,False
Verdigreen,Sherwin Williams,Mass-Market,False,1,10,0.0,False
Aquastone,Sherwin Williams,Mass-Market,False,1,9,0.0,False
Little Blue Box,Sherwin Williams,Mass-Market,True,3,15,0.000269,False
Bora Bora Shore,Sherwin Williams,Mass-Market,False,3,15,7.993333333333332e-06,False
Gentle Aquamarine,Sherwin Williams,Mass-Market,False,2,17,7.562000000000001e-06,False
After the Rain,Sherwin Williams,Mass-Market,False,3,14,0.018347099999999998,False
Surfin',Sherwin Williams,Mass-Market,False,1,7,1.45e-07,False
Sky Fall,Sherwin Williams,Mass-Market,False,2,8,9.375e-05,False
Vintage Vessel,Sherwin Williams,Mass-Market,False,2,14,1.685e-05,False
Aquaverde,Sherwin Williams,Mass-Market,False,1,9,0.0,False
Blithe Blue,Sherwin Williams,Mass-Market,True,2,11,6.7651e-05,False
Agua Fría,Sherwin Williams,Mass-Market,False,2,9,2.875e-07,False
Little Boy Blu,Sherwin Williams,Mass-Market,False,3,14,0.00023854,False
Billowy Breeze,Sherwin Williams,Mass-Market,False,2,14,3.6606500000000003e-06,False
French Moire,Sherwin Williams,Mass-Market,False,2,12,6.154885e-05,True
Aquitaine,Sherwin Williams,Mass-Market,False,1,9,2.63e-07,False
Secret Cove,Sherwin Williams,Mass-Market,False,2,11,4.3785e-05,False
Silken Peacock,Sherwin Williams,Mass-Market,False,2,14,1.5835e-06,False
Connor's Lakefront,Sherwin Williams,Mass-Market,False,2,18,3.235e-07,False
Rest Assured,Sherwin Williams,Mass-Market,False,2,12,9.085000000000001e-05,False
Bluebird Feather,Sherwin Williams,Mass-Market,False,2,16,2.8564999999999997e-06,False
Porch Ceiling,Sherwin Williams,Mass-Market,False,2,13,1.109e-05,False
Bluesy Note,Sherwin Williams,Mass-Market,False,2,11,5.51345e-05,False
Perfect Periwinkle,Sherwin Williams,Mass-Market,False,2,18,7.91225e-05,False
Agapanthus,Sherwin Williams,Mass-Market,False,1,10,4.79e-08,False
Forever Lilac,Sherwin Williams,Mass-Market,True,2,13,2.8145000000000002e-05,False
Berry Frappé,Sherwin Williams,Mass-Market,False,2,12,4.67875e-06,False
Veri Berri,Sherwin Williams,Mass-Market,False,2,10,1.1055e-07,False
Baby Blue Eyes,Sherwin Williams,Mass-Market,True,3,14,0.00015966666666666668,False
Dyer's Woad,Sherwin Williams,Mass-Market,False,2,11,9.455e-08,False
Dried Lavender,Sherwin Williams,Mass-Market,True,2,14,6.874999999999999e-06,False
Dusty Heather,Sherwin Williams,Mass-Market,False,2,13,6.0450000000000006e-06,False
Gentle Grape,Sherwin Williams,Mass-Market,False,2,12,9.905000000000001e-06,False
Berry Cream,Sherwin Williams,Mass-Market,True,2,11,2.5515e-05,False
Ruby Violet,Sherwin Williams,Mass-Market,True,2,11,8.235e-06,False
Rosaline Pearl,Sherwin Williams,Mass-Market,False,2,14,6.94455e-06,False
Cocoa Berry,Sherwin Williams,Mass-Market,False,2,11,6.8500000000000005e-06,False
Velvety Chestnut,Sherwin Williams,Mass-Market,False,2,16,1.685e-06,False
Hushed Auburn,Sherwin Williams,Mass-Market,False,2,13,3.0505e-06,False
Redend Point,Sherwin Williams,Mass-Market,False,2,12,0.0001735,False
Chocolate Powder,Sherwin Williams,Mass-Market,False,2,16,2.435e-05,False
Dusted Truffle,Sherwin Williams,Mass-Market,False,2,14,1.22e-06,False
Cocoa Whip,Sherwin Williams,Mass-Market,False,2,10,7.2850000000000006e-06,False
Touch of Sand,Sherwin Williams,Mass-Market,False,3,13,0.008402933333333333,False
Cool Beige,Sherwin Williams,Mass-Market,True,2,10,7.15e-05,False
Smoky Beige,Sherwin Williams,Mass-Market,True,2,11,2.0699999999999997e-06,False
Utaupeia,Sherwin Williams,Mass-Market,False,1,8,0.0,False
Llama Wool,Sherwin Williams,Mass-Market,False,2,10,4.5105e-06,False
Caraïbe,Sherwin Williams,Mass-Market,False,1,7,0.0,False
Half‐Caff,Sherwin Williams,Mass-Market,False,1,9,7.24e-08,False
Iced Mocha,Sherwin Williams,Mass-Market,False,2,10,1.9175e-06,False
Nearly Brown,Sherwin Williams,Mass-Market,True,2,12,0.000101,False
Playa Arenosa,Sherwin Williams,Mass-Market,False,2,13,7.55e-07,False
Ginger Root,Sherwin Williams,Mass-Market,False,2,11,1.7105e-05,False
Beige Intenso,Sherwin Williams,Mass-Market,True,2,13,1.00535e-06,False
Soft Fawn,Sherwin Williams,Mass-Market,False,2,9,2.4475e-05,False
Baked Cookie,Sherwin Williams,Mass-Market,False,2,12,1.001e-05,False
Saddle Up,Sherwin Williams,Mass-Market,False,2,9,0.001227685,False
Umber Rust,Sherwin Williams,Mass-Market,True,2,10,2.8725e-06,False
Tres Naturale,Sherwin Williams,Mass-Market,False,2,13,6.249999999999999e-07,False
Quinoa,Sherwin Williams,Mass-Market,False,1,6,1.02e-06,False
Farro,Sherwin Williams,Mass-Market,False,1,5,1.07e-07,False
Woven Wicker,Sherwin Williams,Mass-Market,False,2,12,2.315e-06,False
Almond Roca,Sherwin Williams,Mass-Market,False,2,11,1.8570000000000002e-06,False
El Caramelo,Sherwin Williams,Mass-Market,False,2,11,1.815575e-05,False
Über Umber,Sherwin Williams,Mass-Market,True,2,10,4.31e-07,False
Double Latte,Sherwin Williams,Mass-Market,False,2,12,5.2e-05,False
Natural Linen,Sherwin Williams,Mass-Market,False,2,13,6.6535e-05,False
Malabar,Sherwin Williams,Mass-Market,False,1,7,4.27e-07,False
Antler Velvet,Sherwin Williams,Mass-Market,False,2,13,3.1485e-06,False
Song Thrush,Sherwin Williams,Mass-Market,False,2,11,9.1338e-05,False
Mudslide,Sherwin Williams,Mass-Market,False,1,8,1.86e-07,False
Fallen Leaves,Sherwin Williams,Mass-Market,False,2,13,4.31e-05,False
Cowboy Boots,Sherwin Williams,Mass-Market,False,2,12,1.424e-05,False
Serengeti Grass,Sherwin Williams,Mass-Market,False,2,15,1.21945e-05,False
Urban Jungle,Sherwin Williams,Mass-Market,False,2,12,2.8950000000000002e-05,False
Tarnished Treasure,Sherwin Williams,Mass-Market,False,2,18,7.8455e-06,False
Dirty Martini,Sherwin Williams,Mass-Market,False,2,13,1.868e-05,False
Tumblin' Tumbleweed,Sherwin Williams,Mass-Market,False,2,19,1.9385e-07,False
Sawgrass Basket,Sherwin Williams,Mass-Market,False,2,15,5.9189999999999996e-06,False
Dried Edamame,Sherwin Williams,Mass-Market,False,2,13,5.5705e-06,False
Barro Verde,Sherwin Williams,Mass-Market,False,2,11,1.0425e-06,False
Verde Marrón,Sherwin Williams,Mass-Market,False,2,12,9.75e-07,False
Oliva Oscuro,Sherwin Williams,Mass-Market,False,2,12,1.3175e-07,False
Honed Soapstone,Sherwin Williams,Mass-Market,False,2,15,6.57e-07,False
At Ease Soldier,Sherwin Williams,Mass-Market,False,3,15,0.0016868999999999999,False
Green Onyx,Sherwin Williams,Mass-Market,True,2,10,6.79885e-05,False
Jade Dragon,Sherwin Williams,Mass-Market,True,2,11,1.5865e-05,False
Evergreen Fog,Sherwin Williams,Mass-Market,False,2,13,5.255e-06,False
Cornwall Slate,Sherwin Williams,Mass-Market,True,2,14,6.25e-06,True
Acacia Haze,Sherwin Williams,Mass-Market,False,2,11,1.8249999999999999e-06,False
Jasper Stone,Sherwin Williams,Mass-Market,False,2,12,3.3495000000000004e-05,False
Delft,Sherwin Williams,Mass-Market,False,1,5,5.25e-07,False
Whirlpool,Sherwin Williams,Mass-Market,False,1,9,9.77e-07,False
Lullaby,Sherwin Williams,Mass-Market,False,1,7,1.2e-06,False
Niebla Azul,Sherwin Williams,Mass-Market,False,2,11,2.5785e-07,False
Stardew,Sherwin Williams,Mass-Market,False,1,7,1.38e-07,False
Debonair,Sherwin Williams,Mass-Market,False,1,8,2.14e-07,False
Blustery Sky,Sherwin Williams,Mass-Market,False,2,12,2.6397500000000003e-05,False
Waterloo,Sherwin Williams,Mass-Market,False,1,8,3.31e-06,False
Moscow Midnight,Sherwin Williams,Mass-Market,False,2,15,2.335e-05,False
Cadet,Sherwin Williams,Mass-Market,False,1,5,2.24e-06,False
Moonmist,Sherwin Williams,Mass-Market,False,1,8,0.0,False
Sleepy Hollow,Sherwin Williams,Mass-Market,False,2,13,6.85e-06,False
Faded Flaxflower,Sherwin Williams,Mass-Market,False,2,16,2.685e-06,False
Favorite Jeans,Sherwin Williams,Mass-Market,False,2,14,5.28e-05,False
Smoky Azurite,Sherwin Williams,Mass-Market,False,2,13,1.11355e-06,False
Inky Blue,Sherwin Williams,Mass-Market,True,2,9,6.7699e-05,False
Endless Sea,Sherwin Williams,Mass-Market,False,2,11,6.505e-05,False
Daphne,Sherwin Williams,Mass-Market,False,1,6,1.82e-06,False
Let it Rain,Sherwin Williams,Mass-Market,False,3,11,0.0031197666666666663,False
Moonlit Orchid,Sherwin Williams,Mass-Market,False,2,14,1.2135e-06,False
Perle Noir,Sherwin Williams,Mass-Market,False,2,10,1.589e-06,False
Slate Violet,Sherwin Williams,Mass-Market,True,2,12,6.7650000000000005e-06,False
Gris Morado,Sherwin Williams,Mass-Market,False,2,11,2.247e-07,False
Autumn Orchid,Sherwin Williams,Mass-Market,False,2,13,1.01e-05,False
Coquina,Sherwin Williams,Mass-Market,False,1,7,4.9e-08,False
Auger Shell,Sherwin Williams,Mass-Market,False,2,11,1.25445e-05,False
Armadillo,Sherwin Williams,Mass-Market,False,1,9,5.01e-07,False
Dustblu,Sherwin Williams,Mass-Market,False,1,7,0.0,False
African Gray,Sherwin Williams,Mass-Market,True,2,12,4.7149999999999994e-05,False
Tin Lizzie,Sherwin Williams,Mass-Market,False,2,10,6.445e-06,False
Illusive Green,Sherwin Williams,Mass-Market,True,2,14,6.7591e-05,False
Gossamer Veil,Sherwin Williams,Mass-Market,False,2,13,2.4225e-06,False
Drift of Mist,Sherwin Williams,Mass-Market,False,3,13,0.00837043,False
Polished Concrete,Sherwin Williams,Mass-Market,False,2,17,1.6625e-05,False
Elephant Ear,Sherwin Williams,Mass-Market,False,2,12,1.945e-05,False
Chatura Gray,Sherwin Williams,Mass-Market,True,2,12,1.41e-05,False
Acier,Sherwin Williams,Mass-Market,False,1,5,2.24e-08,False
Felted Wool,Sherwin Williams,Mass-Market,False,2,11,4.1405e-06,False
Studio Clay,Sherwin Williams,Mass-Market,False,2,11,3.26e-05,False
Shiitake,Sherwin Williams,Mass-Market,False,1,8,1.48e-07,False
Moth Wing,Sherwin Williams,Mass-Market,False,2,9,2.193e-05,False
Deep Forest Brown,Sherwin Williams,Mass-Market,True,3,17,8.803333333333332e-05,False
Dress Blues,Sherwin Williams,Mass-Market,False,2,11,3.97e-05,False
Salty Dog,Sherwin Williams,Mass-Market,False,2,9,6.575e-05,False
In the Navy,Sherwin Williams,Mass-Market,True,3,11,0.024112399999999996,False
Anchors Aweigh,Sherwin Williams,Mass-Market,False,2,14,1.36895e-06,False
Aged White,Sherwin Williams,Mass-Market,True,2,10,0.0001778,False
Rojo Marrón,Sherwin Williams,Mass-Market,False,2,11,4.56e-07,False
Dark Clove,Sherwin Williams,Mass-Market,False,2,10,5.54065e-05,False
Foxhall Green,Sherwin Williams,Mass-Market,True,2,13,6.752395e-05,False
Marea Baja,Sherwin Williams,Mass-Market,False,2,10,6.6795e-07,False
Caramelized,Sherwin Williams,Mass-Market,False,1,11,3.16e-07,False
